-- phpMyAdmin SQL Dump
-- version 5.2.2
-- https://www.phpmyadmin.net/
--
-- Host: 127.0.0.1:3306
-- Generation Time: Aug 05, 2025 at 07:45 AM
-- Server version: 10.11.10-MariaDB-log
-- PHP Version: 7.2.34

SET SQL_MODE = "NO_AUTO_VALUE_ON_ZERO";
START TRANSACTION;
SET time_zone = "+00:00";


/*!40101 SET @OLD_CHARACTER_SET_CLIENT=@@CHARACTER_SET_CLIENT */;
/*!40101 SET @OLD_CHARACTER_SET_RESULTS=@@CHARACTER_SET_RESULTS */;
/*!40101 SET @OLD_COLLATION_CONNECTION=@@COLLATION_CONNECTION */;
/*!40101 SET NAMES utf8mb4 */;

--
-- Database: `u939508438_student_portal`
--

-- --------------------------------------------------------

--
-- Table structure for table `admin_notifications`
--

CREATE TABLE `admin_notifications` (
  `id` int(11) NOT NULL,
  `admin_id` int(11) NOT NULL,
  `title` varchar(255) DEFAULT NULL,
  `message` text DEFAULT NULL,
  `is_read` tinyint(1) DEFAULT 0,
  `created_at` datetime DEFAULT current_timestamp()
) ENGINE=InnoDB DEFAULT CHARSET=utf8mb4 COLLATE=utf8mb4_unicode_ci;

-- --------------------------------------------------------

--
-- Table structure for table `announcements`
--

CREATE TABLE `announcements` (
  `id` int(10) UNSIGNED NOT NULL,
  `date` date NOT NULL,
  `title` varchar(200) NOT NULL,
  `message` text NOT NULL
) ENGINE=InnoDB DEFAULT CHARSET=utf8mb4 COLLATE=utf8mb4_general_ci;

-- --------------------------------------------------------

--
-- Table structure for table `art_groups`
--

CREATE TABLE `art_groups` (
  `id` int(10) UNSIGNED NOT NULL,
  `slug` varchar(50) DEFAULT NULL,
  `label` varchar(100) CHARACTER SET utf8mb4 COLLATE utf8mb4_general_ci NOT NULL,
  `sort_order` int(11) NOT NULL
) ENGINE=InnoDB DEFAULT CHARSET=utf8mb4 COLLATE=utf8mb4_unicode_ci;

--
-- Dumping data for table `art_groups`
--

INSERT INTO `art_groups` (`id`, `slug`, `label`, `sort_order`) VALUES
(1, 'beginners', 'Oil Pastels- Beginners', 1),
(2, 'smudging', 'Oil Pastels-Smudging', 2),
(3, 'basic-drawing', 'Oil Pastels-Basic Drawing', 3),
(4, 'enhanced', 'Oil Pastels-Enhanced', 4),
(5, 'color-pencil', 'Color Pencil', 5),
(6, 'pencil-shading', 'Pencil Sketch', 6),
(8, 'portait', 'Portrait', 7),
(9, 'watercolor', 'WaterColor', 8),
(10, 'Acrylic', 'Acrylic', 9),
(11, 'oil painting', 'Oil Painting', 10);

-- --------------------------------------------------------

--
-- Table structure for table `attendance`
--

CREATE TABLE `attendance` (
  `att_id` int(10) UNSIGNED NOT NULL,
  `student_id` int(10) UNSIGNED NOT NULL,
  `date` date NOT NULL,
  `status` enum('Present','Absent','Compensation') NOT NULL,
  `is_compensation` tinyint(1) NOT NULL DEFAULT 0,
  `compensation_request_id` int(11) DEFAULT NULL,
  `is_video_comp` tinyint(1) NOT NULL DEFAULT 0
) ENGINE=InnoDB DEFAULT CHARSET=utf8mb4 COLLATE=utf8mb4_general_ci;

--
-- Dumping data for table `attendance`
--

INSERT INTO `attendance` (`att_id`, `student_id`, `date`, `status`, `is_compensation`, `compensation_request_id`, `is_video_comp`) VALUES
(2, 185, '2025-06-05', 'Present', 0, NULL, 0),
(4, 181, '2025-06-05', 'Present', 0, NULL, 0),
(5, 182, '2025-06-05', 'Present', 0, NULL, 0),
(6, 183, '2025-06-05', 'Present', 0, NULL, 0),
(7, 178, '2025-06-05', 'Present', 0, NULL, 0),
(9, 185, '2025-06-12', 'Present', 0, NULL, 0),
(11, 181, '2025-06-12', 'Present', 0, NULL, 0),
(12, 182, '2025-06-12', 'Present', 0, NULL, 0),
(13, 183, '2025-06-12', 'Present', 0, NULL, 0),
(14, 178, '2025-06-12', 'Present', 0, NULL, 0),
(15, 177, '2025-06-12', 'Present', 0, NULL, 0),
(256, 187, '2025-06-05', 'Present', 0, NULL, 0),
(257, 187, '2025-06-12', 'Present', 0, NULL, 0),
(273, 187, '2025-06-19', 'Present', 0, NULL, 0),
(274, 185, '2025-06-19', 'Present', 0, NULL, 0),
(275, 178, '2025-06-19', 'Present', 0, NULL, 0),
(276, 182, '2025-06-19', 'Present', 0, NULL, 0),
(277, 181, '2025-06-19', 'Present', 0, NULL, 0),
(278, 183, '2025-06-19', 'Present', 0, NULL, 0),
(282, 201, '2025-06-06', 'Present', 0, NULL, 0),
(283, 197, '2025-06-06', 'Absent', 0, NULL, 0),
(284, 200, '2025-06-06', 'Present', 0, NULL, 0),
(285, 191, '2025-06-06', 'Present', 0, NULL, 0),
(286, 199, '2025-06-06', 'Present', 0, NULL, 0),
(287, 194, '2025-06-06', 'Present', 0, NULL, 0),
(288, 196, '2025-06-06', 'Present', 0, NULL, 0),
(289, 203, '2025-06-06', 'Present', 0, NULL, 0),
(290, 195, '2025-06-06', 'Present', 0, NULL, 0),
(292, 204, '2025-06-06', 'Present', 0, NULL, 0),
(293, 205, '2025-06-06', 'Present', 0, NULL, 0),
(294, 202, '2025-06-06', 'Present', 0, NULL, 0),
(295, 198, '2025-06-06', 'Absent', 0, NULL, 0),
(296, 198, '2025-06-07', 'Compensation', 0, NULL, 0),
(297, 197, '2025-06-08', 'Compensation', 0, NULL, 0),
(311, 201, '2025-06-20', 'Present', 0, NULL, 0),
(312, 197, '2025-06-20', 'Present', 0, NULL, 0),
(313, 200, '2025-06-20', 'Present', 0, NULL, 0),
(314, 191, '2025-06-20', 'Present', 0, NULL, 0),
(315, 199, '2025-06-20', 'Present', 0, NULL, 0),
(316, 194, '2025-06-20', 'Present', 0, NULL, 0),
(317, 196, '2025-06-20', 'Present', 0, NULL, 0),
(318, 203, '2025-06-20', 'Absent', 0, NULL, 0),
(319, 195, '2025-06-20', 'Present', 0, NULL, 0),
(320, 204, '2025-06-20', 'Present', 0, NULL, 0),
(321, 205, '2025-06-20', 'Present', 0, NULL, 0),
(322, 202, '2025-06-20', 'Present', 0, NULL, 0),
(323, 198, '2025-06-20', 'Present', 0, NULL, 0),
(324, 201, '2025-06-13', 'Present', 0, NULL, 0),
(325, 197, '2025-06-13', 'Present', 0, NULL, 0),
(326, 200, '2025-06-13', 'Present', 0, NULL, 0),
(327, 191, '2025-06-13', 'Present', 0, NULL, 0),
(328, 199, '2025-06-13', 'Present', 0, NULL, 0),
(329, 194, '2025-06-13', 'Present', 0, NULL, 0),
(330, 196, '2025-06-13', 'Present', 0, NULL, 0),
(331, 203, '2025-06-13', 'Present', 0, NULL, 0),
(332, 195, '2025-06-13', 'Present', 0, NULL, 0),
(333, 204, '2025-06-13', 'Present', 0, NULL, 0),
(334, 205, '2025-06-13', 'Present', 0, NULL, 0),
(335, 202, '2025-06-13', 'Present', 0, NULL, 0),
(336, 198, '2025-06-13', 'Absent', 0, NULL, 0),
(339, 198, '2025-06-15', 'Compensation', 0, NULL, 0),
(340, 208, '2025-06-05', 'Present', 0, NULL, 0),
(341, 208, '2025-06-12', 'Present', 0, NULL, 0),
(342, 208, '2025-06-19', 'Present', 0, NULL, 0),
(343, 209, '2025-06-06', 'Present', 0, NULL, 0),
(344, 209, '2025-06-13', 'Present', 0, NULL, 0),
(345, 209, '2025-06-20', 'Absent', 0, NULL, 0),
(347, 207, '2025-06-07', 'Present', 0, NULL, 0),
(348, 207, '2025-06-15', 'Present', 0, NULL, 0),
(349, 206, '2025-06-16', 'Present', 0, NULL, 0),
(350, 206, '2025-06-14', 'Present', 0, NULL, 0),
(351, 206, '2025-06-21', 'Present', 0, NULL, 0),
(352, 206, '2025-06-02', 'Present', 0, NULL, 0),
(370, 212, '2025-06-01', 'Present', 0, NULL, 0),
(371, 210, '2025-06-01', 'Absent', 0, NULL, 0),
(372, 231, '2025-06-01', 'Present', 0, NULL, 0),
(373, 211, '2025-06-01', 'Present', 0, NULL, 0),
(374, 212, '2025-06-08', 'Present', 0, NULL, 0),
(375, 210, '2025-06-08', 'Present', 0, NULL, 0),
(376, 231, '2025-06-08', 'Present', 0, NULL, 0),
(377, 211, '2025-06-08', 'Present', 0, NULL, 0),
(378, 212, '2025-06-15', 'Present', 0, NULL, 0),
(379, 210, '2025-06-15', 'Present', 0, NULL, 0),
(380, 231, '2025-06-15', 'Present', 0, NULL, 0),
(381, 211, '2025-06-15', 'Present', 0, NULL, 0),
(382, 212, '2025-06-22', 'Absent', 0, NULL, 0),
(383, 210, '2025-06-22', 'Present', 0, NULL, 0),
(384, 231, '2025-06-22', 'Present', 0, NULL, 0),
(385, 211, '2025-06-22', 'Present', 0, NULL, 0),
(412, 225, '2025-06-01', 'Present', 0, NULL, 0),
(413, 217, '2025-06-01', 'Present', 0, NULL, 0),
(414, 229, '2025-06-01', 'Present', 0, NULL, 0),
(415, 222, '2025-06-01', 'Present', 0, NULL, 0),
(416, 213, '2025-06-01', 'Present', 0, NULL, 0),
(417, 223, '2025-06-01', 'Present', 0, NULL, 0),
(418, 218, '2025-06-01', 'Absent', 0, NULL, 0),
(419, 228, '2025-06-01', 'Present', 0, NULL, 0),
(420, 216, '2025-06-01', 'Present', 0, NULL, 0),
(421, 215, '2025-06-01', 'Absent', 0, NULL, 0),
(422, 227, '2025-06-01', 'Absent', 0, NULL, 0),
(423, 219, '2025-06-01', 'Present', 0, NULL, 0),
(424, 214, '2025-06-01', 'Present', 0, NULL, 0),
(425, 220, '2025-06-01', 'Present', 0, NULL, 0),
(426, 230, '2025-06-01', 'Present', 0, NULL, 0),
(427, 224, '2025-06-01', 'Absent', 0, NULL, 0),
(428, 221, '2025-06-01', 'Present', 0, NULL, 0),
(429, 226, '2025-06-01', 'Present', 0, NULL, 0),
(434, 225, '2025-06-08', 'Present', 0, NULL, 0),
(435, 217, '2025-06-08', 'Present', 0, NULL, 0),
(436, 229, '2025-06-08', 'Present', 0, NULL, 0),
(437, 222, '2025-06-08', 'Absent', 0, NULL, 0),
(438, 213, '2025-06-08', 'Present', 0, NULL, 0),
(439, 223, '2025-06-08', 'Absent', 0, NULL, 0),
(440, 218, '2025-06-08', 'Present', 0, NULL, 0),
(441, 228, '2025-06-08', 'Present', 0, NULL, 0),
(442, 216, '2025-06-08', 'Present', 0, NULL, 0),
(443, 215, '2025-06-08', 'Present', 0, NULL, 0),
(444, 227, '2025-06-08', 'Present', 0, NULL, 0),
(445, 219, '2025-06-08', 'Absent', 0, NULL, 0),
(446, 214, '2025-06-08', 'Present', 0, NULL, 0),
(447, 220, '2025-06-08', 'Present', 0, NULL, 0),
(448, 230, '2025-06-08', 'Present', 0, NULL, 0),
(449, 224, '2025-06-08', 'Absent', 0, NULL, 0),
(450, 221, '2025-06-08', 'Present', 0, NULL, 0),
(451, 226, '2025-06-08', 'Present', 0, NULL, 0),
(457, 474, '2025-06-25', 'Present', 0, NULL, 0),
(458, 189, '2025-06-25', 'Present', 0, NULL, 0),
(459, 188, '2025-06-25', 'Present', 0, NULL, 0),
(460, 474, '2025-06-18', 'Present', 0, NULL, 0),
(461, 189, '2025-06-18', 'Present', 0, NULL, 0),
(462, 188, '2025-06-18', 'Present', 0, NULL, 0),
(463, 474, '2025-06-11', 'Absent', 0, NULL, 0),
(464, 189, '2025-06-11', 'Absent', 0, NULL, 0),
(465, 188, '2025-06-11', 'Absent', 0, NULL, 0),
(466, 474, '2025-06-06', 'Compensation', 0, NULL, 0),
(467, 189, '2025-06-06', 'Compensation', 0, NULL, 0),
(468, 474, '2025-06-04', 'Absent', 0, NULL, 0),
(469, 189, '2025-06-04', 'Absent', 0, NULL, 0),
(470, 188, '2025-06-04', 'Absent', 0, NULL, 0),
(474, 188, '2025-06-15', 'Compensation', 0, NULL, 0),
(493, 475, '2025-06-01', 'Absent', 0, NULL, 0),
(494, 449, '2025-06-01', 'Present', 0, NULL, 0),
(495, 452, '2025-06-01', 'Present', 0, NULL, 0),
(496, 453, '2025-06-01', 'Present', 0, NULL, 0),
(497, 454, '2025-06-01', 'Present', 0, NULL, 0),
(498, 455, '2025-06-01', 'Present', 0, NULL, 0),
(499, 456, '2025-06-01', 'Present', 0, NULL, 0),
(500, 457, '2025-06-01', 'Absent', 0, NULL, 0),
(501, 459, '2025-06-01', 'Present', 0, NULL, 0),
(502, 460, '2025-06-01', 'Absent', 0, NULL, 0),
(503, 461, '2025-06-01', 'Present', 0, NULL, 0),
(504, 462, '2025-06-01', 'Present', 0, NULL, 0),
(505, 448, '2025-06-01', 'Present', 0, NULL, 0),
(506, 463, '2025-06-01', 'Present', 0, NULL, 0),
(507, 464, '2025-06-01', 'Present', 0, NULL, 0),
(508, 465, '2025-06-01', 'Present', 0, NULL, 0),
(509, 466, '2025-06-01', 'Present', 0, NULL, 0),
(510, 467, '2025-06-01', 'Present', 0, NULL, 0),
(511, 475, '2025-06-08', 'Present', 0, NULL, 0),
(512, 449, '2025-06-08', 'Present', 0, NULL, 0),
(513, 452, '2025-06-08', 'Present', 0, NULL, 0),
(514, 453, '2025-06-08', 'Present', 0, NULL, 0),
(515, 454, '2025-06-08', 'Absent', 0, NULL, 0),
(516, 455, '2025-06-08', 'Present', 0, NULL, 0),
(517, 456, '2025-06-08', 'Absent', 0, NULL, 0),
(518, 457, '2025-06-08', 'Present', 0, NULL, 0),
(519, 459, '2025-06-08', 'Present', 0, NULL, 0),
(520, 460, '2025-06-08', 'Present', 0, NULL, 0),
(521, 461, '2025-06-08', 'Absent', 0, NULL, 0),
(522, 462, '2025-06-08', 'Present', 0, NULL, 0),
(523, 448, '2025-06-08', 'Present', 0, NULL, 0),
(524, 463, '2025-06-08', 'Present', 0, NULL, 0),
(525, 464, '2025-06-08', 'Present', 0, NULL, 0),
(526, 465, '2025-06-08', 'Absent', 0, NULL, 0),
(527, 466, '2025-06-08', 'Present', 0, NULL, 0),
(528, 467, '2025-06-08', 'Present', 0, NULL, 0),
(529, 475, '2025-06-15', 'Present', 0, NULL, 0),
(530, 449, '2025-06-15', 'Present', 0, NULL, 0),
(531, 452, '2025-06-15', 'Present', 0, NULL, 0),
(532, 453, '2025-06-15', 'Absent', 0, NULL, 0),
(533, 454, '2025-06-15', 'Present', 0, NULL, 0),
(534, 455, '2025-06-15', 'Present', 0, NULL, 0),
(535, 456, '2025-06-15', 'Absent', 0, NULL, 0),
(536, 457, '2025-06-15', 'Present', 0, NULL, 0),
(537, 459, '2025-06-15', 'Present', 0, NULL, 0),
(538, 460, '2025-06-15', 'Present', 0, NULL, 0),
(539, 461, '2025-06-15', 'Absent', 0, NULL, 0),
(540, 462, '2025-06-15', 'Absent', 0, NULL, 0),
(542, 463, '2025-06-15', 'Present', 0, NULL, 0),
(543, 464, '2025-06-15', 'Present', 0, NULL, 0),
(544, 465, '2025-06-15', 'Present', 0, NULL, 0),
(545, 466, '2025-06-15', 'Present', 0, NULL, 0),
(546, 467, '2025-06-15', 'Absent', 0, NULL, 0),
(547, 475, '2025-06-22', 'Present', 0, NULL, 0),
(548, 449, '2025-06-22', 'Present', 0, NULL, 0),
(549, 452, '2025-06-22', 'Present', 0, NULL, 0),
(550, 453, '2025-06-22', 'Absent', 0, NULL, 0),
(551, 454, '2025-06-22', 'Present', 0, NULL, 0),
(552, 455, '2025-06-22', 'Present', 0, NULL, 0),
(553, 456, '2025-06-22', 'Present', 0, NULL, 0),
(554, 457, '2025-06-22', 'Present', 0, NULL, 0),
(555, 459, '2025-06-22', 'Present', 0, NULL, 0),
(556, 460, '2025-06-22', 'Absent', 0, NULL, 0),
(557, 461, '2025-06-22', 'Present', 0, NULL, 0),
(558, 462, '2025-06-22', 'Present', 0, NULL, 0),
(559, 448, '2025-06-22', 'Present', 0, NULL, 0),
(560, 463, '2025-06-22', 'Present', 0, NULL, 0),
(561, 464, '2025-06-22', 'Absent', 0, NULL, 0),
(562, 465, '2025-06-22', 'Present', 0, NULL, 0),
(563, 466, '2025-06-22', 'Absent', 0, NULL, 0),
(564, 467, '2025-06-22', 'Present', 0, NULL, 0),
(586, 447, '2025-06-11', 'Absent', 0, NULL, 0),
(587, 447, '2025-06-11', 'Compensation', 0, NULL, 1),
(591, 187, '2025-06-26', 'Present', 0, NULL, 0),
(592, 185, '2025-06-26', 'Present', 0, NULL, 0),
(593, 178, '2025-06-26', 'Present', 0, NULL, 0),
(594, 182, '2025-06-26', 'Present', 0, NULL, 0),
(595, 181, '2025-06-26', 'Present', 0, NULL, 0),
(596, 183, '2025-06-26', 'Present', 0, NULL, 0),
(598, 196, '2025-06-28', 'Compensation', 1, 45, 0),
(610, 201, '2025-06-27', 'Present', 0, NULL, 0),
(611, 197, '2025-06-27', 'Present', 0, NULL, 0),
(612, 200, '2025-06-27', 'Present', 0, NULL, 0),
(613, 199, '2025-06-27', 'Present', 0, NULL, 0),
(614, 194, '2025-06-27', 'Present', 0, NULL, 0),
(615, 196, '2025-06-27', 'Absent', 0, NULL, 0),
(616, 451, '2025-06-27', 'Present', 0, NULL, 0),
(617, 450, '2025-06-27', 'Present', 0, NULL, 0),
(618, 195, '2025-06-27', 'Present', 0, NULL, 0),
(619, 204, '2025-06-27', 'Present', 0, NULL, 0),
(620, 205, '2025-06-27', 'Present', 0, NULL, 0),
(621, 202, '2025-06-27', 'Present', 0, NULL, 0),
(622, 198, '2025-06-27', 'Present', 0, NULL, 0),
(623, 188, '2025-06-28', 'Compensation', 1, 46, 0),
(624, 476, '2025-06-28', 'Present', 0, NULL, 0),
(625, 473, '2025-06-28', 'Present', 0, NULL, 0),
(626, 472, '2025-06-28', 'Present', 0, NULL, 0),
(627, 468, '2025-06-28', 'Present', 0, NULL, 0),
(628, 469, '2025-06-28', 'Absent', 0, NULL, 0),
(629, 471, '2025-06-28', 'Present', 0, NULL, 0),
(630, 470, '2025-06-28', 'Absent', 0, NULL, 0),
(631, 448, '2025-06-15', 'Present', 0, NULL, 0),
(632, 482, '2025-06-15', 'Present', 0, NULL, 0),
(633, 482, '2025-06-07', 'Present', 0, NULL, 0),
(634, 482, '2025-06-14', 'Present', 0, NULL, 0),
(635, 482, '2025-06-28', 'Present', 0, NULL, 0),
(641, 479, '2025-06-22', 'Absent', 0, NULL, 0),
(642, 477, '2025-06-22', 'Present', 0, NULL, 0),
(643, 481, '2025-06-22', 'Present', 0, NULL, 0),
(644, 478, '2025-06-22', 'Present', 0, NULL, 0),
(645, 480, '2025-06-22', 'Present', 0, NULL, 0),
(646, 479, '2025-06-15', 'Present', 0, NULL, 0),
(647, 477, '2025-06-15', 'Present', 0, NULL, 0),
(648, 481, '2025-06-15', 'Present', 0, NULL, 0),
(649, 478, '2025-06-15', 'Present', 0, NULL, 0),
(650, 480, '2025-06-15', 'Present', 0, NULL, 0),
(651, 479, '2025-06-08', 'Present', 0, NULL, 0),
(652, 477, '2025-06-08', 'Present', 0, NULL, 0),
(653, 481, '2025-06-08', 'Present', 0, NULL, 0),
(654, 478, '2025-06-08', 'Present', 0, NULL, 0),
(655, 480, '2025-06-08', 'Present', 0, NULL, 0),
(656, 479, '2025-06-01', 'Present', 0, NULL, 0),
(657, 477, '2025-06-01', 'Present', 0, NULL, 0),
(658, 481, '2025-06-01', 'Present', 0, NULL, 0),
(659, 478, '2025-06-01', 'Present', 0, NULL, 0),
(660, 480, '2025-06-01', 'Present', 0, NULL, 0),
(661, 479, '2025-06-29', 'Present', 0, NULL, 0),
(662, 477, '2025-06-29', 'Present', 0, NULL, 0),
(663, 481, '2025-06-29', 'Present', 0, NULL, 0),
(664, 478, '2025-06-29', 'Absent', 0, NULL, 0),
(665, 480, '2025-06-29', 'Present', 0, NULL, 0),
(666, 475, '2025-06-29', 'Present', 0, NULL, 0),
(667, 449, '2025-06-29', 'Present', 0, NULL, 0),
(668, 452, '2025-06-29', 'Present', 0, NULL, 0),
(669, 453, '2025-06-29', 'Present', 0, NULL, 0),
(670, 454, '2025-06-29', 'Present', 0, NULL, 0),
(671, 455, '2025-06-29', 'Present', 0, NULL, 0),
(672, 456, '2025-06-29', 'Absent', 0, NULL, 0),
(673, 457, '2025-06-29', 'Present', 0, NULL, 0),
(674, 459, '2025-06-29', 'Present', 0, NULL, 0),
(675, 460, '2025-06-29', 'Present', 0, NULL, 0),
(676, 461, '2025-06-29', 'Present', 0, NULL, 0),
(677, 462, '2025-06-29', 'Absent', 0, NULL, 0),
(678, 463, '2025-06-29', 'Present', 0, NULL, 0),
(679, 464, '2025-06-29', 'Present', 0, NULL, 0),
(680, 465, '2025-06-29', 'Present', 0, NULL, 0),
(681, 466, '2025-06-29', 'Present', 0, NULL, 0),
(682, 467, '2025-06-29', 'Absent', 0, NULL, 0),
(683, 471, '2025-06-29', 'Compensation', 0, NULL, 0),
(690, 474, '2025-07-02', 'Absent', 0, NULL, 0),
(691, 189, '2025-07-02', 'Absent', 0, NULL, 0),
(692, 188, '2025-07-02', 'Present', 0, NULL, 0),
(712, 201, '2025-07-06', 'Compensation', 1, 47, 0),
(713, 205, '2025-07-06', 'Compensation', 1, 48, 0),
(723, 447, '2025-07-06', 'Absent', 0, NULL, 0),
(724, 479, '2025-07-06', 'Absent', 0, NULL, 0),
(725, 477, '2025-07-06', 'Absent', 0, NULL, 0),
(726, 481, '2025-07-06', 'Present', 0, NULL, 0),
(727, 478, '2025-07-06', 'Present', 0, NULL, 0),
(728, 480, '2025-07-06', 'Present', 0, NULL, 0),
(748, 475, '2025-07-06', 'Present', 0, NULL, 0),
(749, 449, '2025-07-06', 'Absent', 0, NULL, 0),
(750, 452, '2025-07-06', 'Present', 0, NULL, 0),
(751, 453, '2025-07-06', 'Present', 0, NULL, 0),
(752, 454, '2025-07-06', 'Present', 0, NULL, 0),
(753, 483, '2025-07-06', 'Present', 0, NULL, 0),
(754, 456, '2025-07-06', 'Present', 0, NULL, 0),
(755, 457, '2025-07-06', 'Present', 0, NULL, 0),
(756, 459, '2025-07-06', 'Present', 0, NULL, 0),
(757, 488, '2025-07-06', 'Present', 0, NULL, 0),
(758, 460, '2025-07-06', 'Absent', 0, NULL, 0),
(759, 461, '2025-07-06', 'Present', 0, NULL, 0),
(760, 462, '2025-07-06', 'Present', 0, NULL, 0),
(761, 486, '2025-07-06', 'Present', 0, NULL, 0),
(762, 463, '2025-07-06', 'Present', 0, NULL, 0),
(763, 464, '2025-07-06', 'Present', 0, NULL, 0),
(764, 465, '2025-07-06', 'Present', 0, NULL, 0),
(765, 466, '2025-07-06', 'Present', 0, NULL, 0),
(766, 467, '2025-07-06', 'Present', 0, NULL, 0),
(768, 189, '2025-07-20', 'Compensation', 0, NULL, 0),
(772, 484, '2025-07-13', 'Compensation', 1, 50, 0),
(773, 484, '2025-07-16', 'Absent', 0, NULL, 0),
(774, 484, '2025-07-23', 'Absent', 0, NULL, 0),
(775, 484, '2025-07-30', 'Absent', 0, NULL, 0),
(776, 484, '2025-07-02', 'Absent', 0, NULL, 0),
(777, 484, '2025-07-09', 'Absent', 0, NULL, 0),
(779, 484, '2025-07-26', 'Compensation', 1, 52, 0),
(780, 484, '2025-07-27', 'Compensation', 1, 53, 0),
(781, 484, '2025-07-17', 'Absent', 0, NULL, 0),
(782, 484, '2025-07-22', 'Absent', 0, NULL, 0),
(783, 484, '2025-07-20', 'Compensation', 1, 54, 0),
(784, 484, '2025-07-30', 'Compensation', 1, 55, 0),
(785, 484, '2025-07-15', 'Absent', 0, NULL, 0),
(786, 484, '2025-07-27', 'Compensation', 1, 56, 0),
(790, 484, '2025-07-05', 'Absent', 0, NULL, 0),
(795, 484, '2025-07-06', 'Compensation', 1, 57, 0),
(796, 474, '2025-07-20', 'Compensation', 1, 58, 0),
(797, 492, '2025-07-10', 'Absent', 0, NULL, 0),
(798, 492, '2025-07-03', 'Absent', 0, NULL, 0),
(799, 492, '2025-07-17', 'Absent', 0, NULL, 0),
(800, 492, '2025-07-24', 'Absent', 0, NULL, 0),
(801, 492, '2025-07-31', 'Absent', 0, NULL, 0),
(802, 201, '2025-07-04', 'Absent', 0, NULL, 0),
(803, 197, '2025-07-04', 'Absent', 0, NULL, 0),
(804, 200, '2025-07-04', 'Present', 0, NULL, 0),
(805, 199, '2025-07-04', 'Absent', 0, NULL, 0),
(806, 194, '2025-07-04', 'Present', 0, NULL, 0),
(807, 196, '2025-07-04', 'Present', 0, NULL, 0),
(808, 451, '2025-07-04', 'Present', 0, NULL, 0),
(809, 450, '2025-07-04', 'Present', 0, NULL, 0),
(810, 492, '2025-07-04', 'Absent', 0, NULL, 0),
(811, 487, '2025-07-04', 'Present', 0, NULL, 0),
(812, 195, '2025-07-04', 'Absent', 0, NULL, 0),
(813, 204, '2025-07-04', 'Present', 0, NULL, 0),
(814, 205, '2025-07-04', 'Absent', 0, NULL, 0),
(815, 202, '2025-07-04', 'Present', 0, NULL, 0),
(816, 198, '2025-07-04', 'Present', 0, NULL, 0),
(825, 199, '2025-07-05', 'Compensation', 0, NULL, 0),
(833, 492, '2025-07-12', 'Compensation', 1, 73, 0),
(837, 188, '2025-07-09', 'Absent', 0, NULL, 0),
(838, 187, '2025-07-03', 'Present', 0, NULL, 0),
(839, 185, '2025-07-03', 'Present', 0, NULL, 0),
(840, 178, '2025-07-03', 'Present', 0, NULL, 0),
(841, 182, '2025-07-03', 'Absent', 0, NULL, 0),
(842, 181, '2025-07-03', 'Present', 0, NULL, 0),
(843, 183, '2025-07-03', 'Present', 0, NULL, 0),
(849, 187, '2025-07-10', 'Present', 0, NULL, 0),
(850, 185, '2025-07-10', 'Present', 0, NULL, 0),
(851, 178, '2025-07-10', 'Present', 0, NULL, 0),
(852, 182, '2025-07-10', 'Present', 0, NULL, 0),
(853, 181, '2025-07-10', 'Present', 0, NULL, 0),
(854, 183, '2025-07-10', 'Present', 0, NULL, 0),
(855, 201, '2025-07-11', 'Present', 0, NULL, 0),
(856, 197, '2025-07-11', 'Present', 0, NULL, 0),
(857, 200, '2025-07-11', 'Present', 0, NULL, 0),
(858, 199, '2025-07-11', 'Present', 0, NULL, 0),
(859, 194, '2025-07-11', 'Present', 0, NULL, 0),
(860, 196, '2025-07-11', 'Present', 0, NULL, 0),
(861, 451, '2025-07-11', 'Present', 0, NULL, 0),
(862, 450, '2025-07-11', 'Present', 0, NULL, 0),
(863, 492, '2025-07-11', 'Absent', 0, NULL, 0),
(864, 204, '2025-07-11', 'Absent', 0, NULL, 0),
(865, 205, '2025-07-11', 'Present', 0, NULL, 0),
(866, 202, '2025-07-11', 'Present', 0, NULL, 0),
(867, 198, '2025-07-11', 'Present', 0, NULL, 0),
(871, 484, '2025-07-12', 'Compensation', 0, NULL, 0),
(876, 479, '2025-07-13', 'Present', 0, NULL, 0),
(877, 477, '2025-07-13', 'Present', 0, NULL, 0),
(878, 481, '2025-07-13', 'Present', 0, NULL, 0),
(879, 478, '2025-07-13', 'Absent', 0, NULL, 0),
(880, 480, '2025-07-13', 'Present', 0, NULL, 0),
(881, 475, '2025-07-13', 'Present', 0, NULL, 0),
(882, 449, '2025-07-13', 'Present', 0, NULL, 0),
(883, 452, '2025-07-13', 'Present', 0, NULL, 0),
(884, 453, '2025-07-13', 'Present', 0, NULL, 0),
(885, 454, '2025-07-13', 'Present', 0, NULL, 0),
(886, 483, '2025-07-13', 'Present', 0, NULL, 0),
(887, 456, '2025-07-13', 'Present', 0, NULL, 0),
(888, 457, '2025-07-13', 'Present', 0, NULL, 0),
(889, 459, '2025-07-13', 'Present', 0, NULL, 0),
(890, 489, '2025-07-13', 'Present', 0, NULL, 0),
(891, 488, '2025-07-13', 'Present', 0, NULL, 0),
(892, 500, '2025-07-13', 'Present', 0, NULL, 0),
(893, 460, '2025-07-13', 'Present', 0, NULL, 0),
(894, 461, '2025-07-13', 'Absent', 0, NULL, 0),
(895, 462, '2025-07-13', 'Present', 0, NULL, 0),
(896, 486, '2025-07-13', 'Present', 0, NULL, 0),
(897, 463, '2025-07-13', 'Present', 0, NULL, 0),
(898, 464, '2025-07-13', 'Present', 0, NULL, 0),
(899, 490, '2025-07-13', 'Present', 0, NULL, 0),
(900, 465, '2025-07-13', 'Present', 0, NULL, 0),
(901, 466, '2025-07-13', 'Present', 0, NULL, 0),
(902, 467, '2025-07-13', 'Present', 0, NULL, 0),
(903, 473, '2025-07-13', 'Compensation', 1, 75, 0),
(904, 476, '2025-07-13', 'Compensation', 1, 76, 0),
(905, 492, '2025-07-13', 'Compensation', 0, NULL, 0),
(906, 491, '2025-07-13', 'Present', 0, NULL, 0),
(907, 487, '2025-07-13', 'Present', 0, NULL, 0),
(908, 485, '2025-07-05', 'Present', 0, NULL, 0),
(909, 485, '2025-07-12', 'Present', 0, NULL, 0),
(910, 494, '2025-07-04', 'Present', 0, NULL, 0),
(911, 494, '2025-07-11', 'Present', 0, NULL, 0),
(912, 493, '2025-07-03', 'Present', 0, NULL, 0),
(913, 493, '2025-07-10', 'Present', 0, NULL, 0),
(914, 498, '2025-07-14', 'Present', 0, NULL, 0),
(923, 320, '2025-06-25', 'Present', 0, NULL, 0),
(924, 320, '2025-06-18', 'Present', 0, NULL, 0),
(925, 320, '2025-06-11', 'Absent', 0, NULL, 0),
(926, 320, '2025-06-04', 'Absent', 0, NULL, 0),
(927, 320, '2025-06-28', 'Compensation', 1, 46, 0),
(928, 320, '2025-06-15', 'Compensation', 0, NULL, 0),
(929, 320, '2025-06-25', 'Present', 0, NULL, 0),
(930, 320, '2025-06-18', 'Present', 0, NULL, 0),
(931, 320, '2025-06-11', 'Absent', 0, NULL, 0),
(932, 320, '2025-06-04', 'Absent', 0, NULL, 0),
(933, 320, '2025-06-28', 'Compensation', 1, 46, 0),
(934, 320, '2025-06-15', 'Compensation', 0, NULL, 0),
(935, 320, '2025-07-12', 'Compensation', 0, NULL, 0),
(936, 474, '2025-07-16', 'Present', 0, NULL, 0),
(937, 189, '2025-07-16', 'Present', 0, NULL, 0),
(938, 320, '2025-07-16', 'Absent', 0, NULL, 0),
(939, 187, '2025-07-17', 'Present', 0, NULL, 0),
(940, 185, '2025-07-17', 'Present', 0, NULL, 0),
(941, 178, '2025-07-17', 'Present', 0, NULL, 0),
(942, 181, '2025-07-17', 'Present', 0, NULL, 0),
(943, 183, '2025-07-17', 'Present', 0, NULL, 0),
(944, 201, '2025-07-18', 'Present', 0, NULL, 0),
(945, 197, '2025-07-18', 'Present', 0, NULL, 0),
(946, 200, '2025-07-18', 'Present', 0, NULL, 0),
(947, 199, '2025-07-18', 'Present', 0, NULL, 0),
(948, 194, '2025-07-18', 'Present', 0, NULL, 0),
(949, 196, '2025-07-18', 'Present', 0, NULL, 0),
(950, 451, '2025-07-18', 'Absent', 0, NULL, 0),
(951, 450, '2025-07-18', 'Absent', 0, NULL, 0),
(952, 204, '2025-07-18', 'Present', 0, NULL, 0),
(953, 205, '2025-07-18', 'Present', 0, NULL, 0),
(954, 202, '2025-07-18', 'Present', 0, NULL, 0),
(955, 198, '2025-07-18', 'Present', 0, NULL, 0),
(962, 501, '2025-07-19', 'Present', 0, NULL, 0),
(963, 476, '2025-07-19', 'Absent', 0, NULL, 0),
(964, 473, '2025-07-19', 'Absent', 0, NULL, 0),
(965, 472, '2025-07-19', 'Present', 0, NULL, 0),
(966, 468, '2025-07-19', 'Present', 0, NULL, 0),
(967, 469, '2025-07-19', 'Present', 0, NULL, 0),
(968, 471, '2025-07-19', 'Present', 0, NULL, 0),
(969, 470, '2025-07-19', 'Present', 0, NULL, 0),
(970, 497, '2025-07-19', 'Present', 0, NULL, 0),
(971, 499, '2025-07-19', 'Present', 0, NULL, 0),
(972, 451, '2025-07-19', 'Compensation', 0, NULL, 0),
(973, 450, '2025-07-19', 'Compensation', 0, NULL, 0),
(974, 501, '2025-07-12', 'Present', 0, NULL, 0),
(975, 476, '2025-07-12', 'Absent', 0, NULL, 0),
(976, 473, '2025-07-12', 'Absent', 0, NULL, 0),
(977, 472, '2025-07-12', 'Present', 0, NULL, 0),
(978, 468, '2025-07-12', 'Present', 0, NULL, 0),
(979, 469, '2025-07-12', 'Present', 0, NULL, 0),
(980, 498, '2025-07-12', 'Present', 0, NULL, 0),
(981, 471, '2025-07-12', 'Absent', 0, NULL, 0),
(982, 470, '2025-07-12', 'Present', 0, NULL, 0),
(983, 497, '2025-07-12', 'Present', 0, NULL, 0),
(984, 499, '2025-07-12', 'Present', 0, NULL, 0),
(985, 501, '2025-07-05', 'Present', 0, NULL, 0),
(986, 476, '2025-07-05', 'Present', 0, NULL, 0),
(987, 473, '2025-07-05', 'Present', 0, NULL, 0),
(988, 472, '2025-07-05', 'Present', 0, NULL, 0),
(989, 468, '2025-07-05', 'Present', 0, NULL, 0),
(990, 469, '2025-07-05', 'Present', 0, NULL, 0),
(991, 471, '2025-07-05', 'Present', 0, NULL, 0),
(992, 470, '2025-07-05', 'Present', 0, NULL, 0),
(993, 497, '2025-07-05', 'Absent', 0, NULL, 0),
(994, 499, '2025-07-05', 'Absent', 0, NULL, 0),
(995, 471, '2025-07-20', 'Compensation', 1, 77, 0),
(996, 479, '2025-07-20', 'Present', 0, NULL, 0),
(997, 477, '2025-07-20', 'Present', 0, NULL, 0),
(998, 481, '2025-07-20', 'Present', 0, NULL, 0),
(999, 478, '2025-07-20', 'Present', 0, NULL, 0),
(1000, 480, '2025-07-20', 'Absent', 0, NULL, 0),
(1009, 501, '2025-06-21', 'Absent', 0, NULL, 0),
(1010, 476, '2025-06-21', 'Present', 0, NULL, 0),
(1011, 473, '2025-06-21', 'Present', 0, NULL, 0),
(1012, 472, '2025-06-21', 'Present', 0, NULL, 0),
(1013, 468, '2025-06-21', 'Absent', 0, NULL, 0),
(1014, 469, '2025-06-21', 'Present', 0, NULL, 0),
(1015, 471, '2025-06-21', 'Present', 0, NULL, 0),
(1016, 470, '2025-06-21', 'Absent', 0, NULL, 0),
(1017, 479, '2025-06-20', 'Present', 0, NULL, 0),
(1018, 477, '2025-06-20', 'Present', 0, NULL, 0),
(1019, 481, '2025-06-20', 'Present', 0, NULL, 0),
(1020, 478, '2025-06-20', 'Present', 0, NULL, 0),
(1021, 480, '2025-06-20', 'Absent', 0, NULL, 0),
(1022, 475, '2025-07-20', 'Present', 0, NULL, 0),
(1023, 449, '2025-07-20', 'Present', 0, NULL, 0),
(1024, 452, '2025-07-20', 'Absent', 0, NULL, 0),
(1025, 453, '2025-07-20', 'Present', 0, NULL, 0),
(1026, 454, '2025-07-20', 'Present', 0, NULL, 0),
(1027, 483, '2025-07-20', 'Absent', 0, NULL, 0),
(1028, 456, '2025-07-20', 'Present', 0, NULL, 0),
(1029, 457, '2025-07-20', 'Present', 0, NULL, 0),
(1030, 459, '2025-07-20', 'Present', 0, NULL, 0),
(1031, 489, '2025-07-20', 'Present', 0, NULL, 0),
(1032, 488, '2025-07-20', 'Present', 0, NULL, 0),
(1033, 500, '2025-07-20', 'Present', 0, NULL, 0),
(1034, 461, '2025-07-20', 'Present', 0, NULL, 0),
(1035, 462, '2025-07-20', 'Present', 0, NULL, 0),
(1036, 486, '2025-07-20', 'Present', 0, NULL, 0),
(1037, 463, '2025-07-20', 'Present', 0, NULL, 0),
(1038, 464, '2025-07-20', 'Present', 0, NULL, 0),
(1039, 490, '2025-07-20', 'Absent', 0, NULL, 0),
(1040, 465, '2025-07-20', 'Present', 0, NULL, 0),
(1041, 466, '2025-07-20', 'Present', 0, NULL, 0),
(1042, 467, '2025-07-20', 'Present', 0, NULL, 0),
(1043, 491, '2025-07-20', 'Present', 0, NULL, 0),
(1044, 487, '2025-07-20', 'Present', 0, NULL, 0),
(1045, 498, '2025-07-21', 'Present', 0, NULL, 0),
(1046, 496, '2025-07-31', 'Present', 0, NULL, 0),
(1047, 474, '2025-07-23', 'Present', 0, NULL, 0),
(1048, 189, '2025-07-23', 'Present', 0, NULL, 0),
(1049, 320, '2025-07-23', 'Present', 0, NULL, 0),
(1052, 187, '2025-07-24', 'Present', 0, NULL, 0),
(1053, 185, '2025-07-24', 'Present', 0, NULL, 0),
(1054, 178, '2025-07-24', 'Present', 0, NULL, 0),
(1055, 181, '2025-07-24', 'Present', 0, NULL, 0),
(1056, 183, '2025-07-24', 'Present', 0, NULL, 0),
(1057, 201, '2025-07-25', 'Present', 0, NULL, 0),
(1058, 197, '2025-07-25', 'Absent', 0, NULL, 0),
(1059, 200, '2025-07-25', 'Present', 0, NULL, 0),
(1060, 199, '2025-07-25', 'Present', 0, NULL, 0),
(1061, 194, '2025-07-25', 'Present', 0, NULL, 0),
(1062, 196, '2025-07-25', 'Present', 0, NULL, 0),
(1063, 451, '2025-07-25', 'Present', 0, NULL, 0),
(1064, 450, '2025-07-25', 'Present', 0, NULL, 0),
(1065, 204, '2025-07-25', 'Present', 0, NULL, 0),
(1066, 205, '2025-07-25', 'Present', 0, NULL, 0),
(1067, 202, '2025-07-25', 'Absent', 0, NULL, 0),
(1068, 198, '2025-07-25', 'Present', 0, NULL, 0),
(1069, 501, '2025-07-26', 'Present', 0, NULL, 0),
(1070, 476, '2025-07-26', 'Absent', 0, NULL, 0),
(1071, 473, '2025-07-26', 'Absent', 0, NULL, 0),
(1072, 472, '2025-07-26', 'Present', 0, NULL, 0),
(1073, 468, '2025-07-26', 'Present', 0, NULL, 0),
(1074, 469, '2025-07-26', 'Present', 0, NULL, 0),
(1075, 471, '2025-07-26', 'Present', 0, NULL, 0),
(1076, 470, '2025-07-26', 'Present', 0, NULL, 0),
(1077, 497, '2025-07-26', 'Present', 0, NULL, 0),
(1078, 499, '2025-07-26', 'Present', 0, NULL, 0),
(1079, 474, '2025-07-09', 'Present', 0, NULL, 0),
(1080, 189, '2025-07-09', 'Present', 0, NULL, 0),
(1081, 320, '2025-07-09', 'Absent', 0, NULL, 0),
(1082, 479, '2025-07-27', 'Absent', 0, NULL, 0),
(1083, 477, '2025-07-27', 'Present', 0, NULL, 0),
(1084, 481, '2025-07-27', 'Absent', 0, NULL, 0),
(1085, 478, '2025-07-27', 'Absent', 0, NULL, 0),
(1086, 480, '2025-07-27', 'Present', 0, NULL, 0),
(1087, 475, '2025-07-27', 'Present', 0, NULL, 0),
(1088, 449, '2025-07-27', 'Absent', 0, NULL, 0),
(1089, 452, '2025-07-27', 'Present', 0, NULL, 0),
(1090, 453, '2025-07-27', 'Present', 0, NULL, 0),
(1091, 454, '2025-07-27', 'Absent', 0, NULL, 0),
(1092, 483, '2025-07-27', 'Absent', 0, NULL, 0),
(1093, 456, '2025-07-27', 'Present', 0, NULL, 0),
(1094, 457, '2025-07-27', 'Absent', 0, NULL, 0),
(1095, 459, '2025-07-27', 'Present', 0, NULL, 0),
(1096, 489, '2025-07-27', 'Absent', 0, NULL, 0),
(1097, 488, '2025-07-27', 'Present', 0, NULL, 0),
(1098, 500, '2025-07-27', 'Present', 0, NULL, 0),
(1099, 461, '2025-07-27', 'Present', 0, NULL, 0),
(1100, 462, '2025-07-27', 'Present', 0, NULL, 0),
(1101, 486, '2025-07-27', 'Present', 0, NULL, 0),
(1102, 463, '2025-07-27', 'Present', 0, NULL, 0),
(1103, 464, '2025-07-27', 'Present', 0, NULL, 0),
(1104, 490, '2025-07-27', 'Present', 0, NULL, 0),
(1105, 465, '2025-07-27', 'Present', 0, NULL, 0),
(1106, 466, '2025-07-27', 'Present', 0, NULL, 0),
(1107, 467, '2025-07-27', 'Present', 0, NULL, 0),
(1108, 501, '2025-06-07', 'Absent', 0, NULL, 0),
(1109, 476, '2025-06-07', 'Present', 0, NULL, 0),
(1110, 473, '2025-06-07', 'Present', 0, NULL, 0),
(1111, 472, '2025-06-07', 'Present', 0, NULL, 0),
(1112, 468, '2025-06-07', 'Present', 0, NULL, 0),
(1113, 469, '2025-06-07', 'Present', 0, NULL, 0),
(1114, 471, '2025-06-07', 'Absent', 0, NULL, 0),
(1115, 470, '2025-06-07', 'Absent', 0, NULL, 0),
(1116, 501, '2025-06-14', 'Present', 0, NULL, 0),
(1117, 476, '2025-06-14', 'Present', 0, NULL, 0),
(1118, 473, '2025-06-14', 'Present', 0, NULL, 0),
(1119, 472, '2025-06-14', 'Present', 0, NULL, 0),
(1120, 468, '2025-06-14', 'Present', 0, NULL, 0),
(1121, 469, '2025-06-14', 'Present', 0, NULL, 0),
(1122, 471, '2025-06-14', 'Present', 0, NULL, 0),
(1123, 470, '2025-06-14', 'Present', 0, NULL, 0),
(1124, 491, '2025-07-27', 'Present', 0, NULL, 0),
(1125, 487, '2025-07-27', 'Present', 0, NULL, 0),
(1126, 498, '2025-07-28', 'Absent', 0, NULL, 0),
(1128, 474, '2025-07-30', 'Present', 0, NULL, 0),
(1129, 189, '2025-07-30', 'Present', 0, NULL, 0),
(1130, 320, '2025-07-30', 'Present', 0, NULL, 0),
(1131, 491, '2025-07-30', 'Compensation', 0, NULL, 0),
(1132, 187, '2025-07-31', 'Present', 0, NULL, 0),
(1133, 185, '2025-07-31', 'Present', 0, NULL, 0),
(1134, 178, '2025-07-31', 'Present', 0, NULL, 0),
(1135, 182, '2025-07-31', 'Absent', 0, NULL, 0),
(1136, 181, '2025-07-31', 'Present', 0, NULL, 0),
(1137, 183, '2025-07-31', 'Present', 0, NULL, 0),
(1138, 201, '2025-08-01', 'Absent', 0, NULL, 0),
(1139, 197, '2025-08-01', 'Absent', 0, NULL, 0),
(1140, 200, '2025-08-01', 'Present', 0, NULL, 0),
(1141, 199, '2025-08-01', 'Present', 0, NULL, 0),
(1142, 194, '2025-08-01', 'Present', 0, NULL, 0),
(1143, 196, '2025-08-01', 'Present', 0, NULL, 0),
(1144, 451, '2025-08-01', 'Present', 0, NULL, 0),
(1145, 450, '2025-08-01', 'Present', 0, NULL, 0),
(1146, 195, '2025-08-01', 'Present', 0, NULL, 0),
(1147, 204, '2025-08-01', 'Present', 0, NULL, 0),
(1148, 205, '2025-08-01', 'Absent', 0, NULL, 0),
(1149, 202, '2025-08-01', 'Present', 0, NULL, 0),
(1150, 504, '2025-08-01', 'Present', 0, NULL, 0),
(1151, 198, '2025-08-01', 'Present', 0, NULL, 0),
(1164, 501, '2025-08-02', 'Present', 0, NULL, 0),
(1165, 476, '2025-08-02', 'Present', 0, NULL, 0),
(1166, 473, '2025-08-02', 'Present', 0, NULL, 0),
(1167, 472, '2025-08-02', 'Present', 0, NULL, 0),
(1168, 468, '2025-08-02', 'Present', 0, NULL, 0),
(1169, 469, '2025-08-02', 'Absent', 0, NULL, 0),
(1170, 471, '2025-08-02', 'Present', 0, NULL, 0),
(1171, 505, '2025-08-02', 'Present', 0, NULL, 0),
(1172, 470, '2025-08-02', 'Present', 0, NULL, 0),
(1173, 497, '2025-08-02', 'Present', 0, NULL, 0),
(1174, 496, '2025-08-02', 'Present', 0, NULL, 0),
(1175, 499, '2025-08-02', 'Present', 0, NULL, 0),
(1176, 479, '2025-08-03', 'Absent', 0, NULL, 0),
(1177, 477, '2025-08-03', 'Present', 0, NULL, 0),
(1178, 481, '2025-08-03', 'Present', 0, NULL, 0),
(1179, 478, '2025-08-03', 'Present', 0, NULL, 0),
(1180, 480, '2025-08-03', 'Present', 0, NULL, 0),
(1181, 475, '2025-08-03', 'Present', 0, NULL, 0),
(1182, 449, '2025-08-03', 'Present', 0, NULL, 0),
(1183, 452, '2025-08-03', 'Present', 0, NULL, 0),
(1184, 453, '2025-08-03', 'Present', 0, NULL, 0),
(1185, 454, '2025-08-03', 'Present', 0, NULL, 0),
(1186, 483, '2025-08-03', 'Present', 0, NULL, 0),
(1187, 456, '2025-08-03', 'Present', 0, NULL, 0),
(1188, 457, '2025-08-03', 'Present', 0, NULL, 0),
(1189, 459, '2025-08-03', 'Present', 0, NULL, 0),
(1190, 489, '2025-08-03', 'Present', 0, NULL, 0),
(1191, 500, '2025-08-03', 'Present', 0, NULL, 0),
(1192, 486, '2025-08-03', 'Present', 0, NULL, 0),
(1193, 463, '2025-08-03', 'Present', 0, NULL, 0),
(1194, 490, '2025-08-03', 'Present', 0, NULL, 0),
(1195, 465, '2025-08-03', 'Present', 0, NULL, 0),
(1196, 466, '2025-08-03', 'Present', 0, NULL, 0),
(1197, 476, '2025-08-03', 'Compensation', 0, NULL, 0),
(1198, 473, '2025-08-03', 'Compensation', 0, NULL, 0),
(1199, 498, '2025-08-03', 'Compensation', 0, NULL, 0),
(1200, 491, '2025-08-03', 'Present', 0, NULL, 0),
(1201, 487, '2025-08-03', 'Present', 0, NULL, 0),
(1202, 498, '2025-08-04', 'Absent', 0, NULL, 0);

-- --------------------------------------------------------

--
-- Table structure for table `audit_logs`
--

CREATE TABLE `audit_logs` (
  `log_id` int(10) UNSIGNED NOT NULL,
  `user_id` int(10) UNSIGNED NOT NULL,
  `operation` enum('INSERT','UPDATE','DELETE') NOT NULL,
  `table_name` varchar(64) NOT NULL,
  `record_id` int(10) UNSIGNED NOT NULL,
  `changes` longtext CHARACTER SET utf8mb4 COLLATE utf8mb4_bin DEFAULT NULL CHECK (json_valid(`changes`)),
  `created_at` datetime NOT NULL DEFAULT current_timestamp()
) ENGINE=InnoDB DEFAULT CHARSET=utf8mb4 COLLATE=utf8mb4_general_ci;

--
-- Dumping data for table `audit_logs`
--

INSERT INTO `audit_logs` (`log_id`, `user_id`, `operation`, `table_name`, `record_id`, `changes`, `created_at`) VALUES
(1, 3, 'DELETE', 'students', 44, '{\"before\":{\"id\":\"44\",\"user_id\":\"52\",\"centre_id\":\"2\",\"name\":\"ishi\",\"email\":\"Ishika@gmail.com\",\"phone\":\"9123456780\",\"group_name\":\"Color Pencils\",\"dob\":\"2025-04-28\",\"address\":\"Vignana nagar\",\"photo_path\":null,\"is_legacy\":\"1\"}}', '2025-05-20 09:44:17'),
(2, 3, 'DELETE', 'students', 43, '{\"before\":{\"id\":\"43\",\"user_id\":\"51\",\"centre_id\":\"1\",\"name\":\"karan\",\"email\":\"karan@gmail.com\",\"phone\":\"9123456780\",\"group_name\":\"oil pastetls\",\"dob\":\"2025-04-27\",\"address\":\"Basvanagar\",\"photo_path\":null,\"is_legacy\":\"1\"}}', '2025-05-20 09:44:17'),
(3, 3, 'DELETE', 'students', 46, '{\"before\":{\"id\":\"46\",\"user_id\":\"55\",\"centre_id\":\"2\",\"name\":\"kirti\",\"email\":\"kirti@gmail.com\",\"phone\":\"9123456780\",\"group_name\":\"Color Pencils\",\"dob\":\"2025-04-27\",\"address\":\"Vignana nagar\",\"photo_path\":null,\"is_legacy\":\"1\"}}', '2025-05-20 09:44:18'),
(4, 3, 'DELETE', 'students', 45, '{\"before\":{\"id\":\"45\",\"user_id\":\"54\",\"centre_id\":\"1\",\"name\":\"RAVI PANDEY\",\"email\":\"mahi@gmail.com\",\"phone\":\"07060356382\",\"group_name\":\"pencil shading\",\"dob\":\"2025-05-05\",\"address\":\"56, 1st Cross Rd, Bhuvaneswari Nagar, C V Raman Nagar\",\"photo_path\":null,\"is_legacy\":\"0\"}}', '2025-05-20 09:44:18'),
(5, 3, 'DELETE', 'students', 39, '{\"before\":{\"id\":\"39\",\"user_id\":\"48\",\"centre_id\":\"2\",\"name\":\"Rohan\",\"email\":\"Rohan123@gmail.com\",\"phone\":\"9876532412\",\"group_name\":\"Color Pencils\",\"dob\":\"2025-05-06\",\"address\":\"Basvanagar\",\"photo_path\":null,\"is_legacy\":\"1\"}}', '2025-05-20 09:44:18'),
(6, 3, 'DELETE', 'students', 42, '{\"before\":{\"id\":\"42\",\"user_id\":\"50\",\"centre_id\":\"3\",\"name\":\"Soham\",\"email\":\"Soham@gmail.com\",\"phone\":\"987654321\",\"group_name\":\"Color Pencils\",\"dob\":\"2025-05-08\",\"address\":\"Vignana nagar\",\"photo_path\":null,\"is_legacy\":\"1\"}}', '2025-05-20 09:44:18'),
(7, 3, 'INSERT', 'students', 47, '{\"new\":{\"id\":47,\"user_id\":57,\"name\":\"mahi\",\"email\":\"mahi@gmail.com\",\"centre_id\":3,\"group_name\":\"oil pastetls\"}}', '2025-05-20 09:50:59'),
(8, 3, 'DELETE', 'students', 47, '{\"deleted_user_id\":57}', '2025-05-20 11:48:23'),
(9, 3, 'INSERT', 'students', 48, '{\"new\":{\"id\":48,\"user_id\":58,\"name\":\"Ishan N\",\"email\":\"anu959081@gmail.com\",\"centre_id\":1,\"group_name\":\"oil pastels\"}}', '2025-05-20 11:54:45'),
(10, 3, 'DELETE', 'students', 48, '{\"deleted_user_id\":58}', '2025-05-20 15:26:17'),
(11, 3, 'DELETE', 'students', 58, '{\"deleted_user_id\":69}', '2025-05-23 14:27:04'),
(12, 3, 'DELETE', 'students', 60, '{\"deleted_user_id\":71}', '2025-05-23 14:27:04'),
(13, 3, 'DELETE', 'students', 51, '{\"deleted_user_id\":61}', '2025-05-23 14:27:05'),
(14, 3, 'DELETE', 'students', 52, '{\"deleted_user_id\":62}', '2025-05-23 14:27:05'),
(15, 3, 'DELETE', 'students', 57, '{\"deleted_user_id\":68}', '2025-05-23 14:27:05'),
(16, 3, 'DELETE', 'students', 59, '{\"deleted_user_id\":70}', '2025-05-23 14:27:06'),
(17, 3, 'DELETE', 'students', 56, '{\"deleted_user_id\":67}', '2025-05-23 14:27:06'),
(18, 3, 'DELETE', 'students', 61, '{\"deleted_user_id\":72}', '2025-05-23 14:27:06'),
(19, 3, 'DELETE', 'students', 72, '{\"deleted_user_id\":84}', '2025-05-24 17:46:54'),
(20, 3, 'DELETE', 'students', 65, '{\"deleted_user_id\":76}', '2025-05-24 17:46:54'),
(21, 3, 'DELETE', 'students', 66, '{\"deleted_user_id\":77}', '2025-05-24 17:46:54'),
(22, 3, 'DELETE', 'students', 70, '{\"deleted_user_id\":82}', '2025-05-24 17:46:54'),
(23, 3, 'DELETE', 'students', 64, '{\"deleted_user_id\":75}', '2025-05-24 17:46:54'),
(24, 3, 'DELETE', 'students', 69, '{\"deleted_user_id\":80}', '2025-05-24 17:46:54'),
(25, 3, 'DELETE', 'students', 71, '{\"deleted_user_id\":83}', '2025-05-24 17:46:55'),
(26, 3, 'DELETE', 'students', 73, '{\"deleted_user_id\":85}', '2025-05-24 17:46:55'),
(27, 3, 'DELETE', 'students', 68, '{\"deleted_user_id\":79}', '2025-05-24 17:46:55'),
(28, 3, 'DELETE', 'students', 74, '{\"deleted_user_id\":86}', '2025-05-24 17:46:56'),
(29, 3, 'DELETE', 'students', 78, '{\"deleted_user_id\":90}', '2025-05-25 15:55:48'),
(30, 3, 'DELETE', 'students', 75, '{\"deleted_user_id\":87}', '2025-05-25 15:55:48'),
(31, 3, 'DELETE', 'students', 76, '{\"deleted_user_id\":88}', '2025-05-25 15:55:49'),
(32, 3, 'DELETE', 'students', 77, '{\"deleted_user_id\":89}', '2025-05-25 15:55:49'),
(33, 3, 'INSERT', 'homework_assigned', 38, '{\"student_id\":84,\"title\":\"erdfd\",\"description\":\"fdvdfgd\",\"file_path\":null}', '2025-05-30 11:37:21'),
(34, 3, 'INSERT', 'homework_assigned', 39, '{\"student_id\":84,\"title\":\"erdfd\",\"description\":\"fdvdfgd\",\"file_path\":null}', '2025-05-30 11:38:12'),
(35, 3, 'INSERT', 'homework_assigned', 40, '{\"student_id\":84,\"title\":\"erdfd\",\"description\":\"fdvdfgd\",\"file_path\":null}', '2025-05-30 11:41:14'),
(36, 3, 'INSERT', 'homework_assigned', 41, '{\"student_id\":84,\"title\":\"erdfd\",\"description\":\"fdvdfgd\",\"file_path\":null}', '2025-05-30 11:41:29'),
(37, 3, 'INSERT', 'homework_assigned', 42, '{\"student_id\":84,\"title\":\"erdfd\",\"description\":\"fdvdfgd\",\"file_path\":null}', '2025-05-30 11:41:39'),
(38, 3, 'DELETE', 'homework_assigned', 32, '{\"student_id\":83,\"title\":\"We have to this\",\"description\":\"submitt by next week\",\"file_path\":null}', '2025-05-30 11:48:48'),
(39, 3, 'DELETE', 'homework_assigned', 33, '{\"student_id\":83,\"title\":\"We have to this\",\"description\":\"submitt by next week\",\"file_path\":null}', '2025-05-30 11:48:56'),
(40, 3, 'DELETE', 'homework_assigned', 35, '{\"student_id\":84,\"title\":\"erdfd\",\"description\":\"fdvdfgd\",\"file_path\":null}', '2025-05-30 11:49:02'),
(41, 3, 'DELETE', 'homework_assigned', 36, '{\"student_id\":84,\"title\":\"erdfd\",\"description\":\"fdvdfgd\",\"file_path\":null}', '2025-05-30 11:49:08'),
(42, 3, 'DELETE', 'homework_assigned', 34, '{\"student_id\":84,\"title\":\"do it\",\"description\":\"tesy tingvgn\",\"file_path\":\"uploads/homework_attachments/hw_683942e0a0cd0_IMG-20170418-WA0021.jpg\"}', '2025-05-30 11:49:14'),
(43, 3, 'DELETE', 'homework_assigned', 37, '{\"student_id\":84,\"title\":\"erdfd\",\"description\":\"fdvdfgd\",\"file_path\":null}', '2025-05-30 11:49:20'),
(44, 3, 'DELETE', 'homework_assigned', 29, '{\"student_id\":83,\"title\":\"tes\",\"description\":\"dsdgfxfb\",\"file_path\":null}', '2025-05-30 11:49:31'),
(45, 3, 'DELETE', 'homework_assigned', 38, '{\"student_id\":84,\"title\":\"erdfd\",\"description\":\"fdvdfgd\",\"file_path\":null}', '2025-05-30 11:49:38'),
(46, 3, 'DELETE', 'homework_assigned', 39, '{\"student_id\":84,\"title\":\"erdfd\",\"description\":\"fdvdfgd\",\"file_path\":null}', '2025-05-30 11:49:50'),
(47, 3, 'DELETE', 'homework_assigned', 40, '{\"student_id\":84,\"title\":\"erdfd\",\"description\":\"fdvdfgd\",\"file_path\":null}', '2025-05-30 12:12:13'),
(48, 3, 'DELETE', 'homework_assigned', 30, '{\"student_id\":83,\"title\":\"tes\",\"description\":\"dsdgfxfb\",\"file_path\":null}', '2025-05-30 12:12:20'),
(49, 3, 'DELETE', 'homework_assigned', 41, '{\"student_id\":84,\"title\":\"erdfd\",\"description\":\"fdvdfgd\",\"file_path\":null}', '2025-05-30 12:12:27'),
(50, 3, 'DELETE', 'homework_assigned', 42, '{\"student_id\":84,\"title\":\"erdfd\",\"description\":\"fdvdfgd\",\"file_path\":null}', '2025-05-30 12:12:34'),
(51, 3, 'DELETE', 'students', 84, '{\"user_id\":96}', '2025-05-31 21:34:52');

-- --------------------------------------------------------

--
-- Table structure for table `badges`
--

CREATE TABLE `badges` (
  `id` int(11) NOT NULL,
  `slug` varchar(50) NOT NULL,
  `label` varchar(100) NOT NULL,
  `icon` varchar(100) NOT NULL,
  `description` text NOT NULL,
  `tier` enum('bronze','silver','gold') NOT NULL DEFAULT 'bronze'
) ENGINE=InnoDB DEFAULT CHARSET=utf8mb4 COLLATE=utf8mb4_general_ci;

--
-- Dumping data for table `badges`
--

INSERT INTO `badges` (`id`, `slug`, `label`, `icon`, `description`, `tier`) VALUES
(1, 'first_comp', 'First Compensation', 'bi-play-btn-fill', 'You watched your first make-up video', 'bronze'),
(2, 'consistency', 'Consistency King', 'bi-clock-history', '5 days in a row present', 'silver'),
(3, 'homework_master', 'Homework Master', 'bi-journal-check', 'Completed all homework this month', 'gold'),
(6, 'weekly_warrior', 'Weekly Warrior', 'bi-calendar-week', 'Attend all classes in a single week (4–5 consecutive days).', 'bronze'),
(7, 'monthly_master', 'Monthly Master', 'bi-calendar-check', 'Attend every class in a calendar month.', 'silver'),
(8, 'consistency_king', 'Consistency King', 'bi-crown', 'Hit 4 consecutive weeks of perfect attendance (16–20 classes).', 'gold'),
(9, 'homework_hero', 'Homework Hero', 'bi-journal-check', 'Submit homework on time 3 times in a row.', 'bronze'),
(10, 'creative_catalyst', 'Creative Catalyst', 'bi-palette', 'Complete 5 art challenges in a month.', 'silver'),
(11, 'peer_paladin', 'Peer Paladin', 'bi-handshake', 'Give 3 helpful comments on classmates’ work.', 'bronze'),
(12, 'quiz_whiz', 'Quiz Whiz', 'bi-lightbulb', 'Score 100% on a weekly mini-quiz twice in a row.', 'silver'),
(13, 'milestone_maker', 'Milestone Maker', 'bi-star', 'Accumulate 50 stars over time.', 'gold'),
(14, 'monthly_maven', 'Monthly Maven', 'bi-trophy', 'Top 10% of students by points in a given month.', 'gold'),
(15, 'early_bird', 'Early Bird', 'bi-alarm', 'Mark attendance before class start for 3 consecutive classes.', 'bronze'),
(16, 'welcome_aboard', 'Welcome Onboard', 'bi-award', 'Welcome to Artovue! You’ve just earned your first badge.', 'bronze');

-- --------------------------------------------------------

--
-- Table structure for table `centres`
--

CREATE TABLE `centres` (
  `id` int(10) UNSIGNED NOT NULL,
  `name` varchar(100) NOT NULL,
  `address` varchar(255) DEFAULT NULL
) ENGINE=InnoDB DEFAULT CHARSET=utf8mb4 COLLATE=utf8mb4_general_ci;

--
-- Dumping data for table `centres`
--

INSERT INTO `centres` (`id`, `name`, `address`) VALUES
(1, 'SMD Altezz By SMD HOMES', NULL),
(2, 'Assertz 63 degree east', NULL),
(3, 'Basvanagara(Friday)', NULL),
(5, 'Others', NULL),
(6, 'Confident Phoenix', NULL),
(9, 'Basvanagar(Wed)', NULL),
(10, 'Basvanagar(Sat)', NULL);

-- --------------------------------------------------------

--
-- Table structure for table `compensation_requests`
--

CREATE TABLE `compensation_requests` (
  `id` int(11) NOT NULL,
  `user_id` int(11) NOT NULL,
  `slot` varchar(50) NOT NULL,
  `absent_date` date DEFAULT NULL,
  `comp_date` date NOT NULL,
  `requested_at` datetime NOT NULL DEFAULT current_timestamp(),
  `status` enum('approved','missed') NOT NULL DEFAULT 'approved'
) ENGINE=InnoDB DEFAULT CHARSET=utf8mb4 COLLATE=utf8mb4_general_ci;

--
-- Dumping data for table `compensation_requests`
--

INSERT INTO `compensation_requests` (`id`, `user_id`, `slot`, `absent_date`, `comp_date`, `requested_at`, `status`) VALUES
(44, 210, 'sun_10_12', '2025-06-11', '2025-06-22', '2025-06-22 07:50:14', 'missed'),
(45, 221, 'sat_10_12', '2025-06-27', '2025-06-28', '2025-06-26 13:28:01', 'approved'),
(46, 210, 'sat_10_12', '2025-06-04', '2025-06-28', '2025-06-28 04:30:20', 'approved'),
(47, 226, 'sun_10_12', '2025-07-04', '2025-07-06', '2025-07-04 17:58:49', 'approved'),
(48, 230, 'sun_10_12', '2025-07-04', '2025-07-06', '2025-07-04 17:59:33', 'missed'),
(49, 211, 'sun_10_12', '2025-07-02', '2025-07-20', '2025-07-07 14:15:21', 'approved'),
(58, 288, 'sun_16_18', '2025-07-02', '2025-07-20', '2025-07-09 15:08:18', 'approved'),
(73, 308, 'sat_11_30', '2025-07-03', '2025-07-12', '2025-07-10 06:28:59', 'approved'),
(74, 308, 'sat_11_130', '2025-07-04', '2025-07-19', '2025-07-10 06:29:11', 'approved'),
(75, 287, 'sun_16_18', '2025-07-12', '2025-07-13', '2025-07-13 07:48:23', 'approved'),
(76, 290, 'sun_16_18', '2025-07-12', '2025-07-13', '2025-07-13 07:49:46', 'approved'),
(77, 285, 'sun_16_18', '2025-07-12', '2025-07-20', '2025-07-19 14:44:12', 'approved'),
(78, 316, 'sun_16_18', '2025-07-28', '2025-08-03', '2025-07-29 08:13:35', 'approved');

-- --------------------------------------------------------

--
-- Table structure for table `compensation_videos`
--

CREATE TABLE `compensation_videos` (
  `id` int(11) NOT NULL,
  `centre_id` int(11) NOT NULL,
  `class_date` date NOT NULL,
  `video_url` varchar(255) NOT NULL,
  `video_url_optional` varchar(255) DEFAULT NULL,
  `created_at` datetime DEFAULT current_timestamp(),
  `group_id` int(11) DEFAULT NULL COMMENT 'which art_group this video is for; NULL = all'
) ENGINE=InnoDB DEFAULT CHARSET=utf8mb4 COLLATE=utf8mb4_general_ci;

--
-- Dumping data for table `compensation_videos`
--

INSERT INTO `compensation_videos` (`id`, `centre_id`, `class_date`, `video_url`, `video_url_optional`, `created_at`, `group_id`) VALUES
(12, 5, '2025-06-11', 'https://youtu.be/fDSE41IeF8I?si=JbtdSFA0i8iYTxHF', '', '2025-06-26 05:52:36', 1),
(14, 6, '2025-07-09', 'https://youtu.be/E6AIvzK6WYY', 'https://youtu.be/od-jEnBySr0', '2025-07-09 07:37:59', 3);

-- --------------------------------------------------------

--
-- Table structure for table `homework_assigned`
--

CREATE TABLE `homework_assigned` (
  `id` int(10) UNSIGNED NOT NULL,
  `student_id` int(10) UNSIGNED NOT NULL,
  `centre_id` int(11) NOT NULL,
  `art_group_id` int(11) NOT NULL,
  `date_assigned` date NOT NULL,
  `title` varchar(200) NOT NULL,
  `description` text DEFAULT NULL,
  `file_path` varchar(255) DEFAULT NULL
) ENGINE=InnoDB DEFAULT CHARSET=utf8mb4 COLLATE=utf8mb4_general_ci;

--
-- Dumping data for table `homework_assigned`
--

INSERT INTO `homework_assigned` (`id`, `student_id`, `centre_id`, `art_group_id`, `date_assigned`, `title`, `description`, `file_path`) VALUES
(97, 178, 1, 3, '2025-06-18', 'June Week 1 - World Environment Day – June 5th. Repeat the CW', 'World Environment Day – June 5th.\r\n\r\n\r\nWorld Environment Day is celebrated every year on June 5th to raise awareness and take action for the protection of our environment. It was started by the United Nations in 1972, and each year focuses on a different theme related to nature and the planet’s health.\r\n\r\nWhy It Matters:\r\n\r\nIt reminds us to reduce pollution, save trees, conserve water, and protect wildlife.\r\n\r\nEvery small step—like planting a tree, reducing plastic use, or saving electricity—can help.\r\n\r\nThe Earth is our only home. Keeping it clean and green is our responsibility.', NULL),
(98, 181, 1, 3, '2025-06-18', 'June Week 1 - World Environment Day – June 5th. Repeat the CW', 'World Environment Day – June 5th.\r\n\r\n\r\nWorld Environment Day is celebrated every year on June 5th to raise awareness and take action for the protection of our environment. It was started by the United Nations in 1972, and each year focuses on a different theme related to nature and the planet’s health.\r\n\r\nWhy It Matters:\r\n\r\nIt reminds us to reduce pollution, save trees, conserve water, and protect wildlife.\r\n\r\nEvery small step—like planting a tree, reducing plastic use, or saving electricity—can help.\r\n\r\nThe Earth is our only home. Keeping it clean and green is our responsibility.', NULL),
(100, 182, 1, 1, '2025-06-18', 'June Week 1 - Unicorn  - Print and color', 'Mythical Creature\r\nA legendary animal that looks like a horse but has:\r\n\r\nA single spiraling horn on its forehead.\r\n\r\nOften associated with purity, grace, and magic.\r\n\r\nCommon in folklore, fantasy stories, and children’s media', 'uploads/homework_attachments/72a2aaa7084a9cbd_WhatsApp Image 2025-06-18 at 09.50.21_e375a073.jpg'),
(110, 185, 1, 5, '2025-06-18', 'ladybugs', 'Fun Facts About Ladybugs\r\nNot Really a Bug!\r\n\r\nDespite their name, ladybugs are actually a type of beetle, not a true bug.\r\n\r\nBright Colors = Stay Away!\r\n\r\nTheir bright red or orange bodies with black spots are a warning to predators: “I taste bad!”\r\n\r\nGreat Garden Helpers\r\n\r\nLadybugs love to eat aphids (tiny pests), so they help protect plants and gardens.\r\n\r\nMany, Many Types\r\n\r\nThere are over 5,000 species of ladybugs around the world!\r\n\r\nSpots Aren’t for Age\r\n\r\nSome people think a ladybug’s spots tell its age, but that’s a myth! Spots help identify the species.\r\n\r\nThey Can “Play Dead”\r\n\r\nWhen scared, ladybugs might stop moving and even release a smelly liquid to fool predators.\r\n\r\nWinter Sleep\r\n\r\nIn cold weather, ladybugs go into a kind of sleep called hibernation and often gather in big groups.', 'uploads/homework_attachments/015fbe7338eecc9f_ladybug color pencil week 4.png'),
(111, 187, 1, 5, '2025-06-18', 'ladybugs', 'Fun Facts About Ladybugs\r\nNot Really a Bug!\r\n\r\nDespite their name, ladybugs are actually a type of beetle, not a true bug.\r\n\r\nBright Colors = Stay Away!\r\n\r\nTheir bright red or orange bodies with black spots are a warning to predators: “I taste bad!”\r\n\r\nGreat Garden Helpers\r\n\r\nLadybugs love to eat aphids (tiny pests), so they help protect plants and gardens.\r\n\r\nMany, Many Types\r\n\r\nThere are over 5,000 species of ladybugs around the world!\r\n\r\nSpots Aren’t for Age\r\n\r\nSome people think a ladybug’s spots tell its age, but that’s a myth! Spots help identify the species.\r\n\r\nThey Can “Play Dead”\r\n\r\nWhen scared, ladybugs might stop moving and even release a smelly liquid to fool predators.\r\n\r\nWinter Sleep\r\n\r\nIn cold weather, ladybugs go into a kind of sleep called hibernation and often gather in big groups.', 'uploads/homework_attachments/015fbe7338eecc9f_ladybug color pencil week 4.png'),
(112, 189, 9, 4, '2025-06-18', 'HW- Great Crested Grebe', 'Crested head feathers: The adult has distinctive black crests and chestnut \"ear tufts.\"\r\n\r\nSharp, pointed beak: Adapted for catching fish.\r\n\r\nElegant neck: Long and white with a graceful curve.\r\n\r\nYoung chicks: Often ride on the parent\'s back and have striped heads.\r\n\r\nThey’re known for their graceful swimming, elaborate mating dances, and are often found on freshwater lakes and rivers.', 'uploads/homework_attachments/ccbc8c327f3f74c1_Enhanced june w1.png'),
(114, 187, 1, 5, '2025-06-19', 'Fred Flintstone  Cartoon Character', 'Fred Flintstone is the main character of the animated sitcom The Flintstones, which aired during prime-time on ABC during the original series\' run from 1960 to 1966.\r\nFred is the husband of Wilma Flintstone and father of Pebbles Flintstone and together the family live in their homely cave in the town of Bedrock. His best friend is his next door neighbor, Barney, who has a wife named Betty.', 'uploads/homework_attachments/4b82009092c526bb_cartoon C.png'),
(116, 187, 1, 5, '2025-06-26', 'HW- Boat', 'A boat sails gently across the sea,\r\nDancing with waves so wild and free.\r\nIts wooden hull strong, yet light as air.', 'uploads/homework_attachments/60d0e81183b2d41a_week 2 june.png'),
(117, 178, 1, 3, '2025-06-20', 'HW - Draw Rainbow Lorikeet', 'The Rainbow Lorikeet was abundant around Sydney until the late 19th century, but was rare in Sydney between then and 1950. It is now highly abundant again across Sydney.\r\n\r\nThe Rainbow Lorikeet is unmistakable with its bright red beak and colourful plumage. Both sexes look alike, with a blue (mauve) head and belly, green wings, tail and back, and an orange/yellow breast. They are often seen in loud and fast-moving flocks, or in communal roosts at dusk.', 'uploads/homework_attachments/27aee4b5205f6a63_rainbow.jpg'),
(118, 181, 1, 3, '2025-06-20', 'HW - Draw Rainbow Lorikeet', 'The Rainbow Lorikeet was abundant around Sydney until the late 19th century, but was rare in Sydney between then and 1950. It is now highly abundant again across Sydney.\r\n\r\nThe Rainbow Lorikeet is unmistakable with its bright red beak and colourful plumage. Both sexes look alike, with a blue (mauve) head and belly, green wings, tail and back, and an orange/yellow breast. They are often seen in loud and fast-moving flocks, or in communal roosts at dusk.', 'uploads/homework_attachments/27aee4b5205f6a63_rainbow.jpg'),
(119, 183, 1, 2, '2025-06-20', 'HW - print & color Rainbow Lorikeet', 'The Rainbow Lorikeet was abundant around Sydney until the late 19th century, but was rare in Sydney between then and 1950. It is now highly abundant again across Sydney.\r\n\r\nThe Rainbow Lorikeet is unmistakable with its bright red beak and colourful plumage. Both sexes look alike, with a blue (mauve) head and belly, green wings, tail and back, and an orange/yellow breast. They are often seen in loud and fast-moving flocks, or in communal roosts at dusk.', 'uploads/homework_attachments/6a642cef7e8c3ff3_12133.jpg'),
(124, 195, 3, 5, '2025-06-21', 'HW -ladybugs', 'About **ladybugs**\r\n\r\n🐞 **1. Tiny Superheroes!**\r\nLadybugs eat plant-eating bugs like aphids — they help protect gardens and farms just like superheroes!\r\n\r\n---\r\n\r\n🌈 **2. Dots Are Their Style!**\r\nMost ladybugs have **red or orange bodies** with **black spots** — no two ladybugs have the same dot pattern!\r\n\r\n---\r\n\r\n🛡️ **3. Bright Colors = Warning!**\r\nTheir bright color tells predators: \"Don’t eat me — I taste bad!\" 😝\r\n\r\n---\r\n\r\n🪺 **4. From Egg to Bug**\r\nLadybugs grow from **eggs to larvae to adults** — just like butterflies, they go through a cool life cycle!\r\n\r\n---\r\n\r\n🎉 **5. Lucky Bugs!**\r\nIn many cultures, **seeing a ladybug is a sign of good luck**. Some people even make wishes when they see one!', 'uploads/homework_attachments/04f2e8740915fc82_ladybug color pencil week 4.png'),
(125, 196, 3, 5, '2025-06-21', 'HW -ladybugs', 'About **ladybugs**\r\n\r\n🐞 **1. Tiny Superheroes!**\r\nLadybugs eat plant-eating bugs like aphids — they help protect gardens and farms just like superheroes!\r\n\r\n---\r\n\r\n🌈 **2. Dots Are Their Style!**\r\nMost ladybugs have **red or orange bodies** with **black spots** — no two ladybugs have the same dot pattern!\r\n\r\n---\r\n\r\n🛡️ **3. Bright Colors = Warning!**\r\nTheir bright color tells predators: \"Don’t eat me — I taste bad!\" 😝\r\n\r\n---\r\n\r\n🪺 **4. From Egg to Bug**\r\nLadybugs grow from **eggs to larvae to adults** — just like butterflies, they go through a cool life cycle!\r\n\r\n---\r\n\r\n🎉 **5. Lucky Bugs!**\r\nIn many cultures, **seeing a ladybug is a sign of good luck**. Some people even make wishes when they see one!', 'uploads/homework_attachments/04f2e8740915fc82_ladybug color pencil week 4.png'),
(126, 198, 3, 5, '2025-06-21', 'HW -ladybugs', 'About **ladybugs**\r\n\r\n🐞 **1. Tiny Superheroes!**\r\nLadybugs eat plant-eating bugs like aphids — they help protect gardens and farms just like superheroes!\r\n\r\n---\r\n\r\n🌈 **2. Dots Are Their Style!**\r\nMost ladybugs have **red or orange bodies** with **black spots** — no two ladybugs have the same dot pattern!\r\n\r\n---\r\n\r\n🛡️ **3. Bright Colors = Warning!**\r\nTheir bright color tells predators: \"Don’t eat me — I taste bad!\" 😝\r\n\r\n---\r\n\r\n🪺 **4. From Egg to Bug**\r\nLadybugs grow from **eggs to larvae to adults** — just like butterflies, they go through a cool life cycle!\r\n\r\n---\r\n\r\n🎉 **5. Lucky Bugs!**\r\nIn many cultures, **seeing a ladybug is a sign of good luck**. Some people even make wishes when they see one!', 'uploads/homework_attachments/04f2e8740915fc82_ladybug color pencil week 4.png'),
(127, 199, 3, 5, '2025-06-21', 'HW -ladybugs', 'About **ladybugs**\r\n\r\n🐞 **1. Tiny Superheroes!**\r\nLadybugs eat plant-eating bugs like aphids — they help protect gardens and farms just like superheroes!\r\n\r\n---\r\n\r\n🌈 **2. Dots Are Their Style!**\r\nMost ladybugs have **red or orange bodies** with **black spots** — no two ladybugs have the same dot pattern!\r\n\r\n---\r\n\r\n🛡️ **3. Bright Colors = Warning!**\r\nTheir bright color tells predators: \"Don’t eat me — I taste bad!\" 😝\r\n\r\n---\r\n\r\n🪺 **4. From Egg to Bug**\r\nLadybugs grow from **eggs to larvae to adults** — just like butterflies, they go through a cool life cycle!\r\n\r\n---\r\n\r\n🎉 **5. Lucky Bugs!**\r\nIn many cultures, **seeing a ladybug is a sign of good luck**. Some people even make wishes when they see one!', 'uploads/homework_attachments/04f2e8740915fc82_ladybug color pencil week 4.png'),
(128, 200, 3, 5, '2025-06-21', 'HW -ladybugs', 'About **ladybugs**\r\n\r\n🐞 **1. Tiny Superheroes!**\r\nLadybugs eat plant-eating bugs like aphids — they help protect gardens and farms just like superheroes!\r\n\r\n---\r\n\r\n🌈 **2. Dots Are Their Style!**\r\nMost ladybugs have **red or orange bodies** with **black spots** — no two ladybugs have the same dot pattern!\r\n\r\n---\r\n\r\n🛡️ **3. Bright Colors = Warning!**\r\nTheir bright color tells predators: \"Don’t eat me — I taste bad!\" 😝\r\n\r\n---\r\n\r\n🪺 **4. From Egg to Bug**\r\nLadybugs grow from **eggs to larvae to adults** — just like butterflies, they go through a cool life cycle!\r\n\r\n---\r\n\r\n🎉 **5. Lucky Bugs!**\r\nIn many cultures, **seeing a ladybug is a sign of good luck**. Some people even make wishes when they see one!', 'uploads/homework_attachments/04f2e8740915fc82_ladybug color pencil week 4.png'),
(129, 201, 3, 5, '2025-06-21', 'HW -ladybugs', 'About **ladybugs**\r\n\r\n🐞 **1. Tiny Superheroes!**\r\nLadybugs eat plant-eating bugs like aphids — they help protect gardens and farms just like superheroes!\r\n\r\n---\r\n\r\n🌈 **2. Dots Are Their Style!**\r\nMost ladybugs have **red or orange bodies** with **black spots** — no two ladybugs have the same dot pattern!\r\n\r\n---\r\n\r\n🛡️ **3. Bright Colors = Warning!**\r\nTheir bright color tells predators: \"Don’t eat me — I taste bad!\" 😝\r\n\r\n---\r\n\r\n🪺 **4. From Egg to Bug**\r\nLadybugs grow from **eggs to larvae to adults** — just like butterflies, they go through a cool life cycle!\r\n\r\n---\r\n\r\n🎉 **5. Lucky Bugs!**\r\nIn many cultures, **seeing a ladybug is a sign of good luck**. Some people even make wishes when they see one!', 'uploads/homework_attachments/04f2e8740915fc82_ladybug color pencil week 4.png'),
(130, 194, 3, 8, '2025-06-21', 'HW - portrait side View', 'The player\'s full name is Gukesh Dommaraju and they confirmed to Chess.com that they prefer to be called by their first name, Gukesh.\r\n\r\nIndian GM Gukesh Dommaraju is the current world chess champion, defeating GM Ding Liren in the FIDE World Championship on December 12, 2024. \r\nHe is the youngest undisputed world champion in chess history, at 18 years and six months old, shattering the previous record of 22 years and seven months which was set by GM Garry Kasparov in 1985. \r\nGukesh became the challenger to the world championship in April 2024 by winning the 2024 FIDE Candidates Tournament with a score of 9/14, which also made him the youngest-ever Candidates Tournament winner.', 'uploads/homework_attachments/c2cbc4c2a75cbc8d_Gukesh portrait.png'),
(131, 197, 3, 8, '2025-06-21', 'HW - portrait side View', 'The player\'s full name is Gukesh Dommaraju and they confirmed to Chess.com that they prefer to be called by their first name, Gukesh.\r\n\r\nIndian GM Gukesh Dommaraju is the current world chess champion, defeating GM Ding Liren in the FIDE World Championship on December 12, 2024. \r\nHe is the youngest undisputed world champion in chess history, at 18 years and six months old, shattering the previous record of 22 years and seven months which was set by GM Garry Kasparov in 1985. \r\nGukesh became the challenger to the world championship in April 2024 by winning the 2024 FIDE Candidates Tournament with a score of 9/14, which also made him the youngest-ever Candidates Tournament winner.', 'uploads/homework_attachments/c2cbc4c2a75cbc8d_Gukesh portrait.png'),
(132, 202, 3, 8, '2025-06-21', 'HW - portrait side View', 'The player\'s full name is Gukesh Dommaraju and they confirmed to Chess.com that they prefer to be called by their first name, Gukesh.\r\n\r\nIndian GM Gukesh Dommaraju is the current world chess champion, defeating GM Ding Liren in the FIDE World Championship on December 12, 2024. \r\nHe is the youngest undisputed world champion in chess history, at 18 years and six months old, shattering the previous record of 22 years and seven months which was set by GM Garry Kasparov in 1985. \r\nGukesh became the challenger to the world championship in April 2024 by winning the 2024 FIDE Candidates Tournament with a score of 9/14, which also made him the youngest-ever Candidates Tournament winner.', 'uploads/homework_attachments/c2cbc4c2a75cbc8d_Gukesh portrait.png'),
(133, 189, 9, 4, '2025-06-21', 'HW - Draw A Goose', 'Geese are large, heavy-bodied waterfowl, generally larger than ducks but smaller than swans, belonging to the family Anatidae. They are known for their webbed feet, long necks, and distinctive bills, which are often humped and narrower at the tip. Geese are primarily herbivores, feeding on grasses, plants, and seeds, though some species may also consume aquatic invertebrates.', 'uploads/homework_attachments/cdb1af34d8f8cbea_Enhanced june w1.png'),
(135, 204, 3, 4, '2025-06-21', 'HW - Draw A Goose', 'Geese are large, heavy-bodied waterfowl, generally larger than ducks but smaller than swans, belonging to the family Anatidae. They are known for their webbed feet, long necks, and distinctive bills, which are often humped and narrower at the tip. Geese are primarily herbivores, feeding on grasses, plants, and seeds, though some species may also consume aquatic invertebrates.', 'uploads/homework_attachments/cdb1af34d8f8cbea_Enhanced june w1.png'),
(136, 205, 3, 4, '2025-06-21', 'HW - Draw A Goose', 'Geese are large, heavy-bodied waterfowl, generally larger than ducks but smaller than swans, belonging to the family Anatidae. They are known for their webbed feet, long necks, and distinctive bills, which are often humped and narrower at the tip. Geese are primarily herbivores, feeding on grasses, plants, and seeds, though some species may also consume aquatic invertebrates.', 'uploads/homework_attachments/cdb1af34d8f8cbea_Enhanced june w1.png'),
(138, 474, 9, 3, '2025-06-26', 'HW - Flame Bower Bird', 'The male flame bowerbird is famous for its vivid fiery-orange and yellow feathers—it looks like it\'s literally glowing in the rainforest\r\n\r\nFlame bowerbirds are native to New Guinea and are found only in the rainforests', 'uploads/homework_attachments/30ddccbcf7470626_bird .png'),
(139, 189, 9, 4, '2025-06-26', 'HW - Black Bird', '1. All-Black Body, Bright Beak!\r\nMale blackbirds are shiny black with a bright yellow-orange beak and eye-ring .\r\n\r\n2. They’re Great Singers 🎶\r\nBlackbirds are known for their melodious whistles. They often sing from rooftops or tree branches, especially early in the morning.\r\n\r\n3. Fruit Lovers 🍓\r\nThey love to eat worms, insects, and especially fruits and berries — they help spread seeds in nature.', 'uploads/homework_attachments/e9c83f279b25659a_black bird Enjanced group.png'),
(140, 472, 10, 4, '2025-06-26', 'HW - Black Bird', '1. All-Black Body, Bright Beak!\r\nMale blackbirds are shiny black with a bright yellow-orange beak and eye-ring .\r\n\r\n2. They’re Great Singers 🎶\r\nBlackbirds are known for their melodious whistles. They often sing from rooftops or tree branches, especially early in the morning.\r\n\r\n3. Fruit Lovers 🍓\r\nThey love to eat worms, insects, and especially fruits and berries — they help spread seeds in nature.', 'uploads/homework_attachments/3f447c2b2108bef4_black bird Enjanced group.png'),
(141, 204, 3, 4, '2025-06-27', 'HW - Black Bird', 'Nest Builders Extraordinaire 🪺\r\nThey make neat cup-shaped nests using twigs, grass, and mud — just like in your picture!\r\n\r\nAll-Black Body, Bright Beak!\r\nMale blackbirds are shiny black with a bright yellow-orange beak and eye-ring', 'uploads/homework_attachments/6bbf2342d7aae871_black bird Enjanced group.png'),
(142, 205, 3, 4, '2025-06-27', 'HW - Black Bird', 'Nest Builders Extraordinaire 🪺\r\nThey make neat cup-shaped nests using twigs, grass, and mud — just like in your picture!\r\n\r\nAll-Black Body, Bright Beak!\r\nMale blackbirds are shiny black with a bright yellow-orange beak and eye-ring', 'uploads/homework_attachments/6bbf2342d7aae871_black bird Enjanced group.png'),
(143, 451, 3, 4, '2025-06-27', 'HW - Black Bird', 'Nest Builders Extraordinaire 🪺\r\nThey make neat cup-shaped nests using twigs, grass, and mud — just like in your picture!\r\n\r\nAll-Black Body, Bright Beak!\r\nMale blackbirds are shiny black with a bright yellow-orange beak and eye-ring', 'uploads/homework_attachments/6bbf2342d7aae871_black bird Enjanced group.png'),
(144, 450, 3, 2, '2025-06-26', 'HW - Bower Bird (Print and Color)', 'A bird with Flames like feathers. \r\nA tiny BIrd live in tall trees.', 'uploads/homework_attachments/34bcd63f1a3b48f0_Screenshot 2025-06-20 115550.png'),
(146, 457, 2, 5, '2025-06-26', 'HW- Boat', '1. Boats Can Float Because of Air!\r\nEven heavy boats float because their shape pushes water aside and there\'s lots of air inside. That’s called buoyancy!\r\n\r\n2. Boats Come in All Sizes\r\nFrom tiny canoes to giant cruise ships — some boats are small enough for one person, while others are like floating cities!\r\n\r\n3. Wind-Powered Boats\r\nSailboats move using wind in their sails — no fuel needed! It’s like riding the wind on water. 🌬️⛵\r\n\r\n4. Boats Were Made Long Ago\r\nThe first boats were built over 10,000 years ago — made of logs and animal skins!', 'uploads/homework_attachments/8abcf0f3f14f6421_week 2 june.png'),
(147, 462, 2, 5, '2025-06-26', 'HW- Boat', '1. Boats Can Float Because of Air!\r\nEven heavy boats float because their shape pushes water aside and there\'s lots of air inside. That’s called buoyancy!\r\n\r\n2. Boats Come in All Sizes\r\nFrom tiny canoes to giant cruise ships — some boats are small enough for one person, while others are like floating cities!\r\n\r\n3. Wind-Powered Boats\r\nSailboats move using wind in their sails — no fuel needed! It’s like riding the wind on water. 🌬️⛵\r\n\r\n4. Boats Were Made Long Ago\r\nThe first boats were built over 10,000 years ago — made of logs and animal skins!', 'uploads/homework_attachments/8abcf0f3f14f6421_week 2 june.png'),
(148, 466, 2, 5, '2025-06-26', 'HW- Boat', '1. Boats Can Float Because of Air!\r\nEven heavy boats float because their shape pushes water aside and there\'s lots of air inside. That’s called buoyancy!\r\n\r\n2. Boats Come in All Sizes\r\nFrom tiny canoes to giant cruise ships — some boats are small enough for one person, while others are like floating cities!\r\n\r\n3. Wind-Powered Boats\r\nSailboats move using wind in their sails — no fuel needed! It’s like riding the wind on water. 🌬️⛵\r\n\r\n4. Boats Were Made Long Ago\r\nThe first boats were built over 10,000 years ago — made of logs and animal skins!', 'uploads/homework_attachments/8abcf0f3f14f6421_week 2 june.png'),
(150, 457, 2, 5, '2025-06-29', 'HW - Lady Bug', 'Tiny Superheroes!\r\nLadybugs eat plant-eating bugs like aphids, helping farmers and gardens. They\'re tiny pest controllers in disguise!\r\n\r\nRed = “Stay Away!”\r\nTheir bright red color tells predators: “I taste yucky!” It’s their built-in warning system.\r\n\r\nThey Can Fly!\r\nHidden under those pretty red shells are wings! Ladybugs can flap their wings up to 85 times per second!\r\n\r\nNot All Are Red\r\nSome ladybugs are yellow, orange, pink, or even black with different numbers of spots.\r\n\r\nLucky Bugs!\r\nIn many cultures, seeing a ladybug is considered good luck—especially if it lands on you!', 'uploads/homework_attachments/dc9aef10f8aa34c8_ladybug color pencil week 4.png'),
(151, 462, 2, 5, '2025-06-29', 'HW - Lady Bug', 'Tiny Superheroes!\r\nLadybugs eat plant-eating bugs like aphids, helping farmers and gardens. They\'re tiny pest controllers in disguise!\r\n\r\nRed = “Stay Away!”\r\nTheir bright red color tells predators: “I taste yucky!” It’s their built-in warning system.\r\n\r\nThey Can Fly!\r\nHidden under those pretty red shells are wings! Ladybugs can flap their wings up to 85 times per second!\r\n\r\nNot All Are Red\r\nSome ladybugs are yellow, orange, pink, or even black with different numbers of spots.\r\n\r\nLucky Bugs!\r\nIn many cultures, seeing a ladybug is considered good luck—especially if it lands on you!', 'uploads/homework_attachments/dc9aef10f8aa34c8_ladybug color pencil week 4.png'),
(152, 466, 2, 5, '2025-06-29', 'HW - Lady Bug', 'Tiny Superheroes!\r\nLadybugs eat plant-eating bugs like aphids, helping farmers and gardens. They\'re tiny pest controllers in disguise!\r\n\r\nRed = “Stay Away!”\r\nTheir bright red color tells predators: “I taste yucky!” It’s their built-in warning system.\r\n\r\nThey Can Fly!\r\nHidden under those pretty red shells are wings! Ladybugs can flap their wings up to 85 times per second!\r\n\r\nNot All Are Red\r\nSome ladybugs are yellow, orange, pink, or even black with different numbers of spots.\r\n\r\nLucky Bugs!\r\nIn many cultures, seeing a ladybug is considered good luck—especially if it lands on you!', 'uploads/homework_attachments/dc9aef10f8aa34c8_ladybug color pencil week 4.png'),
(153, 475, 2, 5, '2025-06-29', 'HW-Lady Bug', '1. They’re Not Actually Bugs!\r\nLadybugs are beetles, not true bugs — and their real name is the ladybird beetle.\r\n\r\n2. Spots Are Their Style!\r\nLadybugs can have different numbers of spots — some have no spots at all, while others have over 20!\r\n\r\n3. They’re Garden Superheroes 🦸‍♀️\r\nLadybugs love eating aphids (tiny plant-eating insects), so gardeners love ladybugs for keeping plants safe.\r\n\r\n4. They Play Dead to Stay Safe\r\nWhen scared, a ladybug might curl up and pretend to be dead, or release a stinky smell to scare off predators!', 'uploads/homework_attachments/f671751ff8b31f50_ladybug color pencil week 4.png'),
(155, 185, 1, 5, '2025-06-27', 'HW - Boat', '1. Boats Can Float Because of Their Shape\r\nEven though boats are heavy, they float because they push water away and have lots of air inside. This is called buoyancy!\r\n\r\n2. Sails Catch the Wind\r\nSailboats use big cloth sails to catch the wind and move without any engine — it’s like flying on water! ⛵\r\n\r\n3. Boats Were One of the First Vehicles\r\nPeople have been using boats for thousands of years — even before the wheel was invented.', 'uploads/homework_attachments/ac921e4117777a63_week 2 june.png'),
(156, 187, 1, 5, '2025-06-27', 'HW - Boat', '1. Boats Can Float Because of Their Shape\r\nEven though boats are heavy, they float because they push water away and have lots of air inside. This is called buoyancy!\r\n\r\n2. Sails Catch the Wind\r\nSailboats use big cloth sails to catch the wind and move without any engine — it’s like flying on water! ⛵\r\n\r\n3. Boats Were One of the First Vehicles\r\nPeople have been using boats for thousands of years — even before the wheel was invented.', 'uploads/homework_attachments/ac921e4117777a63_week 2 june.png'),
(157, 178, 1, 3, '2025-06-27', 'HW- Flame bower bird', 'Brightest Bird in the Jungle\r\n They Don’t Live in India\r\nFlame bowerbirds are native to New Guinea.', 'uploads/homework_attachments/ef8059eed24eeafc_bird .png'),
(158, 181, 1, 3, '2025-06-27', 'HW- Flame bower bird', 'Brightest Bird in the Jungle\r\n They Don’t Live in India\r\nFlame bowerbirds are native to New Guinea.', 'uploads/homework_attachments/ef8059eed24eeafc_bird .png'),
(159, 183, 1, 2, '2025-06-27', 'HW- Flame bower bird (Print & Color)', 'Brightest Bird in the Jungle\r\n They Don’t Live in India\r\nFlame bowerbirds are native to New Guinea.', 'uploads/homework_attachments/960c6cf293a44aaf_Screenshot 2025-06-20 115550.png'),
(160, 182, 1, 1, '2025-06-27', 'HW - Color the Direction of these two shapes.', 'This activity is designed for our little learners who will need support to complete it.\r\nWe request parents to kindly guide your child while doing this task. Please ensure they are engaged and involved—help them recognize directions and use colors as instructed in the attached worksheet.', 'uploads/homework_attachments/39d42cde61e54efe_Sleeping Direction.pdf'),
(161, 194, 3, 8, '2025-06-27', 'HW - Basic of portrait & S  jaishankar', 'This week’s homework PDF includes two separate tasks based on your learning level:\r\n\r\nPortrait – Beginner Level\r\nFor our new learners, we’ve included a basic portrait sketching assignment to help you understand facial structure and proportion. Please follow the reference and focus on light pencil work and shape accuracy.\r\n\r\nPortrait – Regular Level (Complete Homework)\r\nFor our continuing students, this is a full portrait homework including sketching, shading, and detailing. Use appropriate tones, observe facial features carefully, and submit your best work.', 'uploads/homework_attachments/584f612350911a9a_portrait HW.pdf'),
(162, 197, 3, 8, '2025-06-27', 'HW - Basic of portrait & S  jaishankar', 'This week’s homework PDF includes two separate tasks based on your learning level:\r\n\r\nPortrait – Beginner Level\r\nFor our new learners, we’ve included a basic portrait sketching assignment to help you understand facial structure and proportion. Please follow the reference and focus on light pencil work and shape accuracy.\r\n\r\nPortrait – Regular Level (Complete Homework)\r\nFor our continuing students, this is a full portrait homework including sketching, shading, and detailing. Use appropriate tones, observe facial features carefully, and submit your best work.', 'uploads/homework_attachments/584f612350911a9a_portrait HW.pdf'),
(163, 202, 3, 8, '2025-06-27', 'HW - Basic of portrait & S  jaishankar', 'This week’s homework PDF includes two separate tasks based on your learning level:\r\n\r\nPortrait – Beginner Level\r\nFor our new learners, we’ve included a basic portrait sketching assignment to help you understand facial structure and proportion. Please follow the reference and focus on light pencil work and shape accuracy.\r\n\r\nPortrait – Regular Level (Complete Homework)\r\nFor our continuing students, this is a full portrait homework including sketching, shading, and detailing. Use appropriate tones, observe facial features carefully, and submit your best work.', 'uploads/homework_attachments/584f612350911a9a_portrait HW.pdf'),
(164, 195, 3, 5, '2025-06-27', 'HW-  Butterfly', 'This is a full-fledged homework assignment where students are expected to draw the butterfly from reference, add details, patterns, and background, and complete it Creativity and neatness will be key!', 'uploads/homework_attachments/0c3ed8b3a06a8689_buterfly insect june week 3.png'),
(165, 196, 3, 5, '2025-06-27', 'HW-  Butterfly', 'This is a full-fledged homework assignment where students are expected to draw the butterfly from reference, add details, patterns, and background, and complete it Creativity and neatness will be key!', 'uploads/homework_attachments/0c3ed8b3a06a8689_buterfly insect june week 3.png'),
(166, 198, 3, 5, '2025-06-27', 'HW-  Butterfly', 'This is a full-fledged homework assignment where students are expected to draw the butterfly from reference, add details, patterns, and background, and complete it Creativity and neatness will be key!', 'uploads/homework_attachments/0c3ed8b3a06a8689_buterfly insect june week 3.png'),
(167, 199, 3, 5, '2025-06-27', 'HW-  Butterfly', 'This is a full-fledged homework assignment where students are expected to draw the butterfly from reference, add details, patterns, and background, and complete it Creativity and neatness will be key!', 'uploads/homework_attachments/0c3ed8b3a06a8689_buterfly insect june week 3.png'),
(168, 200, 3, 5, '2025-06-27', 'HW-  Butterfly', 'This is a full-fledged homework assignment where students are expected to draw the butterfly from reference, add details, patterns, and background, and complete it Creativity and neatness will be key!', 'uploads/homework_attachments/0c3ed8b3a06a8689_buterfly insect june week 3.png'),
(169, 201, 3, 5, '2025-06-27', 'HW-  Butterfly', 'This is a full-fledged homework assignment where students are expected to draw the butterfly from reference, add details, patterns, and background, and complete it Creativity and neatness will be key!', 'uploads/homework_attachments/0c3ed8b3a06a8689_buterfly insect june week 3.png'),
(170, 450, 3, 2, '2025-06-27', 'HW - Print and color Rainbow Loorikeet', 'Print the outline on A4 size white drawing paper.\r\n\r\nMake sure the print is clear and center-aligned.\r\ncolor and smudge it beautifully .', 'uploads/homework_attachments/9d6c3085e6b2fd1d_ChatGPT Image Jun 20, 2025, 09_38_41 AM.png'),
(171, 473, 10, 8, '2025-06-28', 'HW- S. Jaishankar Minister of External Affairs of India', 'Minister of External Affairs of India', 'uploads/homework_attachments/3cb63cbec8fe9db5_Minister of External Affairs of India.png'),
(172, 204, 3, 4, '2025-06-28', 'HW- Blackbird', 'Drawing and color the bird', 'uploads/homework_attachments/816b73dfd231d64e_Screenshot_2025-06-28-11-38-49-88_92460851df6f172a4592fca41cc2d2e6.jpg'),
(173, 205, 3, 4, '2025-06-28', 'HW- Blackbird', 'Drawing and color the bird', 'uploads/homework_attachments/816b73dfd231d64e_Screenshot_2025-06-28-11-38-49-88_92460851df6f172a4592fca41cc2d2e6.jpg'),
(174, 451, 3, 4, '2025-06-28', 'HW- Blackbird', 'Drawing and color the bird', 'uploads/homework_attachments/816b73dfd231d64e_Screenshot_2025-06-28-11-38-49-88_92460851df6f172a4592fca41cc2d2e6.jpg'),
(175, 469, 10, 2, '2025-06-28', 'HW - Print & Color (Flame Bower Bird)', 'Download and print  the drawing sheet attached.\r\nUsed the same color combination used in the classes.', 'uploads/homework_attachments/0f9901fe7b4b988e_Screenshot 2025-06-20 115550.png'),
(176, 470, 10, 2, '2025-06-28', 'HW - Print & Color (Flame Bower Bird)', 'Download and print  the drawing sheet attached.\r\nUsed the same color combination used in the classes.', 'uploads/homework_attachments/0f9901fe7b4b988e_Screenshot 2025-06-20 115550.png'),
(177, 468, 10, 3, '2025-06-28', 'HW - Drawng & Color (Flame Bower Bird)', 'Draw and color \r\nUsed the same color combination used in the Class work.', 'uploads/homework_attachments/31675ad9d1804d1f_IMG_20250620_122332.jpg'),
(178, 471, 10, 3, '2025-06-28', 'HW - Drawng & Color (Flame Bower Bird)', 'Draw and color \r\nUsed the same color combination used in the Class work.', 'uploads/homework_attachments/31675ad9d1804d1f_IMG_20250620_122332.jpg'),
(179, 476, 10, 5, '2025-06-28', 'HW - Drawng & Shade Butterfly', 'Draw and Shade this beautiful butterfly. \r\nALL THE BEST', 'uploads/homework_attachments/446791e80f1450c1_buterfly insect june week 3.png'),
(180, 472, 10, 4, '2025-06-28', 'HW -DRAW & Color Sparrow', 'Draw and color the Bird\r\nALL THE BEST', 'uploads/homework_attachments/a29f9162d8f17822_sparrow.png'),
(185, 452, 2, 8, '2025-06-30', 'HW - Gukesh Dommaraju', 'Indian GM Gukesh Dommaraju is the current world chess champion, defeating GM Ding Liren in the FIDE World Championship on December 12, 2024. He is the youngest undisputed world champion in chess history, at 18 years and six months old', 'uploads/homework_attachments/9092a142ce13f52e_Gukesh portrait.png'),
(187, 456, 2, 2, '2025-06-30', 'HW - Print & Color', 'Color the Drawing , use correct directions.', 'uploads/homework_attachments/0d35412f02c4c91a_IMG_20250628_194317.jpg'),
(188, 461, 2, 2, '2025-06-30', 'HW - Print & Color', 'Color the Drawing , use correct directions.', 'uploads/homework_attachments/0d35412f02c4c91a_IMG_20250628_194317.jpg'),
(189, 463, 2, 2, '2025-06-30', 'HW - Print & Color', 'Color the Drawing , use correct directions.', 'uploads/homework_attachments/0d35412f02c4c91a_IMG_20250628_194317.jpg'),
(190, 464, 2, 2, '2025-06-30', 'HW - Print & Color', 'Color the Drawing , use correct directions.', 'uploads/homework_attachments/0d35412f02c4c91a_IMG_20250628_194317.jpg'),
(191, 467, 2, 2, '2025-06-30', 'HW - Print & Color', 'Color the Drawing , use correct directions.', 'uploads/homework_attachments/0d35412f02c4c91a_IMG_20250628_194317.jpg'),
(192, 449, 2, 3, '2025-06-30', 'HW - Draw and color', 'tudents should color the drawing neatly by following the given directions:\r\n\r\nBackground Colors: Use Prussian Blue smudged with Cerulean Blue to create a smooth blend. Start from the top with Prussian Blue and gently merge into Cerulean Blue toward the bottom.\r\n\r\n💡 Note for Parents:\r\nIf your child is unsure about the color names or shades, kindly guide them in identifying the correct colors from their coloring kit. Your support helps them complete their homework confidently and learn better.', 'uploads/homework_attachments/0b67587ab78052e2_IMG_20250628_200229.jpg'),
(193, 454, 2, 3, '2025-06-30', 'HW - Draw and color', 'tudents should color the drawing neatly by following the given directions:\r\n\r\nBackground Colors: Use Prussian Blue smudged with Cerulean Blue to create a smooth blend. Start from the top with Prussian Blue and gently merge into Cerulean Blue toward the bottom.\r\n\r\n💡 Note for Parents:\r\nIf your child is unsure about the color names or shades, kindly guide them in identifying the correct colors from their coloring kit. Your support helps them complete their homework confidently and learn better.', 'uploads/homework_attachments/0b67587ab78052e2_IMG_20250628_200229.jpg'),
(195, 465, 2, 3, '2025-06-30', 'HW - Draw and color', 'tudents should color the drawing neatly by following the given directions:\r\n\r\nBackground Colors: Use Prussian Blue smudged with Cerulean Blue to create a smooth blend. Start from the top with Prussian Blue and gently merge into Cerulean Blue toward the bottom.\r\n\r\n💡 Note for Parents:\r\nIf your child is unsure about the color names or shades, kindly guide them in identifying the correct colors from their coloring kit. Your support helps them complete their homework confidently and learn better.', 'uploads/homework_attachments/0b67587ab78052e2_IMG_20250628_200229.jpg'),
(196, 453, 2, 4, '2025-06-30', 'HW -  Homework Topic: Shuttle & Cock (Badminton)', 'Draw Step by Step and color the drawing. \r\nAs part of the Enhanced Group, we expect more refined effort and creativity. Please ensure your child submits their work neatly and on time.', 'uploads/homework_attachments/69ca4aaab9014e55_bATMINTION.png'),
(197, 459, 2, 4, '2025-06-30', 'HW -  Homework Topic: Shuttle & Cock (Badminton)', 'Draw Step by Step and color the drawing. \r\nAs part of the Enhanced Group, we expect more refined effort and creativity. Please ensure your child submits their work neatly and on time.', 'uploads/homework_attachments/69ca4aaab9014e55_bATMINTION.png'),
(198, 477, 6, 8, '2025-06-30', 'HW - Indian GM Gukesh Dommaraju', 'He is the current world chess champion, defeating GM Ding Liren in the FIDE World Championship on December 12, 2024. He is the youngest undisputed world champion in chess history, at 18 years and six months old.', 'uploads/homework_attachments/0119729675e53ad2_Gukesh portrait.png'),
(199, 480, 6, 5, '2025-06-30', 'HW -Lady Bug', 'Draw and shade. \r\n\r\nTiny Superheroes!\r\nLadybugs eat plant-eating bugs like aphids, helping farmers and gardens. They\'re tiny pest controllers in disguise!\r\n\r\nRed = “Stay Away!”\r\nTheir bright red color tells predators: “I taste yucky!” It’s their built-in warning system.\r\n\r\nThey Can Fly!\r\nHidden under those pretty red shells are wings! Ladybugs can flap their wings up to 85 times per second!\r\n\r\nNot All Are Red\r\nSome ladybugs are yellow, orange, pink, or even black with different numbers of spots.', 'uploads/homework_attachments/275a40d365a3a004_LB.jpg'),
(200, 481, 6, 1, '2025-06-30', 'HW -print and color the shapes.', 'Use the correct direction to complete the coloring.', 'uploads/homework_attachments/348ec0901e1e9a50_Sleeping Direction.pdf'),
(201, 478, 6, 3, '2025-06-30', 'HW -Draw and color Table Tennis', 'Students should color the drawing neatly by following the given directions:\r\n\r\nBackground Colors: Use Prussian Blue smudged with Cerulean Blue to create a smooth blend. Start from the top with Prussian Blue and gently merge into Cerulean Blue toward the bottom.\r\n\r\n💡 Note for Parents:\r\nIf your child is unsure about the color names or shades, kindly guide them in identifying the correct colors from their coloring kit. Your support helps them complete their homework confidently and learn better.', 'uploads/homework_attachments/0e05e49a118fb5e9_IMG_20250628_200229.jpg'),
(202, 479, 6, 3, '2025-06-30', 'HW -Draw and color Table Tennis', 'Students should color the drawing neatly by following the given directions:\r\n\r\nBackground Colors: Use Prussian Blue smudged with Cerulean Blue to create a smooth blend. Start from the top with Prussian Blue and gently merge into Cerulean Blue toward the bottom.\r\n\r\n💡 Note for Parents:\r\nIf your child is unsure about the color names or shades, kindly guide them in identifying the correct colors from their coloring kit. Your support helps them complete their homework confidently and learn better.', 'uploads/homework_attachments/0e05e49a118fb5e9_IMG_20250628_200229.jpg'),
(204, 462, 2, 5, '2025-06-30', 'HW - Boat', 'Draw and Shade the Drawing Step by Step.', 'uploads/homework_attachments/ddb342bb61051362_week 2 june.png'),
(205, 466, 2, 5, '2025-06-30', 'HW - Boat', 'Draw and Shade the Drawing Step by Step.', 'uploads/homework_attachments/ddb342bb61051362_week 2 june.png'),
(206, 475, 2, 5, '2025-06-30', 'HW - Boat', 'Draw and Shade the Drawing Step by Step.', 'uploads/homework_attachments/ddb342bb61051362_week 2 june.png'),
(207, 483, 2, 5, '2025-06-30', 'HW - Boat', 'Draw and Shade the Drawing Step by Step.', 'uploads/homework_attachments/ddb342bb61051362_week 2 june.png'),
(209, 474, 9, 3, '2025-07-02', 'HW- Table tennis', 'Draw and Color same asCW.', 'uploads/homework_attachments/1fdc8a86a8867f0f_IMG_20250628_200229.jpg'),
(210, 189, 9, 4, '2025-07-02', 'HW- badminton', 'Draw and Color the drawing.\r\nall the best', 'uploads/homework_attachments/4a5028967a450a70_bATMINTION.png'),
(216, 456, 2, 2, '2025-07-07', 'HW- Print and color the Drawing', 'I’m round, I bounce, and I fly through the air — to score with me, aim with care!\r\n(What am I? → Basketball)\r\n\r\nI live on a court, I wear a jersey, and I shoot for three!\r\n(Who am I? → Basketball player)\r\n\r\nI\'m a tall ring with a net, and when the ball goes in, fans cheer — nothing but net!\r\n(What am I? → Basketball hoop)\r\n\r\nYou get two or three when I go in, and zero when I miss. I’m what every player wants to score.\r\n(What am I? → Points)', '/uploads/homework/1751899871_basketball.png'),
(217, 461, 2, 2, '2025-07-07', 'HW- Print and color the Drawing', 'I’m round, I bounce, and I fly through the air — to score with me, aim with care!\r\n(What am I? → Basketball)\r\n\r\nI live on a court, I wear a jersey, and I shoot for three!\r\n(Who am I? → Basketball player)\r\n\r\nI\'m a tall ring with a net, and when the ball goes in, fans cheer — nothing but net!\r\n(What am I? → Basketball hoop)\r\n\r\nYou get two or three when I go in, and zero when I miss. I’m what every player wants to score.\r\n(What am I? → Points)', '/uploads/homework/1751899871_basketball.png'),
(218, 463, 2, 2, '2025-07-07', 'HW- Print and color the Drawing', 'I’m round, I bounce, and I fly through the air — to score with me, aim with care!\r\n(What am I? → Basketball)\r\n\r\nI live on a court, I wear a jersey, and I shoot for three!\r\n(Who am I? → Basketball player)\r\n\r\nI\'m a tall ring with a net, and when the ball goes in, fans cheer — nothing but net!\r\n(What am I? → Basketball hoop)\r\n\r\nYou get two or three when I go in, and zero when I miss. I’m what every player wants to score.\r\n(What am I? → Points)', '/uploads/homework/1751899871_basketball.png'),
(219, 464, 2, 2, '2025-07-07', 'HW- Print and color the Drawing', 'I’m round, I bounce, and I fly through the air — to score with me, aim with care!\r\n(What am I? → Basketball)\r\n\r\nI live on a court, I wear a jersey, and I shoot for three!\r\n(Who am I? → Basketball player)\r\n\r\nI\'m a tall ring with a net, and when the ball goes in, fans cheer — nothing but net!\r\n(What am I? → Basketball hoop)\r\n\r\nYou get two or three when I go in, and zero when I miss. I’m what every player wants to score.\r\n(What am I? → Points)', '/uploads/homework/1751899871_basketball.png'),
(220, 467, 2, 2, '2025-07-07', 'HW- Print and color the Drawing', 'I’m round, I bounce, and I fly through the air — to score with me, aim with care!\r\n(What am I? → Basketball)\r\n\r\nI live on a court, I wear a jersey, and I shoot for three!\r\n(Who am I? → Basketball player)\r\n\r\nI\'m a tall ring with a net, and when the ball goes in, fans cheer — nothing but net!\r\n(What am I? → Basketball hoop)\r\n\r\nYou get two or three when I go in, and zero when I miss. I’m what every player wants to score.\r\n(What am I? → Points)', '/uploads/homework/1751899871_basketball.png'),
(221, 486, 2, 2, '2025-07-07', 'HW- Print and color the Drawing', 'I’m round, I bounce, and I fly through the air — to score with me, aim with care!\r\n(What am I? → Basketball)\r\n\r\nI live on a court, I wear a jersey, and I shoot for three!\r\n(Who am I? → Basketball player)\r\n\r\nI\'m a tall ring with a net, and when the ball goes in, fans cheer — nothing but net!\r\n(What am I? → Basketball hoop)\r\n\r\nYou get two or three when I go in, and zero when I miss. I’m what every player wants to score.\r\n(What am I? → Points)', '/uploads/homework/1751899871_basketball.png'),
(222, 449, 2, 3, '2025-07-07', 'HW- Drawing and coloring', 'I’m round, I bounce, and I fly through the air — to score with me, aim with care!\r\n(What am I? → Basketball)\r\n\r\nI live on a court, I wear a jersey, and I shoot for three!\r\n(Who am I? → Basketball player)\r\n\r\nI\'m a tall ring with a net, and when the ball goes in, fans cheer — nothing but net!\r\n(What am I? → Basketball hoop)\r\n\r\nYou get two or three when I go in, and zero when I miss. I’m what every player wants to score.\r\n(What am I? → Points)', '/uploads/homework/1751899937_basketball (2).png'),
(223, 454, 2, 3, '2025-07-07', 'HW- Drawing and coloring', 'I’m round, I bounce, and I fly through the air — to score with me, aim with care!\r\n(What am I? → Basketball)\r\n\r\nI live on a court, I wear a jersey, and I shoot for three!\r\n(Who am I? → Basketball player)\r\n\r\nI\'m a tall ring with a net, and when the ball goes in, fans cheer — nothing but net!\r\n(What am I? → Basketball hoop)\r\n\r\nYou get two or three when I go in, and zero when I miss. I’m what every player wants to score.\r\n(What am I? → Points)', '/uploads/homework/1751899937_basketball (2).png'),
(225, 465, 2, 3, '2025-07-07', 'HW- Drawing and coloring', 'I’m round, I bounce, and I fly through the air — to score with me, aim with care!\r\n(What am I? → Basketball)\r\n\r\nI live on a court, I wear a jersey, and I shoot for three!\r\n(Who am I? → Basketball player)\r\n\r\nI\'m a tall ring with a net, and when the ball goes in, fans cheer — nothing but net!\r\n(What am I? → Basketball hoop)\r\n\r\nYou get two or three when I go in, and zero when I miss. I’m what every player wants to score.\r\n(What am I? → Points)', '/uploads/homework/1751899937_basketball (2).png'),
(226, 488, 2, 3, '2025-07-07', 'HW- Drawing and coloring', 'I’m round, I bounce, and I fly through the air — to score with me, aim with care!\r\n(What am I? → Basketball)\r\n\r\nI live on a court, I wear a jersey, and I shoot for three!\r\n(Who am I? → Basketball player)\r\n\r\nI\'m a tall ring with a net, and when the ball goes in, fans cheer — nothing but net!\r\n(What am I? → Basketball hoop)\r\n\r\nYou get two or three when I go in, and zero when I miss. I’m what every player wants to score.\r\n(What am I? → Points)', '/uploads/homework/1751899937_basketball (2).png'),
(227, 453, 2, 4, '2025-07-07', 'HW- Drawing and coloring', 'I fly without wings, I have feathers but I’m not a bird — hit me over the net if you’ve heard!\r\n(What am I? → Shuttlecock or birdie)\r\n\r\nI’m light, I’m fast, I swing in your hand — serve me up to take a stand!\r\n(What am I? → Badminton racket)\r\n\r\nTwo or four players, a net in the middle — we smash, we serve, and solve the riddle!\r\n(What game is this? → Badminton)\r\n\r\nI’m not a smash cake, but I smash with power — aiming down to win this hour!\r\n(What move am I? → Smash)\r\n\r\nYou serve me high, I glide through the sky — sometimes I drop and make opponents cry!\r\n(Who am I? → Shuttlecock)\r\n\r\nI’m fast, I’m fierce, I fly like a spark — play me inside, not in the park.\r\n(What game am I? → Badminton)', '/uploads/homework/1751900017_bATMINTION.png'),
(228, 459, 2, 4, '2025-07-07', 'HW- Drawing and coloring', 'I fly without wings, I have feathers but I’m not a bird — hit me over the net if you’ve heard!\r\n(What am I? → Shuttlecock or birdie)\r\n\r\nI’m light, I’m fast, I swing in your hand — serve me up to take a stand!\r\n(What am I? → Badminton racket)\r\n\r\nTwo or four players, a net in the middle — we smash, we serve, and solve the riddle!\r\n(What game is this? → Badminton)\r\n\r\nI’m not a smash cake, but I smash with power — aiming down to win this hour!\r\n(What move am I? → Smash)\r\n\r\nYou serve me high, I glide through the sky — sometimes I drop and make opponents cry!\r\n(Who am I? → Shuttlecock)\r\n\r\nI’m fast, I’m fierce, I fly like a spark — play me inside, not in the park.\r\n(What game am I? → Badminton)', '/uploads/homework/1751900017_bATMINTION.png'),
(229, 457, 2, 5, '2025-07-07', 'HW- Drawing and Shade', 'Qutub Minar - New Delhi', '/uploads/homework/1751900057_color pencil Hw.png'),
(230, 462, 2, 5, '2025-07-07', 'HW- Drawing and Shade', 'Qutub Minar - New Delhi', '/uploads/homework/1751900057_color pencil Hw.png'),
(231, 466, 2, 5, '2025-07-07', 'HW- Drawing and Shade', 'Qutub Minar - New Delhi', '/uploads/homework/1751900057_color pencil Hw.png'),
(232, 475, 2, 5, '2025-07-07', 'HW- Drawing and Shade', 'Qutub Minar - New Delhi', '/uploads/homework/1751900057_color pencil Hw.png'),
(233, 483, 2, 5, '2025-07-07', 'HW- Drawing and Shade', 'Qutub Minar - New Delhi', '/uploads/homework/1751900057_color pencil Hw.png'),
(234, 452, 2, 8, '2025-07-07', 'HW- capture the Expression', 'Use gentle shading and a calm face to bring out the deep emotion of sadness.', '/uploads/homework/1751900178_expression portrait lady.png'),
(235, 469, 10, 2, '2025-07-07', 'HW- Print and coloring.', 'I’m round, I bounce, and I fly through the air — to score with me, aim with care!\r\n(What am I? → Basketball)\r\n\r\nI live on a court, I wear a jersey, and I shoot for three!\r\n(Who am I? → Basketball player)\r\n\r\nI\'m a tall ring with a net, and when the ball goes in, fans cheer — nothing but net!\r\n(What am I? → Basketball hoop)\r\n\r\nYou get two or three when I go in, and zero when I miss. I’m what every player wants to score.\r\n(What am I? → Points)', '/uploads/homework/1751903582_basketball.png'),
(236, 470, 10, 2, '2025-07-07', 'HW- Print and coloring.', 'I’m round, I bounce, and I fly through the air — to score with me, aim with care!\r\n(What am I? → Basketball)\r\n\r\nI live on a court, I wear a jersey, and I shoot for three!\r\n(Who am I? → Basketball player)\r\n\r\nI\'m a tall ring with a net, and when the ball goes in, fans cheer — nothing but net!\r\n(What am I? → Basketball hoop)\r\n\r\nYou get two or three when I go in, and zero when I miss. I’m what every player wants to score.\r\n(What am I? → Points)', '/uploads/homework/1751903582_basketball.png');
INSERT INTO `homework_assigned` (`id`, `student_id`, `centre_id`, `art_group_id`, `date_assigned`, `title`, `description`, `file_path`) VALUES
(237, 468, 10, 3, '2025-07-07', 'HW- Draw and Color', 'I’m round, I bounce, and I fly through the air — to score with me, aim with care!\r\n(What am I? → Basketball)\r\n\r\nI live on a court, I wear a jersey, and I shoot for three!\r\n(Who am I? → Basketball player)\r\n\r\nI\'m a tall ring with a net, and when the ball goes in, fans cheer — nothing but net!\r\n(What am I? → Basketball hoop)\r\n\r\nYou get two or three when I go in, and zero when I miss. I’m what every player wants to score.\r\n(What am I? → Points)', '/uploads/homework/1751903633_basketball (2).png'),
(238, 471, 10, 3, '2025-07-07', 'HW- Draw and Color', 'I’m round, I bounce, and I fly through the air — to score with me, aim with care!\r\n(What am I? → Basketball)\r\n\r\nI live on a court, I wear a jersey, and I shoot for three!\r\n(Who am I? → Basketball player)\r\n\r\nI\'m a tall ring with a net, and when the ball goes in, fans cheer — nothing but net!\r\n(What am I? → Basketball hoop)\r\n\r\nYou get two or three when I go in, and zero when I miss. I’m what every player wants to score.\r\n(What am I? → Points)', '/uploads/homework/1751903633_basketball (2).png'),
(239, 472, 10, 4, '2025-07-07', 'HW- Draw and Color', 'I fly without wings, I have feathers but I’m not a bird — hit me over the net if you’ve heard!\r\n(What am I? → Shuttlecock or birdie)\r\n\r\nI’m light, I’m fast, I swing in your hand — serve me up to take a stand!\r\n(What am I? → Badminton racket)\r\n\r\nTwo or four players, a net in the middle — we smash, we serve, and solve the riddle!\r\n(What game is this? → Badminton)\r\n\r\nI’m not a smash cake, but I smash with power — aiming down to win this hour!\r\n(What move am I? → Smash)', '/uploads/homework/1751903771_bATMINTION.png'),
(241, 476, 10, 5, '2025-07-07', 'HW- Draw & Shade', 'Monument : Qutub Minar', '/uploads/homework/1751904956_color pencil Hw.png'),
(242, 473, 10, 8, '2025-07-07', 'HW- Draw & Shade', 'Use gentle shading and a calm face to bring out the deep emotion of sadness.', '/uploads/homework/1751905082_expression portrait lady.png'),
(244, 474, 9, 3, '2025-07-07', 'HW- Draw & Color', 'I’m round, I bounce, and I fly through the air — to score with me, aim with care!\r\n(What am I? → Basketball)\r\n\r\nI live on a court, I wear a jersey, and I shoot for three!\r\n(Who am I? → Basketball player)\r\n\r\nI\'m a tall ring with a net, and when the ball goes in, fans cheer — nothing but net!\r\n(What am I? → Basketball hoop)\r\n\r\nYou get two or three when I go in, and zero when I miss. I’m what every player wants to score.\r\n(What am I? → Points)', '/uploads/homework/1751905439_basketball (2).png'),
(246, 185, 1, 5, '2025-07-07', 'HW- Draw & Shade', 'Qutub Minar. - New Delhi', '/uploads/homework/1751905624_color pencil Hw.png'),
(247, 187, 1, 5, '2025-07-07', 'HW- Draw & Shade', 'Qutub Minar. - New Delhi', '/uploads/homework/1751905624_color pencil Hw.png'),
(248, 178, 1, 3, '2025-07-07', 'HW- Draw & COlor', 'Draw and color same as CW.', '/uploads/homework/1751905794_basketball (2).png'),
(249, 181, 1, 3, '2025-07-07', 'HW- Draw & COlor', 'Draw and color same as CW.', '/uploads/homework/1751905794_basketball (2).png'),
(250, 183, 1, 2, '2025-07-07', 'HW- Print & COlor', 'Print and color same as CW.', '/uploads/homework/1751905835_basketball.png'),
(253, 450, 3, 2, '2025-07-08', 'HW - Print and color - Basketball', 'The boy was the shortest on his school basketball team. Everyone thought he was too small to make a difference. But he never gave up. He practiced every morning before school, from dribbling to passing to shooting, again and again.\r\n\r\nOne day, during the inter-school finals, the score was tied. Only 5 seconds remained. Their star player was blocked. With a quick pass, the ball landed in the boy’s hands. Everyone held their breath.\r\n\r\nHe didn’t think twice. He dribbled once and took the shot.\r\n\r\nThe ball soared through the air. Swish. It went right through the net.\r\n\r\nThe crowd erupted in cheers. The boy had won the game. That day, he proved that being small doesn’t mean you can’t do something big.', 'uploads/homework/1751974894_basketball.png'),
(254, 204, 3, 4, '2025-07-08', 'HW - Draw and color - badminton', 'I fly without wings, have feathers but am not a bird. You hit me back and forth until I fall.\r\n→ (What am I? Shuttlecock)\r\n\r\nI’m held in your hand, light and fast, used to smash and serve really fast.\r\n→ (What am I? Badminton racket)\r\n\r\nTwo players or four, a net in the middle. I’m the game where quick feet and sharp eyes win.\r\n→ (What game am I? Badminton)\r\n\r\nI’m gentle, but tricky. I barely cross the net and fall like a feather.\r\n→ (What shot am I? Drop shot)\r\n\r\nI move fast in the air, but I’m not a bullet. Players chase me with rackets.\r\n→ (What am I? Shuttlecock)', 'uploads/homework/1751975021_bATMINTION.png'),
(255, 205, 3, 4, '2025-07-08', 'HW - Draw and color - badminton', 'I fly without wings, have feathers but am not a bird. You hit me back and forth until I fall.\r\n→ (What am I? Shuttlecock)\r\n\r\nI’m held in your hand, light and fast, used to smash and serve really fast.\r\n→ (What am I? Badminton racket)\r\n\r\nTwo players or four, a net in the middle. I’m the game where quick feet and sharp eyes win.\r\n→ (What game am I? Badminton)\r\n\r\nI’m gentle, but tricky. I barely cross the net and fall like a feather.\r\n→ (What shot am I? Drop shot)\r\n\r\nI move fast in the air, but I’m not a bullet. Players chase me with rackets.\r\n→ (What am I? Shuttlecock)', 'uploads/homework/1751975021_bATMINTION.png'),
(256, 451, 3, 4, '2025-07-08', 'HW - Draw and color - badminton', 'I fly without wings, have feathers but am not a bird. You hit me back and forth until I fall.\r\n→ (What am I? Shuttlecock)\r\n\r\nI’m held in your hand, light and fast, used to smash and serve really fast.\r\n→ (What am I? Badminton racket)\r\n\r\nTwo players or four, a net in the middle. I’m the game where quick feet and sharp eyes win.\r\n→ (What game am I? Badminton)\r\n\r\nI’m gentle, but tricky. I barely cross the net and fall like a feather.\r\n→ (What shot am I? Drop shot)\r\n\r\nI move fast in the air, but I’m not a bullet. Players chase me with rackets.\r\n→ (What am I? Shuttlecock)', 'uploads/homework/1751975021_bATMINTION.png'),
(257, 195, 3, 5, '2025-07-08', 'HW - Draw and shade.', 'Qutub Minar - New Delhi', 'uploads/homework/1751975071_color pencil Hw.png'),
(258, 196, 3, 5, '2025-07-08', 'HW - Draw and shade.', 'Qutub Minar - New Delhi', 'uploads/homework/1751975071_color pencil Hw.png'),
(259, 198, 3, 5, '2025-07-08', 'HW - Draw and shade.', 'Qutub Minar - New Delhi', 'uploads/homework/1751975071_color pencil Hw.png'),
(260, 199, 3, 5, '2025-07-08', 'HW - Draw and shade.', 'Qutub Minar - New Delhi', 'uploads/homework/1751975071_color pencil Hw.png'),
(261, 200, 3, 5, '2025-07-08', 'HW - Draw and shade.', 'Qutub Minar - New Delhi', 'uploads/homework/1751975071_color pencil Hw.png'),
(262, 201, 3, 5, '2025-07-08', 'HW - Draw and shade.', 'Qutub Minar - New Delhi', 'uploads/homework/1751975071_color pencil Hw.png'),
(263, 487, 3, 5, '2025-07-08', 'HW - Draw and shade.', 'Qutub Minar - New Delhi', 'uploads/homework/1751975071_color pencil Hw.png'),
(264, 194, 3, 8, '2025-07-08', 'HW - Draw and shade.', 'Homework 1 – Full Portrait (For Advanced Students)\r\nTopic: Capture the Expression – Girl’s Portrait\r\n\r\n\r\n Homework 2 – Facial Features Practice (For Beginners)\r\nTopic: Practice Drawing Individual Features\r\n\r\nDraw 4 sets of eyes (with different shapes or emotions).\r\n\r\nDraw 2–3 types of noses — front view and side view.\r\n\r\nDraw 3 kinds of lips — smiling, neutral, sad.\r\n\r\n✏️ Focus on proportions, shading, and symmetry. Use light pencil work for neatness.\r\n\r\n\r\n\r\nDraw a full portrait of a girl showing any one expression: sad / happy / thinking / curious.\r\n\r\nFocus on the eyes, lips, and overall mood of the face.\r\n\r\nUse light and shadow to show emotion.\r\n\r\n📝 Try to tell a story through the face — even without words.', 'uploads/homework/1751975453_hw.pdf'),
(265, 197, 3, 8, '2025-07-08', 'HW - Draw and shade.', 'Homework 1 – Full Portrait (For Advanced Students)\r\nTopic: Capture the Expression – Girl’s Portrait\r\n\r\n\r\n Homework 2 – Facial Features Practice (For Beginners)\r\nTopic: Practice Drawing Individual Features\r\n\r\nDraw 4 sets of eyes (with different shapes or emotions).\r\n\r\nDraw 2–3 types of noses — front view and side view.\r\n\r\nDraw 3 kinds of lips — smiling, neutral, sad.\r\n\r\n✏️ Focus on proportions, shading, and symmetry. Use light pencil work for neatness.\r\n\r\n\r\n\r\nDraw a full portrait of a girl showing any one expression: sad / happy / thinking / curious.\r\n\r\nFocus on the eyes, lips, and overall mood of the face.\r\n\r\nUse light and shadow to show emotion.\r\n\r\n📝 Try to tell a story through the face — even without words.', 'uploads/homework/1751975453_hw.pdf'),
(266, 202, 3, 8, '2025-07-08', 'HW - Draw and shade.', 'Homework 1 – Full Portrait (For Advanced Students)\r\nTopic: Capture the Expression – Girl’s Portrait\r\n\r\n\r\n Homework 2 – Facial Features Practice (For Beginners)\r\nTopic: Practice Drawing Individual Features\r\n\r\nDraw 4 sets of eyes (with different shapes or emotions).\r\n\r\nDraw 2–3 types of noses — front view and side view.\r\n\r\nDraw 3 kinds of lips — smiling, neutral, sad.\r\n\r\n✏️ Focus on proportions, shading, and symmetry. Use light pencil work for neatness.\r\n\r\n\r\n\r\nDraw a full portrait of a girl showing any one expression: sad / happy / thinking / curious.\r\n\r\nFocus on the eyes, lips, and overall mood of the face.\r\n\r\nUse light and shadow to show emotion.\r\n\r\n📝 Try to tell a story through the face — even without words.', 'uploads/homework/1751975453_hw.pdf'),
(267, 481, 6, 1, '2025-07-08', 'HW - Print and color', 'We have shared a fun and engaging worksheet on the color “Red” with your child as part of their early learning and visual development.\r\n\r\n🖍️ What the child needs to do:\r\n\r\nTrace and write the word red\r\n\r\nIdentify and color red objects like apple, stop sign, fire truck, and barn\r\n\r\nPractice color recognition, writing skills, and neat coloring\r\n\r\nKindly encourage your child to complete this worksheet . These small activities help build strong fundamentals in art, observation, and early literacy.', 'uploads/homework/1751975826_arara.pdf'),
(268, 478, 6, 3, '2025-07-08', 'HW - Draw and color', 'Draw and color the same HW as CW.', 'uploads/homework/1751975875_basketball (2).png'),
(269, 479, 6, 3, '2025-07-08', 'HW - Draw and color', 'Draw and color the same HW as CW.', 'uploads/homework/1751975875_basketball (2).png'),
(270, 480, 6, 5, '2025-07-08', 'HW - Draw and Shade', 'Draw and shade India Gate', 'uploads/homework/1751977002_color pencil easy.png'),
(271, 477, 6, 8, '2025-07-08', 'HW - Draw and Shade', 'Homework 1 – Full Portrait (For Advanced Students)\r\nTopic: Capture the Expression – Girl’s Portrait\r\n\r\n\r\nHomework 2 – Facial Features Practice (For Beginners)\r\nTopic: Practice Drawing Individual Features\r\n\r\nDraw 4 sets of eyes (with different shapes or emotions).\r\n\r\nDraw 2–3 types of noses — front view and side view.\r\n\r\nDraw 3 kinds of lips — smiling, neutral, sad.\r\n\r\n✏️ Focus on proportions, shading, and symmetry. Use light pencil work for neatness.\r\n\r\n\r\n\r\nDraw a full portrait of a girl showing any one expression: sad / happy / thinking / curious.\r\n\r\nFocus on the eyes, lips, and overall mood of the face.\r\n\r\nUse light and shadow to show emotion.\r\n\r\n📝 Try to tell a story through the face — even without words.', 'uploads/homework/1751977077_hw.pdf'),
(272, 485, 5, 8, '2025-07-08', 'HW - Draw and Shade', 'Homework 1 – Full Portrait (For Advanced Students)\r\nTopic: Capture the Expression – Girl’s Portrait\r\n\r\n\r\nHomework 2 – Facial Features Practice (For Beginners)\r\nTopic: Practice Drawing Individual Features\r\n\r\nDraw 4 sets of eyes (with different shapes or emotions).\r\n\r\nDraw 2–3 types of noses — front view and side view.\r\n\r\nDraw 3 kinds of lips — smiling, neutral, sad.\r\n\r\n✏️ Focus on proportions, shading, and symmetry. Use light pencil work for neatness.\r\n\r\n\r\n\r\nDraw a full portrait of a girl showing any one expression: sad / happy / thinking / curious.\r\n\r\nFocus on the eyes, lips, and overall mood of the face.\r\n\r\nUse light and shadow to show emotion.\r\n\r\n📝 Try to tell a story through the face — even without words.', 'uploads/homework/1751977112_hw.pdf'),
(274, 182, 1, 1, '2025-07-08', 'HW - Print and color', 'We have shared a fun and engaging worksheet on the color “Red” with your child as part of their early learning and visual development.\r\n\r\n🖍️ What the child needs to do:\r\n\r\nTrace and write the word red\r\n\r\nIdentify and color red objects like apple, stop sign, fire truck, and barn\r\n\r\nPractice color recognition, writing skills, and neat coloring\r\n\r\nKindly encourage your child to complete this worksheet . These small activities help build strong fundamentals in art, observation, and early literacy.', 'uploads/homework/1751977255_red_WNNWD.pdf'),
(275, 474, 9, 3, '2025-07-11', 'HW - Same as CW', 'Draw and Color , Repeat you CW.', 'uploads/homework/1752245787_basketball (2).png'),
(276, 189, 9, 4, '2025-07-11', 'HW - Same as CW', 'Draw and Color check the drawing carefully, Dont do it very fast.', 'uploads/homework/1752246091_HW.png'),
(277, 204, 3, 4, '2025-07-11', 'HW - Football', 'Draw and Color check the drawing carefully, Dont do it very fast.', 'uploads/homework/1752246126_HW.png'),
(278, 205, 3, 4, '2025-07-11', 'HW - Football', 'Draw and Color check the drawing carefully, Dont do it very fast.', 'uploads/homework/1752246126_HW.png'),
(279, 451, 3, 4, '2025-07-11', 'HW - Football', 'Draw and Color check the drawing carefully, Dont do it very fast.', 'uploads/homework/1752246126_HW.png'),
(280, 472, 10, 4, '2025-07-11', 'HW - Football', 'Draw and Color check the drawing carefully, Dont do it very fast.', 'uploads/homework/1752246147_HW.png'),
(282, 185, 1, 5, '2025-07-14', 'HW - Draw and shade', 'The majestic Roman Colosseum, also known as the Flavian Amphitheatre, is one of the most iconic and awe‑inspiring symbols of Imperial Rome.', 'uploads/homework/1752479456_roman.png'),
(283, 187, 1, 5, '2025-07-14', 'HW - Draw and shade', 'The majestic Roman Colosseum, also known as the Flavian Amphitheatre, is one of the most iconic and awe‑inspiring symbols of Imperial Rome.', 'uploads/homework/1752479456_roman.png'),
(284, 178, 1, 3, '2025-07-14', 'HW - Draw the same as Classwork', 'Keep a note in case last week you have uploaded a Basketball HW. \r\nDo table tennis HW.', 'uploads/homework/1752480100_basketball (2).png'),
(285, 181, 1, 3, '2025-07-14', 'HW - Draw the same as Classwork', 'Keep a note in case last week you have uploaded a Basketball HW. \r\nDo table tennis HW.', 'uploads/homework/1752480100_basketball (2).png'),
(286, 183, 1, 2, '2025-07-14', 'HW - Draw the same as Classwork', 'Print and color the Basketball sheet .', 'uploads/homework/1752480183_basketball.png'),
(288, 182, 1, 1, '2025-07-14', 'HW - Draw the same as Classwork', 'Print and color the sheet.', 'uploads/homework/1752484480_blue  color.png'),
(291, 493, 5, 10, '2025-07-15', 'HW- helicopter', 'This week’s theme invites you to explore vehicles in motion, and we’re starting with an exciting subject: the Helicopter.', 'uploads/homework/1752548561_helicopter acrylic.png'),
(292, 495, 5, 9, '2025-07-15', 'HW- Watercolor painting', 'A variety of  leaves: ,different  textures.\r\n\r\nBackground can be minimal include soft light blue color washes', 'uploads/homework/1752548806_watercolor autams.png'),
(293, 485, 5, 8, '2025-07-15', 'HW- A boy with expression.', 'This week, we focus on capturing emotions through a portrait of a smiling boy. Your goal is to bring joy and personality to life through your artwork.', 'uploads/homework/1752548900_smiling expression portrait boy.png'),
(294, 494, 5, 5, '2025-07-15', 'HW- A butterfly', 'This week\'s art journey takes flight with a colorful and graceful subject — the Butterfly.\r\nLet’s explore symmetry, vibrant patterns, and delicate textures using color pencils.', 'uploads/homework/1752548984_buterfly insect june week 3.png'),
(295, 481, 6, 1, '2025-07-15', 'HW- Print and color', 'Print the worksheet (Ask parents to help)\r\n\r\nUse only blue color to fill the objects\r\n\r\nKeep your coloring inside the lines\r\n\r\nTry using different shades of blue if possible (sky blue, dark blue, CB)', 'uploads/homework/1752549302_blue  color.png'),
(296, 478, 6, 3, '2025-07-15', 'HW- Draw same as CW', 'Draw and color it step by step as we did it in class.', 'uploads/homework/1752549505_Oil Pastels Golf.png'),
(297, 479, 6, 3, '2025-07-15', 'HW- Draw same as CW', 'Draw and color it step by step as we did it in class.', 'uploads/homework/1752549505_Oil Pastels Golf.png'),
(298, 480, 6, 5, '2025-07-15', 'HW- Draw and shade Hockey', 'Learning Focus:\r\nCapturing human motion and gesture\r\n\r\nDrawing sports equipment (stick, ball, shoes) accurately\r\n\r\nPracticing color layering and texture with color pencils\r\n\r\nUnderstanding light direction, shadows, and proportions\r\n\r\n📌 What to Include:\r\nA hockey stick and ball in action near the white line\r\n\r\nPlayer’s legs and socks in a standing/squatting pose\r\n\r\nTurf field details like grass texture, sunlight, and shadow\r\n\r\nOptional: Background elements like goalpost or stadium seating', 'uploads/homework/1752549821_hockey.png'),
(299, 477, 6, 8, '2025-07-15', 'HW- Draw and shade This Happy boy', 'This week’s assignment invites you to draw a portrait that expresses happiness through a natural smiling expression. Focus on capturing emotion, proportion, and skin tone through your medium.', 'uploads/homework/1752549979_smiling expression portrait boy.png'),
(300, 491, 3, 9, '2025-07-15', 'HW - Food', 'This week’s tasty theme is all about food art.\r\n Let’s paint a delicious-looking sandwich using watercolors, where you’ll learn how to layer shapes and blend colors realistically.', 'uploads/homework/1752550177_food watercolor.png'),
(301, 194, 3, 8, '2025-07-15', 'HW - Smiling boy', 'This week’s HW is you to draw a portrait that expresses happiness through a natural smiling expression. Focus on capturing emotion, proportion, and skin tone through your medium.', 'uploads/homework/1752550669_smiling expression portrait boy.png'),
(302, 197, 3, 8, '2025-07-15', 'HW - Smiling boy', 'This week’s HW is you to draw a portrait that expresses happiness through a natural smiling expression. Focus on capturing emotion, proportion, and skin tone through your medium.', 'uploads/homework/1752550669_smiling expression portrait boy.png'),
(303, 202, 3, 8, '2025-07-15', 'HW - Smiling boy', 'This week’s HW is you to draw a portrait that expresses happiness through a natural smiling expression. Focus on capturing emotion, proportion, and skin tone through your medium.', 'uploads/homework/1752550669_smiling expression portrait boy.png'),
(304, 195, 3, 5, '2025-07-15', 'HW - Hockey', 'This week, we’ll bring sports and movement into our art.\r\nYour task is to draw a close-up action shot of a hockey player using color pencils.', 'uploads/homework/1752550734_hockey.png'),
(305, 196, 3, 5, '2025-07-15', 'HW - Hockey', 'This week, we’ll bring sports and movement into our art.\r\nYour task is to draw a close-up action shot of a hockey player using color pencils.', 'uploads/homework/1752550734_hockey.png'),
(306, 198, 3, 5, '2025-07-15', 'HW - Hockey', 'This week, we’ll bring sports and movement into our art.\r\nYour task is to draw a close-up action shot of a hockey player using color pencils.', 'uploads/homework/1752550734_hockey.png'),
(307, 199, 3, 5, '2025-07-15', 'HW - Hockey', 'This week, we’ll bring sports and movement into our art.\r\nYour task is to draw a close-up action shot of a hockey player using color pencils.', 'uploads/homework/1752550734_hockey.png'),
(308, 200, 3, 5, '2025-07-15', 'HW - Hockey', 'This week, we’ll bring sports and movement into our art.\r\nYour task is to draw a close-up action shot of a hockey player using color pencils.', 'uploads/homework/1752550734_hockey.png'),
(309, 201, 3, 5, '2025-07-15', 'HW - Hockey', 'This week, we’ll bring sports and movement into our art.\r\nYour task is to draw a close-up action shot of a hockey player using color pencils.', 'uploads/homework/1752550734_hockey.png'),
(310, 487, 3, 5, '2025-07-15', 'HW - Hockey', 'This week, we’ll bring sports and movement into our art.\r\nYour task is to draw a close-up action shot of a hockey player using color pencils.', 'uploads/homework/1752550734_hockey.png'),
(311, 204, 3, 4, '2025-07-15', 'HW - Football', 'Let’s bring energy and movement to our pages with this week’s theme: Football.\r\n Draw the ball, a player in action, field scene, this is your chance to show excitement through art.', 'uploads/homework/1752550880_HW.png'),
(312, 205, 3, 4, '2025-07-15', 'HW - Football', 'Let’s bring energy and movement to our pages with this week’s theme: Football.\r\n Draw the ball, a player in action, field scene, this is your chance to show excitement through art.', 'uploads/homework/1752550880_HW.png'),
(313, 451, 3, 4, '2025-07-15', 'HW - Football', 'Let’s bring energy and movement to our pages with this week’s theme: Football.\r\n Draw the ball, a player in action, field scene, this is your chance to show excitement through art.', 'uploads/homework/1752550880_HW.png'),
(314, 450, 3, 2, '2025-07-15', 'HW - Print and color Classwork', 'Print and color Same color as Classwork.', 'uploads/homework/1752550982_golf.png'),
(316, 456, 2, 2, '2025-07-18', 'HW - Print and color', 'Print the worksheet (Ask parents to help)\r\n\r\nUse only blue color to fill the objects\r\n\r\nKeep your coloring inside the lines\r\n\r\nTry using different shades of blue if possible (sky blue, dark blue, CB)', 'uploads/homework/1752818628_blue  color.png'),
(317, 461, 2, 2, '2025-07-18', 'HW - Print and color', 'Print the worksheet (Ask parents to help)\r\n\r\nUse only blue color to fill the objects\r\n\r\nKeep your coloring inside the lines\r\n\r\nTry using different shades of blue if possible (sky blue, dark blue, CB)', 'uploads/homework/1752818628_blue  color.png'),
(318, 463, 2, 2, '2025-07-18', 'HW - Print and color', 'Print the worksheet (Ask parents to help)\r\n\r\nUse only blue color to fill the objects\r\n\r\nKeep your coloring inside the lines\r\n\r\nTry using different shades of blue if possible (sky blue, dark blue, CB)', 'uploads/homework/1752818628_blue  color.png'),
(319, 464, 2, 2, '2025-07-18', 'HW - Print and color', 'Print the worksheet (Ask parents to help)\r\n\r\nUse only blue color to fill the objects\r\n\r\nKeep your coloring inside the lines\r\n\r\nTry using different shades of blue if possible (sky blue, dark blue, CB)', 'uploads/homework/1752818628_blue  color.png'),
(320, 467, 2, 2, '2025-07-18', 'HW - Print and color', 'Print the worksheet (Ask parents to help)\r\n\r\nUse only blue color to fill the objects\r\n\r\nKeep your coloring inside the lines\r\n\r\nTry using different shades of blue if possible (sky blue, dark blue, CB)', 'uploads/homework/1752818628_blue  color.png'),
(321, 486, 2, 2, '2025-07-18', 'HW - Print and color', 'Print the worksheet (Ask parents to help)\r\n\r\nUse only blue color to fill the objects\r\n\r\nKeep your coloring inside the lines\r\n\r\nTry using different shades of blue if possible (sky blue, dark blue, CB)', 'uploads/homework/1752818628_blue  color.png'),
(322, 490, 2, 2, '2025-07-18', 'HW - Print and color', 'Print the worksheet (Ask parents to help)\r\n\r\nUse only blue color to fill the objects\r\n\r\nKeep your coloring inside the lines\r\n\r\nTry using different shades of blue if possible (sky blue, dark blue, CB)', 'uploads/homework/1752818628_blue  color.png'),
(323, 449, 2, 3, '2025-07-18', 'HW - Draw same as CW', 'Draw and color same as HW.', 'uploads/homework/1752818789_WhatsApp Image 2025-07-18 at 11.34.24_408dfe2e.jpg'),
(324, 454, 2, 3, '2025-07-18', 'HW - Draw same as CW', 'Draw and color same as HW.', 'uploads/homework/1752818789_WhatsApp Image 2025-07-18 at 11.34.24_408dfe2e.jpg'),
(326, 465, 2, 3, '2025-07-18', 'HW - Draw same as CW', 'Draw and color same as HW.', 'uploads/homework/1752818789_WhatsApp Image 2025-07-18 at 11.34.24_408dfe2e.jpg'),
(327, 488, 2, 3, '2025-07-18', 'HW - Draw same as CW', 'Draw and color same as HW.', 'uploads/homework/1752818789_WhatsApp Image 2025-07-18 at 11.34.24_408dfe2e.jpg'),
(328, 489, 2, 3, '2025-07-18', 'HW - Draw same as CW', 'Draw and color same as HW.', 'uploads/homework/1752818789_WhatsApp Image 2025-07-18 at 11.34.24_408dfe2e.jpg'),
(329, 500, 2, 3, '2025-07-18', 'HW - Draw same as CW', 'Draw and color same as HW.', 'uploads/homework/1752818789_WhatsApp Image 2025-07-18 at 11.34.24_408dfe2e.jpg'),
(330, 453, 2, 4, '2025-07-18', 'HW - Draw and color', 'Draw and color this as homework. Ensure that all the drawing is done slowly.', 'uploads/homework/1752818981_HW.png'),
(331, 459, 2, 4, '2025-07-18', 'HW - Draw and color', 'Draw and color this as homework. Ensure that all the drawing is done slowly.', 'uploads/homework/1752818981_HW.png'),
(332, 457, 2, 5, '2025-07-18', 'HW - Draw and shade', 'Draw and shade this as homework. Ensure that all the drawing is done slowly.\r\nDONT SKIP SHADING .', 'uploads/homework/1752819017_hockey.png'),
(333, 462, 2, 5, '2025-07-18', 'HW - Draw and shade', 'Draw and shade this as homework. Ensure that all the drawing is done slowly.\r\nDONT SKIP SHADING .', 'uploads/homework/1752819017_hockey.png'),
(334, 466, 2, 5, '2025-07-18', 'HW - Draw and shade', 'Draw and shade this as homework. Ensure that all the drawing is done slowly.\r\nDONT SKIP SHADING .', 'uploads/homework/1752819017_hockey.png'),
(335, 475, 2, 5, '2025-07-18', 'HW - Draw and shade', 'Draw and shade this as homework. Ensure that all the drawing is done slowly.\r\nDONT SKIP SHADING .', 'uploads/homework/1752819017_hockey.png'),
(336, 483, 2, 5, '2025-07-18', 'HW - Draw and shade', 'Draw and shade this as homework. Ensure that all the drawing is done slowly.\r\nDONT SKIP SHADING .', 'uploads/homework/1752819017_hockey.png'),
(337, 452, 2, 8, '2025-07-18', 'HW - Draw and shade', 'Draw and shade this as homework. Ensure that all the drawing is done slowly.', 'uploads/homework/1752819085_week3.png'),
(338, 474, 9, 3, '2025-07-18', 'HW- Golf', 'Draw and color , Golf HW same as CW.', 'uploads/homework/1752822770_WhatsApp Image 2025-07-18 at 11.34.24_408dfe2e.jpg'),
(339, 189, 9, 4, '2025-07-18', 'HW-Hockey', 'Draw and color .', 'uploads/homework/1752823283_hockey 1.png'),
(340, 320, 9, 4, '2025-07-18', 'HW-Hockey', 'Draw and color .', 'uploads/homework/1752823283_hockey 1.png'),
(341, 185, 1, 5, '2025-07-18', 'Hw- snow skiing', 'We can see both the drawing and shading here. \r\ndon\'t draw too fast .', 'uploads/homework/1752824297_color penci HW  july.pdf'),
(342, 187, 1, 5, '2025-07-18', 'Hw- snow skiing', 'We can see both the drawing and shading here. \r\ndon\'t draw too fast .', 'uploads/homework/1752824297_color penci HW  july.pdf'),
(343, 178, 1, 4, '2025-07-18', 'hw - Hockey', 'Draw and Color Hockey as HW', 'uploads/homework/1752824412_hockey 1.png'),
(344, 181, 1, 4, '2025-07-18', 'hw - Hockey', 'Draw and Color Hockey as HW', 'uploads/homework/1752824412_hockey 1.png'),
(347, 183, 1, 2, '2025-07-18', 'HW- Print and color (Golf)', 'print  and Color golf as HW.', 'uploads/homework/1752824975_golf.png'),
(349, 182, 1, 1, '2025-07-18', 'HW- Print and color yellow theme.', 'print  and Color yellow color theme', 'uploads/homework/1752825227_generated-image (3).png'),
(350, 491, 3, 9, '2025-07-19', 'HW - Landscape Scenery', 'Drawing and paint the landscape scenery .', 'uploads/homework/1752898814_watercolor scenery.png'),
(351, 182, 0, 1, '2025-07-22', 'HW - Print and color the Image.', 'Follow the Directions . \r\ncolor inside the shape.', 'uploads/homework/1753189988_Screenshot2025-07-22183945.png'),
(352, 183, 0, 2, '2025-07-22', 'HW - Print and color', 'Print and color the golf Drawing same as CW.', 'uploads/homework/1753190239_golf.png'),
(357, 450, 0, 2, '2025-07-22', 'HW - Print and color Golf', 'Track and color same colors as CW.', 'uploads/homework/1753191698_golf.png'),
(358, 451, 0, 4, '2025-07-22', 'HW- Draw and Hockey', 'Step by step drawing an hockey .', 'uploads/homework/1753192094_hockey1.png'),
(359, 204, 0, 4, '2025-07-22', 'HW- Draw and Hockey', 'Step by step drawing an hockey .', 'uploads/homework/1753192094_hockey1.png'),
(360, 205, 0, 4, '2025-07-22', 'HW- Draw and Hockey', 'Step by step drawing an hockey .', 'uploads/homework/1753192094_hockey1.png'),
(361, 201, 0, 5, '2025-07-22', 'HW - Snow skiing.', 'Draw and shade , snow skiing.', 'uploads/homework/1753192424_1752824297_colorpenciHWjuly.pdf'),
(362, 200, 0, 5, '2025-07-22', 'HW - Snow skiing.', 'Draw and shade , snow skiing.', 'uploads/homework/1753192424_1752824297_colorpenciHWjuly.pdf'),
(363, 199, 0, 5, '2025-07-22', 'HW - Snow skiing.', 'Draw and shade , snow skiing.', 'uploads/homework/1753192424_1752824297_colorpenciHWjuly.pdf'),
(364, 196, 0, 5, '2025-07-22', 'HW - Snow skiing.', 'Draw and shade , snow skiing.', 'uploads/homework/1753192424_1752824297_colorpenciHWjuly.pdf'),
(365, 487, 0, 5, '2025-07-22', 'HW - Snow skiing.', 'Draw and shade , snow skiing.', 'uploads/homework/1753192424_1752824297_colorpenciHWjuly.pdf'),
(366, 195, 0, 5, '2025-07-22', 'HW - Snow skiing.', 'Draw and shade , snow skiing.', 'uploads/homework/1753192424_1752824297_colorpenciHWjuly.pdf'),
(367, 198, 0, 5, '2025-07-22', 'HW - Snow skiing.', 'Draw and shade , snow skiing.', 'uploads/homework/1753192424_1752824297_colorpenciHWjuly.pdf'),
(368, 473, 0, 8, '2025-07-22', 'HW -  Front face women\'s portrait', 'Sketch and shade the portrait .', 'uploads/homework/1753192571_frontfacingWomenw1.png'),
(369, 197, 0, 8, '2025-07-22', 'HW -  Front face women\'s portrait', 'Sketch and shade the portrait .', 'uploads/homework/1753192571_frontfacingWomenw1.png'),
(370, 452, 0, 8, '2025-07-22', 'HW -  Front face women\'s portrait', 'Sketch and shade the portrait .', 'uploads/homework/1753192571_frontfacingWomenw1.png'),
(371, 477, 0, 8, '2025-07-22', 'HW -  Front face women\'s portrait', 'Sketch and shade the portrait .', 'uploads/homework/1753192571_frontfacingWomenw1.png'),
(372, 194, 0, 8, '2025-07-22', 'HW -  Front face women\'s portrait', 'Sketch and shade the portrait .', 'uploads/homework/1753192571_frontfacingWomenw1.png'),
(373, 485, 0, 8, '2025-07-22', 'HW -  Front face women\'s portrait', 'Sketch and shade the portrait .', 'uploads/homework/1753192571_frontfacingWomenw1.png'),
(374, 202, 0, 8, '2025-07-22', 'HW -  Front face women\'s portrait', 'Sketch and shade the portrait .', 'uploads/homework/1753192571_frontfacingWomenw1.png'),
(375, 491, 0, 9, '2025-07-22', 'HW - Food .', 'Draw and paint this beautiful painting of food', 'uploads/homework/1753192698_foodhwwc.png'),
(376, 495, 0, 9, '2025-07-22', 'HW - Food .', 'Draw and paint this beautiful painting of food', 'uploads/homework/1753192698_foodhwwc.png'),
(377, 493, 0, 10, '2025-07-22', 'HW - Beach Drawing.', 'Draw & paint beach drawing', 'uploads/homework/1753192750_beachacrylic.png'),
(378, 469, 0, 2, '2025-07-23', 'HW - Print and color golf', 'Use the same colors as used in Classwork.', 'uploads/homework/1753282515_golf.png'),
(379, 470, 0, 2, '2025-07-23', 'HW - Print and color golf', 'Use the same colors as used in Classwork.', 'uploads/homework/1753282515_golf.png'),
(380, 497, 0, 2, '2025-07-23', 'HW - Print and color golf', 'Use the same colors as used in Classwork.', 'uploads/homework/1753282515_golf.png'),
(381, 498, 0, 2, '2025-07-23', 'HW - Print and color golf', 'Use the same colors as used in Classwork.', 'uploads/homework/1753282515_golf.png'),
(382, 468, 0, 3, '2025-07-23', 'HW - Repeat the golf HW .', 'Drawing and color the same drawing as HW', 'uploads/homework/1753282566_WhatsAppImage2025-07-18at11.34.24_408dfe2e.jpg'),
(383, 471, 0, 3, '2025-07-23', 'HW - Repeat the golf HW .', 'Drawing and color the same drawing as HW', 'uploads/homework/1753282566_WhatsAppImage2025-07-18at11.34.24_408dfe2e.jpg'),
(384, 499, 0, 3, '2025-07-23', 'HW - Repeat the golf HW .', 'Drawing and color the same drawing as HW', 'uploads/homework/1753282566_WhatsAppImage2025-07-18at11.34.24_408dfe2e.jpg'),
(385, 501, 0, 3, '2025-07-23', 'HW - Repeat the golf HW .', 'Drawing and color the same drawing as HW', 'uploads/homework/1753282566_WhatsAppImage2025-07-18at11.34.24_408dfe2e.jpg'),
(386, 472, 0, 4, '2025-07-23', 'HW -  Draw and color Hockey', 'Draw and color hockey step by step.', 'uploads/homework/1753282610_hockey1.png'),
(387, 476, 0, 5, '2025-07-23', 'HW - Draw and Shade hockey', 'Draw the drawing step by step and Use light medium dark tone to complete the shading', 'uploads/homework/1753282691_hockey.png'),
(388, 194, 0, 8, '2025-07-23', 'HW old lady', 'The interplay of light and shadow enriches the portrait, highlighting the contours of her face and the soft folds of her garment.\r\n\r\nThe overall composition conveys warmth, strength, and a lifetime of stories, inviting viewers to reflect on the beauty found in age and the depth of human experience.', 'uploads/homework/1753282928_generated-image7.png'),
(389, 197, 0, 8, '2025-07-23', 'HW old lady', 'The interplay of light and shadow enriches the portrait, highlighting the contours of her face and the soft folds of her garment.\r\n\r\nThe overall composition conveys warmth, strength, and a lifetime of stories, inviting viewers to reflect on the beauty found in age and the depth of human experience.', 'uploads/homework/1753282928_generated-image7.png'),
(390, 202, 0, 8, '2025-07-23', 'HW old lady', 'The interplay of light and shadow enriches the portrait, highlighting the contours of her face and the soft folds of her garment.\r\n\r\nThe overall composition conveys warmth, strength, and a lifetime of stories, inviting viewers to reflect on the beauty found in age and the depth of human experience.', 'uploads/homework/1753282928_generated-image7.png'),
(391, 452, 0, 8, '2025-07-23', 'HW old lady', 'The interplay of light and shadow enriches the portrait, highlighting the contours of her face and the soft folds of her garment.\r\n\r\nThe overall composition conveys warmth, strength, and a lifetime of stories, inviting viewers to reflect on the beauty found in age and the depth of human experience.', 'uploads/homework/1753282928_generated-image7.png'),
(392, 473, 0, 8, '2025-07-23', 'HW old lady', 'The interplay of light and shadow enriches the portrait, highlighting the contours of her face and the soft folds of her garment.\r\n\r\nThe overall composition conveys warmth, strength, and a lifetime of stories, inviting viewers to reflect on the beauty found in age and the depth of human experience.', 'uploads/homework/1753282928_generated-image7.png'),
(393, 477, 0, 8, '2025-07-23', 'HW old lady', 'The interplay of light and shadow enriches the portrait, highlighting the contours of her face and the soft folds of her garment.\r\n\r\nThe overall composition conveys warmth, strength, and a lifetime of stories, inviting viewers to reflect on the beauty found in age and the depth of human experience.', 'uploads/homework/1753282928_generated-image7.png'),
(394, 485, 0, 8, '2025-07-23', 'HW old lady', 'The interplay of light and shadow enriches the portrait, highlighting the contours of her face and the soft folds of her garment.\r\n\r\nThe overall composition conveys warmth, strength, and a lifetime of stories, inviting viewers to reflect on the beauty found in age and the depth of human experience.', 'uploads/homework/1753282928_generated-image7.png'),
(395, 456, 0, 2, '2025-07-23', 'HW - Print and color same as CW', 'Cycling drawing with color', 'uploads/homework/1753283411_3a17e5c0-c69c-4df2-bbff-b496e2f3eb66.png'),
(396, 461, 0, 2, '2025-07-23', 'HW - Print and color same as CW', 'Cycling drawing with color', 'uploads/homework/1753283411_3a17e5c0-c69c-4df2-bbff-b496e2f3eb66.png'),
(397, 463, 0, 2, '2025-07-23', 'HW - Print and color same as CW', 'Cycling drawing with color', 'uploads/homework/1753283411_3a17e5c0-c69c-4df2-bbff-b496e2f3eb66.png'),
(398, 467, 0, 2, '2025-07-23', 'HW - Print and color same as CW', 'Cycling drawing with color', 'uploads/homework/1753283411_3a17e5c0-c69c-4df2-bbff-b496e2f3eb66.png'),
(399, 486, 0, 2, '2025-07-23', 'HW - Print and color same as CW', 'Cycling drawing with color', 'uploads/homework/1753283411_3a17e5c0-c69c-4df2-bbff-b496e2f3eb66.png'),
(400, 490, 0, 2, '2025-07-23', 'HW - Print and color same as CW', 'Cycling drawing with color', 'uploads/homework/1753283411_3a17e5c0-c69c-4df2-bbff-b496e2f3eb66.png'),
(401, 449, 0, 3, '2025-07-23', 'HW - DRAW AND COLOR CYCLING', 'We have attached the drawing , color the same color as CW.', 'uploads/homework/1753283524_3a17e5c0-c69c-4df2-bbff-b496e2f3eb66.png'),
(402, 454, 0, 3, '2025-07-23', 'HW - DRAW AND COLOR CYCLING', 'We have attached the drawing , color the same color as CW.', 'uploads/homework/1753283524_3a17e5c0-c69c-4df2-bbff-b496e2f3eb66.png'),
(404, 465, 0, 3, '2025-07-23', 'HW - DRAW AND COLOR CYCLING', 'We have attached the drawing , color the same color as CW.', 'uploads/homework/1753283524_3a17e5c0-c69c-4df2-bbff-b496e2f3eb66.png'),
(405, 488, 0, 3, '2025-07-23', 'HW - DRAW AND COLOR CYCLING', 'We have attached the drawing , color the same color as CW.', 'uploads/homework/1753283524_3a17e5c0-c69c-4df2-bbff-b496e2f3eb66.png'),
(406, 489, 0, 3, '2025-07-23', 'HW - DRAW AND COLOR CYCLING', 'We have attached the drawing , color the same color as CW.', 'uploads/homework/1753283524_3a17e5c0-c69c-4df2-bbff-b496e2f3eb66.png'),
(407, 500, 0, 3, '2025-07-23', 'HW - DRAW AND COLOR CYCLING', 'We have attached the drawing , color the same color as CW.', 'uploads/homework/1753283524_3a17e5c0-c69c-4df2-bbff-b496e2f3eb66.png'),
(408, 464, 0, 3, '2025-07-23', 'HW - DRAW AND COLOR CYCLING', 'We have attached the drawing , color the same color as CW.', 'uploads/homework/1753283524_3a17e5c0-c69c-4df2-bbff-b496e2f3eb66.png'),
(409, 189, 0, 4, '2025-07-23', 'HW - Skating', 'Draw and color it . Step by step.', 'uploads/homework/1753283755_generated-image8.png'),
(410, 204, 0, 4, '2025-07-23', 'HW - Skating', 'Draw and color it . Step by step.', 'uploads/homework/1753283755_generated-image8.png'),
(411, 205, 0, 4, '2025-07-23', 'HW - Skating', 'Draw and color it . Step by step.', 'uploads/homework/1753283755_generated-image8.png'),
(412, 451, 0, 4, '2025-07-23', 'HW - Skating', 'Draw and color it . Step by step.', 'uploads/homework/1753283755_generated-image8.png'),
(413, 453, 0, 4, '2025-07-23', 'HW - Skating', 'Draw and color it . Step by step.', 'uploads/homework/1753283755_generated-image8.png'),
(414, 459, 0, 4, '2025-07-23', 'HW - Skating', 'Draw and color it . Step by step.', 'uploads/homework/1753283755_generated-image8.png'),
(415, 472, 0, 4, '2025-07-23', 'HW - Skating', 'Draw and color it . Step by step.', 'uploads/homework/1753283755_generated-image8.png'),
(416, 320, 0, 4, '2025-07-23', 'HW - Skating', 'Draw and color it . Step by step.', 'uploads/homework/1753283755_generated-image8.png'),
(417, 178, 0, 4, '2025-07-23', 'HW - Skating', 'Draw and color it . Step by step.', 'uploads/homework/1753283755_generated-image8.png'),
(418, 181, 0, 4, '2025-07-23', 'HW - Skating', 'Draw and color it . Step by step.', 'uploads/homework/1753283755_generated-image8.png'),
(419, 457, 0, 5, '2025-07-23', 'HW - snow skiing', 'Draw and color shading HW. \r\n\r\ndo it step by step.', 'uploads/homework/1753283841_1752824297_colorpenciHWjuly.pdf'),
(420, 462, 0, 5, '2025-07-23', 'HW - snow skiing', 'Draw and color shading HW. \r\n\r\ndo it step by step.', 'uploads/homework/1753283841_1752824297_colorpenciHWjuly.pdf'),
(421, 466, 0, 5, '2025-07-23', 'HW - snow skiing', 'Draw and color shading HW. \r\n\r\ndo it step by step.', 'uploads/homework/1753283841_1752824297_colorpenciHWjuly.pdf'),
(422, 475, 0, 5, '2025-07-23', 'HW - snow skiing', 'Draw and color shading HW. \r\n\r\ndo it step by step.', 'uploads/homework/1753283841_1752824297_colorpenciHWjuly.pdf'),
(423, 483, 0, 5, '2025-07-23', 'HW - snow skiing', 'Draw and color shading HW. \r\n\r\ndo it step by step.', 'uploads/homework/1753283841_1752824297_colorpenciHWjuly.pdf'),
(424, 491, 0, 9, '2025-07-23', 'HW - Draw and paint the Monument', 'Draw and paint follow the watercolor rules of paintings.', 'uploads/homework/1753284179_monumentsweek1.png'),
(425, 474, 0, 3, '2025-07-23', 'HW -Cycling', 'Repeat the same CW, use this img to draw color same as CW.', 'uploads/homework/1753285158_3a17e5c0-c69c-4df2-bbff-b496e2f3eb66.png'),
(426, 195, 0, 5, '2025-07-25', 'HW - Boxing', 'Draw and shade both the boxer and shade it with neatness. \r\nAll the best', 'uploads/homework/1753454577_generated-image10.png'),
(427, 196, 0, 5, '2025-07-25', 'HW - Boxing', 'Draw and shade both the boxer and shade it with neatness. \r\nAll the best', 'uploads/homework/1753454577_generated-image10.png'),
(428, 198, 0, 5, '2025-07-25', 'HW - Boxing', 'Draw and shade both the boxer and shade it with neatness. \r\nAll the best', 'uploads/homework/1753454577_generated-image10.png'),
(429, 199, 0, 5, '2025-07-25', 'HW - Boxing', 'Draw and shade both the boxer and shade it with neatness. \r\nAll the best', 'uploads/homework/1753454577_generated-image10.png'),
(430, 200, 0, 5, '2025-07-25', 'HW - Boxing', 'Draw and shade both the boxer and shade it with neatness. \r\nAll the best', 'uploads/homework/1753454577_generated-image10.png'),
(431, 201, 0, 5, '2025-07-25', 'HW - Boxing', 'Draw and shade both the boxer and shade it with neatness. \r\nAll the best', 'uploads/homework/1753454577_generated-image10.png'),
(432, 487, 0, 5, '2025-07-25', 'HW - Boxing', 'Draw and shade both the boxer and shade it with neatness. \r\nAll the best', 'uploads/homework/1753454577_generated-image10.png'),
(433, 450, 0, 2, '2025-07-25', 'HW - Print and color Cycling', 'Print and color the same Drawing as CW.', 'uploads/homework/1753454645_3a17e5c0-c69c-4df2-bbff-b496e2f3eb66.png'),
(434, 182, 0, 1, '2025-07-30', 'HW- Print and color Brown', 'Use , all types of Brown, Light brown , dark Brown and Brown to color all of them .', 'uploads/homework/1753859996_Brown.png'),
(435, 481, 0, 1, '2025-07-30', 'HW- Print and color Brown', 'Use , all types of Brown, Light brown , dark Brown and Brown to color all of them .', 'uploads/homework/1753859996_Brown.png'),
(436, 183, 0, 2, '2025-07-30', 'HW - Print and Color Bhil folk Art', 'Bhil art, a vibrant tribal art form from India, traditionally uses natural pigments on mud walls to depict scenes from nature, rituals, and daily life, often incorporating geometric patterns and stylized figures.', 'uploads/homework/1753860112_generated-image14.png'),
(437, 450, 0, 2, '2025-07-30', 'HW - Print and Color Bhil folk Art', 'Bhil art, a vibrant tribal art form from India, traditionally uses natural pigments on mud walls to depict scenes from nature, rituals, and daily life, often incorporating geometric patterns and stylized figures.', 'uploads/homework/1753860112_generated-image14.png'),
(438, 456, 0, 2, '2025-07-30', 'HW - Print and Color Bhil folk Art', 'Bhil art, a vibrant tribal art form from India, traditionally uses natural pigments on mud walls to depict scenes from nature, rituals, and daily life, often incorporating geometric patterns and stylized figures.', 'uploads/homework/1753860112_generated-image14.png'),
(439, 461, 0, 2, '2025-07-30', 'HW - Print and Color Bhil folk Art', 'Bhil art, a vibrant tribal art form from India, traditionally uses natural pigments on mud walls to depict scenes from nature, rituals, and daily life, often incorporating geometric patterns and stylized figures.', 'uploads/homework/1753860112_generated-image14.png'),
(440, 463, 0, 2, '2025-07-30', 'HW - Print and Color Bhil folk Art', 'Bhil art, a vibrant tribal art form from India, traditionally uses natural pigments on mud walls to depict scenes from nature, rituals, and daily life, often incorporating geometric patterns and stylized figures.', 'uploads/homework/1753860112_generated-image14.png'),
(441, 467, 0, 2, '2025-07-30', 'HW - Print and Color Bhil folk Art', 'Bhil art, a vibrant tribal art form from India, traditionally uses natural pigments on mud walls to depict scenes from nature, rituals, and daily life, often incorporating geometric patterns and stylized figures.', 'uploads/homework/1753860112_generated-image14.png'),
(442, 469, 0, 2, '2025-07-30', 'HW - Print and Color Bhil folk Art', 'Bhil art, a vibrant tribal art form from India, traditionally uses natural pigments on mud walls to depict scenes from nature, rituals, and daily life, often incorporating geometric patterns and stylized figures.', 'uploads/homework/1753860112_generated-image14.png'),
(443, 470, 0, 2, '2025-07-30', 'HW - Print and Color Bhil folk Art', 'Bhil art, a vibrant tribal art form from India, traditionally uses natural pigments on mud walls to depict scenes from nature, rituals, and daily life, often incorporating geometric patterns and stylized figures.', 'uploads/homework/1753860112_generated-image14.png'),
(444, 486, 0, 2, '2025-07-30', 'HW - Print and Color Bhil folk Art', 'Bhil art, a vibrant tribal art form from India, traditionally uses natural pigments on mud walls to depict scenes from nature, rituals, and daily life, often incorporating geometric patterns and stylized figures.', 'uploads/homework/1753860112_generated-image14.png'),
(445, 490, 0, 2, '2025-07-30', 'HW - Print and Color Bhil folk Art', 'Bhil art, a vibrant tribal art form from India, traditionally uses natural pigments on mud walls to depict scenes from nature, rituals, and daily life, often incorporating geometric patterns and stylized figures.', 'uploads/homework/1753860112_generated-image14.png'),
(446, 497, 0, 2, '2025-07-30', 'HW - Print and Color Bhil folk Art', 'Bhil art, a vibrant tribal art form from India, traditionally uses natural pigments on mud walls to depict scenes from nature, rituals, and daily life, often incorporating geometric patterns and stylized figures.', 'uploads/homework/1753860112_generated-image14.png'),
(447, 498, 0, 2, '2025-07-30', 'HW - Print and Color Bhil folk Art', 'Bhil art, a vibrant tribal art form from India, traditionally uses natural pigments on mud walls to depict scenes from nature, rituals, and daily life, often incorporating geometric patterns and stylized figures.', 'uploads/homework/1753860112_generated-image14.png'),
(448, 503, 0, 2, '2025-07-30', 'HW - Print and Color Bhil folk Art', 'Bhil art, a vibrant tribal art form from India, traditionally uses natural pigments on mud walls to depict scenes from nature, rituals, and daily life, often incorporating geometric patterns and stylized figures.', 'uploads/homework/1753860112_generated-image14.png'),
(449, 449, 0, 3, '2025-07-30', 'HW - Draw and color Bhil art same as CW', 'Bhil art, a vibrant tribal art form from India, traditionally uses natural pigments on mud walls to depict scenes from nature, rituals, and daily life...', 'uploads/homework/1753860210_generated-image13.png'),
(450, 454, 0, 3, '2025-07-30', 'HW - Draw and color Bhil art same as CW', 'Bhil art, a vibrant tribal art form from India, traditionally uses natural pigments on mud walls to depict scenes from nature, rituals, and daily life...', 'uploads/homework/1753860210_generated-image13.png'),
(452, 465, 0, 3, '2025-07-30', 'HW - Draw and color Bhil art same as CW', 'Bhil art, a vibrant tribal art form from India, traditionally uses natural pigments on mud walls to depict scenes from nature, rituals, and daily life...', 'uploads/homework/1753860210_generated-image13.png'),
(453, 468, 0, 3, '2025-07-30', 'HW - Draw and color Bhil art same as CW', 'Bhil art, a vibrant tribal art form from India, traditionally uses natural pigments on mud walls to depict scenes from nature, rituals, and daily life...', 'uploads/homework/1753860210_generated-image13.png'),
(454, 471, 0, 3, '2025-07-30', 'HW - Draw and color Bhil art same as CW', 'Bhil art, a vibrant tribal art form from India, traditionally uses natural pigments on mud walls to depict scenes from nature, rituals, and daily life...', 'uploads/homework/1753860210_generated-image13.png'),
(455, 474, 0, 3, '2025-07-30', 'HW - Draw and color Bhil art same as CW', 'Bhil art, a vibrant tribal art form from India, traditionally uses natural pigments on mud walls to depict scenes from nature, rituals, and daily life...', 'uploads/homework/1753860210_generated-image13.png'),
(456, 478, 0, 3, '2025-07-30', 'HW - Draw and color Bhil art same as CW', 'Bhil art, a vibrant tribal art form from India, traditionally uses natural pigments on mud walls to depict scenes from nature, rituals, and daily life...', 'uploads/homework/1753860210_generated-image13.png'),
(457, 479, 0, 3, '2025-07-30', 'HW - Draw and color Bhil art same as CW', 'Bhil art, a vibrant tribal art form from India, traditionally uses natural pigments on mud walls to depict scenes from nature, rituals, and daily life...', 'uploads/homework/1753860210_generated-image13.png'),
(458, 488, 0, 3, '2025-07-30', 'HW - Draw and color Bhil art same as CW', 'Bhil art, a vibrant tribal art form from India, traditionally uses natural pigments on mud walls to depict scenes from nature, rituals, and daily life...', 'uploads/homework/1753860210_generated-image13.png'),
(459, 489, 0, 3, '2025-07-30', 'HW - Draw and color Bhil art same as CW', 'Bhil art, a vibrant tribal art form from India, traditionally uses natural pigments on mud walls to depict scenes from nature, rituals, and daily life...', 'uploads/homework/1753860210_generated-image13.png'),
(460, 499, 0, 3, '2025-07-30', 'HW - Draw and color Bhil art same as CW', 'Bhil art, a vibrant tribal art form from India, traditionally uses natural pigments on mud walls to depict scenes from nature, rituals, and daily life...', 'uploads/homework/1753860210_generated-image13.png');
INSERT INTO `homework_assigned` (`id`, `student_id`, `centre_id`, `art_group_id`, `date_assigned`, `title`, `description`, `file_path`) VALUES
(461, 500, 0, 3, '2025-07-30', 'HW - Draw and color Bhil art same as CW', 'Bhil art, a vibrant tribal art form from India, traditionally uses natural pigments on mud walls to depict scenes from nature, rituals, and daily life...', 'uploads/homework/1753860210_generated-image13.png'),
(462, 501, 0, 3, '2025-07-30', 'HW - Draw and color Bhil art same as CW', 'Bhil art, a vibrant tribal art form from India, traditionally uses natural pigments on mud walls to depict scenes from nature, rituals, and daily life...', 'uploads/homework/1753860210_generated-image13.png'),
(463, 464, 0, 3, '2025-07-30', 'HW - Draw and color Bhil art same as CW', 'Bhil art, a vibrant tribal art form from India, traditionally uses natural pigments on mud walls to depict scenes from nature, rituals, and daily life...', 'uploads/homework/1753860210_generated-image13.png'),
(464, 189, 0, 4, '2025-07-30', 'HW - Draw and color Madubani art HW', 'Draw and color step by step. \r\nNeatness would be highly appreciated.', 'uploads/homework/1753860687_DRawaug1.png'),
(465, 204, 0, 4, '2025-07-30', 'HW - Draw and color Madubani art HW', 'Draw and color step by step. \r\nNeatness would be highly appreciated.', 'uploads/homework/1753860687_DRawaug1.png'),
(466, 205, 0, 4, '2025-07-30', 'HW - Draw and color Madubani art HW', 'Draw and color step by step. \r\nNeatness would be highly appreciated.', 'uploads/homework/1753860687_DRawaug1.png'),
(467, 451, 0, 4, '2025-07-30', 'HW - Draw and color Madubani art HW', 'Draw and color step by step. \r\nNeatness would be highly appreciated.', 'uploads/homework/1753860687_DRawaug1.png'),
(468, 453, 0, 4, '2025-07-30', 'HW - Draw and color Madubani art HW', 'Draw and color step by step. \r\nNeatness would be highly appreciated.', 'uploads/homework/1753860687_DRawaug1.png'),
(469, 459, 0, 4, '2025-07-30', 'HW - Draw and color Madubani art HW', 'Draw and color step by step. \r\nNeatness would be highly appreciated.', 'uploads/homework/1753860687_DRawaug1.png'),
(470, 472, 0, 4, '2025-07-30', 'HW - Draw and color Madubani art HW', 'Draw and color step by step. \r\nNeatness would be highly appreciated.', 'uploads/homework/1753860687_DRawaug1.png'),
(471, 320, 0, 4, '2025-07-30', 'HW - Draw and color Madubani art HW', 'Draw and color step by step. \r\nNeatness would be highly appreciated.', 'uploads/homework/1753860687_DRawaug1.png'),
(472, 178, 0, 4, '2025-07-30', 'HW - Draw and color Madubani art HW', 'Draw and color step by step. \r\nNeatness would be highly appreciated.', 'uploads/homework/1753860687_DRawaug1.png'),
(473, 181, 0, 4, '2025-07-30', 'HW - Draw and color Madubani art HW', 'Draw and color step by step. \r\nNeatness would be highly appreciated.', 'uploads/homework/1753860687_DRawaug1.png'),
(474, 185, 0, 5, '2025-07-30', 'HW- Modern art Suprematism', 'About Suprematism.\r\nIt is an abstract art movement that originated in Russia around 1913, founded by the artist Kazimir Malevich. It’s known for its bold use of geometric shapes, minimal color palettes, and a deep focus on pure artistic feeling rather than depicting objects or nature.', 'uploads/homework/1753861232_Suprematismmodenrart.png'),
(475, 187, 0, 5, '2025-07-30', 'HW- Modern art Suprematism', 'About Suprematism.\r\nIt is an abstract art movement that originated in Russia around 1913, founded by the artist Kazimir Malevich. It’s known for its bold use of geometric shapes, minimal color palettes, and a deep focus on pure artistic feeling rather than depicting objects or nature.', 'uploads/homework/1753861232_Suprematismmodenrart.png'),
(476, 195, 0, 5, '2025-07-30', 'HW- Modern art Suprematism', 'About Suprematism.\r\nIt is an abstract art movement that originated in Russia around 1913, founded by the artist Kazimir Malevich. It’s known for its bold use of geometric shapes, minimal color palettes, and a deep focus on pure artistic feeling rather than depicting objects or nature.', 'uploads/homework/1753861232_Suprematismmodenrart.png'),
(477, 196, 0, 5, '2025-07-30', 'HW- Modern art Suprematism', 'About Suprematism.\r\nIt is an abstract art movement that originated in Russia around 1913, founded by the artist Kazimir Malevich. It’s known for its bold use of geometric shapes, minimal color palettes, and a deep focus on pure artistic feeling rather than depicting objects or nature.', 'uploads/homework/1753861232_Suprematismmodenrart.png'),
(478, 198, 0, 5, '2025-07-30', 'HW- Modern art Suprematism', 'About Suprematism.\r\nIt is an abstract art movement that originated in Russia around 1913, founded by the artist Kazimir Malevich. It’s known for its bold use of geometric shapes, minimal color palettes, and a deep focus on pure artistic feeling rather than depicting objects or nature.', 'uploads/homework/1753861232_Suprematismmodenrart.png'),
(479, 199, 0, 5, '2025-07-30', 'HW- Modern art Suprematism', 'About Suprematism.\r\nIt is an abstract art movement that originated in Russia around 1913, founded by the artist Kazimir Malevich. It’s known for its bold use of geometric shapes, minimal color palettes, and a deep focus on pure artistic feeling rather than depicting objects or nature.', 'uploads/homework/1753861232_Suprematismmodenrart.png'),
(480, 200, 0, 5, '2025-07-30', 'HW- Modern art Suprematism', 'About Suprematism.\r\nIt is an abstract art movement that originated in Russia around 1913, founded by the artist Kazimir Malevich. It’s known for its bold use of geometric shapes, minimal color palettes, and a deep focus on pure artistic feeling rather than depicting objects or nature.', 'uploads/homework/1753861232_Suprematismmodenrart.png'),
(481, 201, 0, 5, '2025-07-30', 'HW- Modern art Suprematism', 'About Suprematism.\r\nIt is an abstract art movement that originated in Russia around 1913, founded by the artist Kazimir Malevich. It’s known for its bold use of geometric shapes, minimal color palettes, and a deep focus on pure artistic feeling rather than depicting objects or nature.', 'uploads/homework/1753861232_Suprematismmodenrart.png'),
(482, 457, 0, 5, '2025-07-30', 'HW- Modern art Suprematism', 'About Suprematism.\r\nIt is an abstract art movement that originated in Russia around 1913, founded by the artist Kazimir Malevich. It’s known for its bold use of geometric shapes, minimal color palettes, and a deep focus on pure artistic feeling rather than depicting objects or nature.', 'uploads/homework/1753861232_Suprematismmodenrart.png'),
(483, 462, 0, 5, '2025-07-30', 'HW- Modern art Suprematism', 'About Suprematism.\r\nIt is an abstract art movement that originated in Russia around 1913, founded by the artist Kazimir Malevich. It’s known for its bold use of geometric shapes, minimal color palettes, and a deep focus on pure artistic feeling rather than depicting objects or nature.', 'uploads/homework/1753861232_Suprematismmodenrart.png'),
(484, 466, 0, 5, '2025-07-30', 'HW- Modern art Suprematism', 'About Suprematism.\r\nIt is an abstract art movement that originated in Russia around 1913, founded by the artist Kazimir Malevich. It’s known for its bold use of geometric shapes, minimal color palettes, and a deep focus on pure artistic feeling rather than depicting objects or nature.', 'uploads/homework/1753861232_Suprematismmodenrart.png'),
(485, 475, 0, 5, '2025-07-30', 'HW- Modern art Suprematism', 'About Suprematism.\r\nIt is an abstract art movement that originated in Russia around 1913, founded by the artist Kazimir Malevich. It’s known for its bold use of geometric shapes, minimal color palettes, and a deep focus on pure artistic feeling rather than depicting objects or nature.', 'uploads/homework/1753861232_Suprematismmodenrart.png'),
(486, 476, 0, 5, '2025-07-30', 'HW- Modern art Suprematism', 'About Suprematism.\r\nIt is an abstract art movement that originated in Russia around 1913, founded by the artist Kazimir Malevich. It’s known for its bold use of geometric shapes, minimal color palettes, and a deep focus on pure artistic feeling rather than depicting objects or nature.', 'uploads/homework/1753861232_Suprematismmodenrart.png'),
(487, 480, 0, 5, '2025-07-30', 'HW- Modern art Suprematism', 'About Suprematism.\r\nIt is an abstract art movement that originated in Russia around 1913, founded by the artist Kazimir Malevich. It’s known for its bold use of geometric shapes, minimal color palettes, and a deep focus on pure artistic feeling rather than depicting objects or nature.', 'uploads/homework/1753861232_Suprematismmodenrart.png'),
(488, 483, 0, 5, '2025-07-30', 'HW- Modern art Suprematism', 'About Suprematism.\r\nIt is an abstract art movement that originated in Russia around 1913, founded by the artist Kazimir Malevich. It’s known for its bold use of geometric shapes, minimal color palettes, and a deep focus on pure artistic feeling rather than depicting objects or nature.', 'uploads/homework/1753861232_Suprematismmodenrart.png'),
(489, 487, 0, 5, '2025-07-30', 'HW- Modern art Suprematism', 'About Suprematism.\r\nIt is an abstract art movement that originated in Russia around 1913, founded by the artist Kazimir Malevich. It’s known for its bold use of geometric shapes, minimal color palettes, and a deep focus on pure artistic feeling rather than depicting objects or nature.', 'uploads/homework/1753861232_Suprematismmodenrart.png'),
(490, 494, 0, 5, '2025-07-30', 'HW- Modern art Suprematism', 'About Suprematism.\r\nIt is an abstract art movement that originated in Russia around 1913, founded by the artist Kazimir Malevich. It’s known for its bold use of geometric shapes, minimal color palettes, and a deep focus on pure artistic feeling rather than depicting objects or nature.', 'uploads/homework/1753861232_Suprematismmodenrart.png'),
(491, 456, 0, 2, '2025-08-04', 'Hw- Print and color Madhubani art', 'Color the Drawing same as CW. Please refer the CW Coloring . \r\n\r\nFollow the Correct direction. All the best', 'uploads/homework/1754293617_toBasicgroupaugweek1.pdf'),
(492, 461, 0, 2, '2025-08-04', 'Hw- Print and color Madhubani art', 'Color the Drawing same as CW. Please refer the CW Coloring . \r\n\r\nFollow the Correct direction. All the best', 'uploads/homework/1754293617_toBasicgroupaugweek1.pdf'),
(493, 463, 0, 2, '2025-08-04', 'Hw- Print and color Madhubani art', 'Color the Drawing same as CW. Please refer the CW Coloring . \r\n\r\nFollow the Correct direction. All the best', 'uploads/homework/1754293617_toBasicgroupaugweek1.pdf'),
(494, 467, 0, 2, '2025-08-04', 'Hw- Print and color Madhubani art', 'Color the Drawing same as CW. Please refer the CW Coloring . \r\n\r\nFollow the Correct direction. All the best', 'uploads/homework/1754293617_toBasicgroupaugweek1.pdf'),
(495, 486, 0, 2, '2025-08-04', 'Hw- Print and color Madhubani art', 'Color the Drawing same as CW. Please refer the CW Coloring . \r\n\r\nFollow the Correct direction. All the best', 'uploads/homework/1754293617_toBasicgroupaugweek1.pdf'),
(496, 490, 0, 2, '2025-08-04', 'Hw- Print and color Madhubani art', 'Color the Drawing same as CW. Please refer the CW Coloring . \r\n\r\nFollow the Correct direction. All the best', 'uploads/homework/1754293617_toBasicgroupaugweek1.pdf'),
(497, 449, 0, 3, '2025-08-04', 'HW - Draw & color Madhubani art', 'Draw and Color the drawing same as CW. Only drawing is shared as student  should not feel draw is difficult . \r\nPlease refer the Class Work for  Coloring.', 'uploads/homework/1754293775_toBasicgroupaugweek1.pdf'),
(498, 454, 0, 3, '2025-08-04', 'HW - Draw & color Madhubani art', 'Draw and Color the drawing same as CW. Only drawing is shared as student  should not feel draw is difficult . \r\nPlease refer the Class Work for  Coloring.', 'uploads/homework/1754293775_toBasicgroupaugweek1.pdf'),
(499, 464, 0, 3, '2025-08-04', 'HW - Draw & color Madhubani art', 'Draw and Color the drawing same as CW. Only drawing is shared as student  should not feel draw is difficult . \r\nPlease refer the Class Work for  Coloring.', 'uploads/homework/1754293775_toBasicgroupaugweek1.pdf'),
(500, 465, 0, 3, '2025-08-04', 'HW - Draw & color Madhubani art', 'Draw and Color the drawing same as CW. Only drawing is shared as student  should not feel draw is difficult . \r\nPlease refer the Class Work for  Coloring.', 'uploads/homework/1754293775_toBasicgroupaugweek1.pdf'),
(501, 488, 0, 3, '2025-08-04', 'HW - Draw & color Madhubani art', 'Draw and Color the drawing same as CW. Only drawing is shared as student  should not feel draw is difficult . \r\nPlease refer the Class Work for  Coloring.', 'uploads/homework/1754293775_toBasicgroupaugweek1.pdf'),
(502, 489, 0, 3, '2025-08-04', 'HW - Draw & color Madhubani art', 'Draw and Color the drawing same as CW. Only drawing is shared as student  should not feel draw is difficult . \r\nPlease refer the Class Work for  Coloring.', 'uploads/homework/1754293775_toBasicgroupaugweek1.pdf'),
(503, 500, 0, 3, '2025-08-04', 'HW - Draw & color Madhubani art', 'Draw and Color the drawing same as CW. Only drawing is shared as student  should not feel draw is difficult . \r\nPlease refer the Class Work for  Coloring.', 'uploads/homework/1754293775_toBasicgroupaugweek1.pdf'),
(504, 453, 0, 4, '2025-08-04', 'HW - August Week 1 Folk art', 'Draw and color the drawing in landscape without frame us the entire page to draw and color the drawing.', 'uploads/homework/1754311613_enhanced.pdf'),
(505, 459, 0, 4, '2025-08-04', 'HW - August Week 1 Folk art', 'Draw and color the drawing in landscape without frame us the entire page to draw and color the drawing.', 'uploads/homework/1754311613_enhanced.pdf'),
(506, 457, 0, 5, '2025-08-04', 'HW- Week 1 August folk art', 'Draw and shade the Drawing step by step, use rich colors to complete the Shading.', 'uploads/homework/1754311768_makeitarichcolor.png'),
(507, 466, 0, 5, '2025-08-04', 'HW- Week 1 August folk art', 'Draw and shade the Drawing step by step, use rich colors to complete the Shading.', 'uploads/homework/1754311768_makeitarichcolor.png'),
(508, 475, 0, 5, '2025-08-04', 'HW- Week 1 August folk art', 'Draw and shade the Drawing step by step, use rich colors to complete the Shading.', 'uploads/homework/1754311768_makeitarichcolor.png'),
(509, 483, 0, 5, '2025-08-04', 'HW- Week 1 August folk art', 'Draw and shade the Drawing step by step, use rich colors to complete the Shading.', 'uploads/homework/1754311768_makeitarichcolor.png'),
(510, 452, 0, 8, '2025-08-04', 'HW - Week 1 August Elon Musk', 'Elon Musk is a prominent entrepreneur, engineer, and business magnate, known for his ambitious ventures in various fields, including electric vehicles, space exploration, and artificial intelligence.', 'uploads/homework/1754311885_ElonMuskpencilportrait3.pdf'),
(511, 481, 0, 1, '2025-08-04', 'HW - August week 1 ( Print & Color Gray)', 'Print and color grey on the sheet, Don\'t color too fast , avoid white spaces. \r\nAll the Best', 'uploads/homework/1754321452_beginnersgroupcoloring.png'),
(512, 478, 0, 3, '2025-08-04', 'HW -HW - Draw & color Madhubani art Week 1', 'Draw and Color the drawing same as CW. Only drawing is shared as student should not feel draw is difficult .\r\nPlease refer the Class Work for Color...', 'uploads/homework/1754321550_toBasicgroupaugweek1.png'),
(513, 479, 0, 3, '2025-08-04', 'HW -HW - Draw & color Madhubani art Week 1', 'Draw and Color the drawing same as CW. Only drawing is shared as student should not feel draw is difficult .\r\nPlease refer the Class Work for Color...', 'uploads/homework/1754321550_toBasicgroupaugweek1.png'),
(514, 480, 0, 5, '2025-08-04', 'HW- Week 1 August folk art', 'Draw and shade the Drawing step by step, use rich colors to complete the Shading.', 'uploads/homework/1754321663_makeitarichcolor.png'),
(515, 477, 0, 8, '2025-08-04', 'HW - Week 1 August Elon Musk', 'Elon Musk is a prominent entrepreneur, engineer, and business magnate, known for his ambitious ventures in various fields, including electric vehicles.', 'uploads/homework/1754321768_ElonMuskpencilportrait.png');

-- --------------------------------------------------------

--
-- Table structure for table `homework_feedback`
--

CREATE TABLE `homework_feedback` (
  `assignment_id` int(11) NOT NULL,
  `student_id` int(11) NOT NULL,
  `feedback` text NOT NULL,
  `created_at` datetime DEFAULT current_timestamp()
) ENGINE=InnoDB DEFAULT CHARSET=utf8mb4 COLLATE=utf8mb4_general_ci;

-- --------------------------------------------------------

--
-- Table structure for table `homework_rewards`
--

CREATE TABLE `homework_rewards` (
  `id` int(10) UNSIGNED NOT NULL,
  `assignment_id` int(10) UNSIGNED NOT NULL,
  `student_id` int(10) UNSIGNED NOT NULL,
  `stars` tinyint(4) DEFAULT 1,
  `awarded_at` datetime DEFAULT current_timestamp()
) ENGINE=InnoDB DEFAULT CHARSET=utf8mb4 COLLATE=utf8mb4_general_ci;

-- --------------------------------------------------------

--
-- Table structure for table `homework_submissions`
--

CREATE TABLE `homework_submissions` (
  `id` int(10) UNSIGNED NOT NULL,
  `assignment_id` int(10) UNSIGNED NOT NULL,
  `student_id` int(10) UNSIGNED NOT NULL,
  `file_path` varchar(255) NOT NULL,
  `submitted_at` datetime NOT NULL DEFAULT current_timestamp(),
  `feedback` text DEFAULT NULL,
  `star_given` tinyint(1) DEFAULT 0,
  `shown_in_class` tinyint(1) DEFAULT 0,
  `proxy_file_path` varchar(255) DEFAULT NULL
) ENGINE=InnoDB DEFAULT CHARSET=utf8mb4 COLLATE=utf8mb4_general_ci;

--
-- Dumping data for table `homework_submissions`
--

INSERT INTO `homework_submissions` (`id`, `assignment_id`, `student_id`, `file_path`, `submitted_at`, `feedback`, `star_given`, `shown_in_class`, `proxy_file_path`) VALUES
(27, 132, 202, 'uploads/homework/202_132_1750779870.jpg', '2025-06-24 15:44:30', 'Good try with the portrait, give more time to shading. \r\ndivide in two days. ', 0, 0, NULL),
(29, 110, 185, 'uploads/homework/185_110_1750863486.jpg', '2025-06-25 14:58:06', 'Wow, great. Keep it up. ', 1, 0, NULL),
(38, 116, 187, '', '2025-06-26 11:37:38', '', 0, 0, NULL),
(39, 114, 187, '', '2025-06-26 11:37:38', '', 0, 0, NULL),
(40, 111, 187, '', '2025-06-26 11:37:38', '', 0, 0, NULL),
(41, 129, 201, '', '2025-06-26 11:37:38', '', 0, 0, NULL),
(42, 153, 475, '', '2025-06-26 11:37:38', 'Homework not because student is not aware about the app parent need to help her ', 0, 0, NULL),
(43, 131, 197, '', '2025-06-26 11:37:38', 'Not done ', 0, 0, NULL),
(45, 110, 185, '', '2025-06-26 11:37:38', 'Wow, great. Keep it up.', 1, 1, NULL),
(46, 128, 200, '', '2025-06-26 11:37:38', 'Done , but different one', 0, 0, NULL),
(47, 140, 472, '', '2025-06-26 11:37:38', '', 0, 0, NULL),
(48, 127, 199, '', '2025-06-26 11:37:38', 'Not done', 0, 0, NULL),
(49, 130, 194, '', '2025-06-26 11:37:38', 'Wrong he was given to her.(Not counted as not submitted ', 0, 0, NULL),
(50, 150, 457, '', '2025-06-26 11:37:38', 'Good hw , but need to make it bigger in size.', 1, 0, NULL),
(51, 146, 457, '', '2025-06-26 11:37:38', '', 0, 0, NULL),
(52, 125, 196, '', '2025-06-26 11:37:38', '', 0, 0, NULL),
(53, 143, 451, '', '2025-06-26 11:37:38', '', 0, 0, NULL),
(54, 144, 450, '', '2025-06-26 11:37:38', 'Hw submitted ', 0, 0, NULL),
(56, 151, 462, '', '2025-06-26 11:37:38', '', 0, 0, NULL),
(57, 147, 462, 'uploads/homework/462_333_1752988462.jpg', '2025-06-26 11:37:38', '', 0, 0, NULL),
(60, 117, 178, '', '2025-06-26 11:37:38', '', 0, 0, NULL),
(61, 97, 178, '', '2025-06-26 11:37:38', '', 0, 0, NULL),
(62, 138, 474, '', '2025-06-26 11:37:38', 'Very good , Keep it. very Well done', 1, 0, NULL),
(63, 124, 195, '', '2025-06-26 11:37:38', 'Not submitted ', 0, 0, NULL),
(64, 100, 182, '', '2025-06-26 11:37:38', '', 0, 0, NULL),
(65, 139, 189, '', '2025-06-26 11:37:38', '', 0, 0, NULL),
(66, 133, 189, '', '2025-06-26 11:37:38', 'Not Submitted ', 0, 0, NULL),
(67, 112, 189, '', '2025-06-26 11:37:38', 'Not Submitted ', 0, 0, NULL),
(68, 141, 204, '', '2025-06-26 11:37:38', '', 0, 0, NULL),
(69, 135, 204, '', '2025-06-26 11:37:38', 'Good ', 1, 0, NULL),
(70, 118, 181, '', '2025-06-26 11:37:38', 'Good', 0, 1, NULL),
(71, 98, 181, '', '2025-06-26 11:37:38', 'Neat coloring 👌', 0, 1, NULL),
(72, 119, 183, '', '2025-06-26 11:37:38', '', 0, 0, NULL),
(73, 142, 205, '', '2025-06-26 11:37:38', '', 0, 0, NULL),
(74, 136, 205, '', '2025-06-26 11:37:38', 'Good efforts', 1, 0, NULL),
(75, 132, 202, '', '2025-06-26 11:37:38', 'Good try with the portrait, give more time to shading. \r\ndivide in two days.', 0, 1, NULL),
(78, 152, 466, '', '2025-06-26 11:37:38', 'Not submitted ', 0, 0, NULL),
(79, 148, 466, '', '2025-06-26 11:37:38', '', 0, 0, NULL),
(80, 126, 198, '', '2025-06-26 11:37:38', 'Not submitted ', 0, 0, NULL),
(81, 116, 187, '', '2025-06-26 11:43:59', '', 0, 0, NULL),
(82, 114, 187, '', '2025-06-26 11:43:59', 'Did but,other charecters', 0, 1, NULL),
(83, 111, 187, '', '2025-06-26 11:43:59', 'Incomplete', 0, 1, NULL),
(84, 129, 201, '', '2025-06-26 11:43:59', '', 0, 0, NULL),
(85, 153, 475, '', '2025-06-26 11:43:59', 'Homework not because student is not aware about the app parent need to help her ', 0, 0, NULL),
(86, 131, 197, '', '2025-06-26 11:43:59', 'Not done ', 0, 0, NULL),
(88, 110, 185, '', '2025-06-26 11:43:59', 'Wow, great. Keep it up.', 1, 1, NULL),
(89, 128, 200, '', '2025-06-26 11:43:59', 'Done , but different one', 0, 0, NULL),
(90, 140, 472, '', '2025-06-26 11:43:59', '', 0, 0, NULL),
(91, 127, 199, '', '2025-06-26 11:43:59', 'Not done', 0, 0, NULL),
(92, 130, 194, '', '2025-06-26 11:43:59', 'Wrong he was given to her.(Not counted as not submitted ', 0, 0, NULL),
(93, 150, 457, '', '2025-06-26 11:43:59', 'Good hw , but need to make it bigger in size.', 1, 0, NULL),
(94, 146, 457, '', '2025-06-26 11:43:59', '', 0, 0, NULL),
(95, 125, 196, '', '2025-06-26 11:43:59', '', 0, 0, NULL),
(96, 143, 451, '', '2025-06-26 11:43:59', '', 0, 0, NULL),
(97, 144, 450, '', '2025-06-26 11:43:59', 'Hw submitted ', 0, 0, NULL),
(99, 151, 462, '', '2025-06-26 11:43:59', '', 0, 0, NULL),
(100, 147, 462, 'uploads/homework/462_333_1752988462.jpg', '2025-06-26 11:43:59', '', 0, 0, NULL),
(103, 117, 178, '', '2025-06-26 11:43:59', 'Homework not done', 0, 0, NULL),
(104, 97, 178, '', '2025-06-26 11:43:59', 'Homework not done', 0, 0, NULL),
(105, 138, 474, '', '2025-06-26 11:43:59', 'Very good , Keep it. very Well done', 1, 0, NULL),
(106, 124, 195, '', '2025-06-26 11:43:59', 'Not submitted ', 0, 0, NULL),
(107, 100, 182, '', '2025-06-26 11:43:59', '', 0, 0, NULL),
(108, 139, 189, '', '2025-06-26 11:43:59', '', 0, 0, NULL),
(109, 133, 189, '', '2025-06-26 11:43:59', 'Not Submitted ', 0, 0, NULL),
(110, 112, 189, '', '2025-06-26 11:43:59', 'Not Submitted ', 0, 0, NULL),
(111, 141, 204, '', '2025-06-26 11:43:59', '', 0, 0, NULL),
(112, 135, 204, '', '2025-06-26 11:43:59', 'Good ', 1, 0, NULL),
(113, 118, 181, '', '2025-06-26 11:43:59', 'Good', 0, 1, NULL),
(114, 98, 181, '', '2025-06-26 11:43:59', 'Neat coloring 👌', 0, 1, NULL),
(115, 119, 183, '', '2025-06-26 11:43:59', '', 0, 0, NULL),
(116, 142, 205, '', '2025-06-26 11:43:59', '', 0, 0, NULL),
(117, 136, 205, '', '2025-06-26 11:43:59', 'Good efforts', 1, 0, NULL),
(118, 132, 202, '', '2025-06-26 11:43:59', 'Good try with the portrait, give more time to shading. \r\ndivide in two days.', 0, 1, NULL),
(121, 152, 466, '', '2025-06-26 11:43:59', 'Not submitted ', 0, 0, NULL),
(122, 148, 466, '', '2025-06-26 11:43:59', '', 0, 0, NULL),
(123, 126, 198, '', '2025-06-26 11:43:59', 'Not submitted ', 0, 0, NULL),
(124, 136, 205, '', '2025-06-27 11:27:19', NULL, 0, 1, NULL),
(125, 135, 204, '', '2025-06-27 11:35:18', NULL, 0, 1, NULL),
(126, 129, 201, '', '2025-06-27 12:01:37', '', 0, 1, NULL),
(127, 128, 200, '', '2025-06-27 12:01:37', NULL, 0, 1, NULL),
(128, 144, 450, '', '2025-06-27 12:01:37', NULL, 0, 1, NULL),
(131, 150, 457, '', '2025-06-29 06:14:14', NULL, 0, 1, NULL),
(132, 152, 466, '', '2025-06-29 06:16:48', NULL, 0, 1, NULL),
(133, 138, 474, '', '2025-06-30 03:55:15', NULL, 0, 1, NULL),
(134, 138, 474, '', '2025-07-02 10:58:09', '', 0, 1, NULL),
(135, 139, 189, '', '2025-07-02 10:58:09', 'Excellent work keep it up.', 0, 1, NULL),
(136, 133, 189, '', '2025-07-02 10:58:09', 'Not Submitted', 0, 0, NULL),
(137, 112, 189, '', '2025-07-02 10:58:09', 'Not Submitted', 0, 0, NULL),
(140, 156, 187, '', '2025-07-02 11:37:51', '', 0, 0, NULL),
(141, 116, 187, '', '2025-07-02 11:37:51', '', 0, 0, NULL),
(142, 114, 187, '', '2025-07-02 11:37:51', 'Did but,other charecters', 0, 1, NULL),
(143, 111, 187, '', '2025-07-02 11:37:51', 'Incomplete', 0, 1, NULL),
(144, 179, 476, '', '2025-07-02 11:37:51', '', 0, 0, NULL),
(145, 171, 473, '', '2025-07-02 11:37:51', '', 0, 0, NULL),
(146, 169, 201, '', '2025-07-02 11:37:51', '', 0, 0, NULL),
(147, 129, 201, '', '2025-07-02 11:37:51', '', 0, 1, NULL),
(148, 206, 475, '', '2025-07-02 11:37:51', '', 0, 0, NULL),
(149, 153, 475, '', '2025-07-02 11:37:51', 'Homework not because student is not aware about the app parent need to help her', 0, 0, NULL),
(150, 162, 197, '', '2025-07-02 11:37:51', '', 0, 0, NULL),
(151, 131, 197, '', '2025-07-02 11:37:51', 'Not done', 0, 0, NULL),
(152, 155, 185, '', '2025-07-02 11:37:51', '', 0, 0, NULL),
(153, 110, 185, '', '2025-07-02 11:37:51', 'Wow, great. Keep it up.', 1, 1, NULL),
(154, 168, 200, '', '2025-07-02 11:37:51', '', 0, 0, NULL),
(155, 128, 200, '', '2025-07-02 11:37:51', '', 0, 1, NULL),
(156, 192, 449, '', '2025-07-02 11:37:51', '', 0, 0, NULL),
(157, 185, 452, '', '2025-07-02 11:37:51', '', 0, 0, NULL),
(158, 202, 479, '', '2025-07-02 11:37:51', '', 0, 0, NULL),
(159, 180, 472, '', '2025-07-02 11:37:51', '', 0, 0, NULL),
(160, 140, 472, '', '2025-07-02 11:37:51', '', 0, 0, NULL),
(161, 196, 453, '', '2025-07-02 11:37:51', '', 0, 0, NULL),
(162, 193, 454, '', '2025-07-02 11:37:51', '', 0, 0, NULL),
(163, 207, 483, '', '2025-07-02 11:37:51', '', 0, 0, NULL),
(164, 198, 477, '', '2025-07-02 11:37:51', '', 0, 0, NULL),
(165, 187, 456, '', '2025-07-02 11:37:51', '', 0, 0, NULL),
(166, 200, 481, '', '2025-07-02 11:37:51', '', 0, 0, NULL),
(167, 167, 199, '', '2025-07-02 11:37:51', '', 0, 0, NULL),
(168, 127, 199, '', '2025-07-02 11:37:51', 'Not done', 0, 0, NULL),
(169, 201, 478, '', '2025-07-02 11:37:51', '', 0, 0, NULL),
(170, 161, 194, '', '2025-07-02 11:37:51', '', 0, 0, NULL),
(171, 130, 194, '', '2025-07-02 11:37:51', 'Wrong he was given to her.(Not counted as not submitted', 0, 0, NULL),
(172, 150, 457, '', '2025-07-02 11:37:51', '', 0, 1, NULL),
(173, 146, 457, '', '2025-07-02 11:37:51', '', 0, 0, NULL),
(174, 197, 459, '', '2025-07-02 11:37:51', '', 0, 0, NULL),
(175, 165, 196, '', '2025-07-02 11:37:51', '', 0, 0, NULL),
(176, 125, 196, '', '2025-07-02 11:37:51', '', 0, 0, NULL),
(177, 177, 468, '', '2025-07-02 11:37:51', '', 0, 0, NULL),
(178, 175, 469, '', '2025-07-02 11:37:51', '', 0, 0, NULL),
(179, 174, 451, '', '2025-07-02 11:37:51', '', 0, 0, NULL),
(180, 143, 451, '', '2025-07-02 11:37:51', '', 0, 0, NULL),
(181, 170, 450, '', '2025-07-02 11:37:51', '', 0, 0, NULL),
(182, 144, 450, '', '2025-07-02 11:37:51', '', 0, 1, NULL),
(186, 188, 461, '', '2025-07-02 11:37:51', '', 0, 0, NULL),
(187, 178, 471, '', '2025-07-02 11:37:51', '', 0, 0, NULL),
(188, 204, 462, '', '2025-07-02 11:37:51', '', 0, 0, NULL),
(189, 151, 462, '', '2025-07-02 11:37:51', '', 0, 0, NULL),
(190, 147, 462, 'uploads/homework/462_333_1752988462.jpg', '2025-07-02 11:37:51', '', 0, 0, NULL),
(194, 157, 178, '', '2025-07-02 11:37:51', '', 0, 0, NULL),
(195, 117, 178, '', '2025-07-02 11:37:51', 'Homework not done', 0, 0, NULL),
(196, 97, 178, '', '2025-07-02 11:37:51', 'Homework not done', 0, 0, NULL),
(197, 199, 480, '', '2025-07-02 11:37:51', '', 0, 0, NULL),
(198, 138, 474, '', '2025-07-02 11:37:51', '', 0, 1, NULL),
(199, 189, 463, '', '2025-07-02 11:37:51', '', 0, 0, NULL),
(200, 164, 195, '', '2025-07-02 11:37:51', '', 0, 0, NULL),
(201, 124, 195, '', '2025-07-02 11:37:51', 'Not submitted', 0, 0, NULL),
(202, 176, 470, '', '2025-07-02 11:37:51', '', 0, 0, NULL),
(203, 190, 464, '', '2025-07-02 11:37:51', '', 0, 0, NULL),
(204, 160, 182, '', '2025-07-02 11:37:51', '', 0, 0, NULL),
(205, 100, 182, '', '2025-07-02 11:37:51', '', 0, 0, NULL),
(206, 139, 189, '', '2025-07-02 11:37:51', 'Excellent work keep it up.', 0, 1, NULL),
(207, 133, 189, '', '2025-07-02 11:37:51', 'Not Submitted', 0, 0, NULL),
(208, 112, 189, '', '2025-07-02 11:37:51', 'Not Submitted', 0, 0, NULL),
(209, 172, 204, '', '2025-07-02 11:37:51', '', 0, 0, NULL),
(210, 141, 204, '', '2025-07-02 11:37:51', '', 0, 0, NULL),
(211, 135, 204, '', '2025-07-02 11:37:51', '', 0, 1, NULL),
(212, 158, 181, '', '2025-07-02 11:37:51', '', 0, 0, NULL),
(213, 118, 181, '', '2025-07-02 11:37:51', 'Good', 0, 1, NULL),
(214, 98, 181, '', '2025-07-02 11:37:51', 'Neat coloring 👌', 0, 1, NULL),
(215, 159, 183, '', '2025-07-02 11:37:51', '', 0, 0, NULL),
(216, 119, 183, '', '2025-07-02 11:37:51', '', 0, 0, NULL),
(217, 173, 205, '', '2025-07-02 11:37:51', '', 0, 0, NULL),
(218, 142, 205, '', '2025-07-02 11:37:51', '', 0, 0, NULL),
(219, 136, 205, '', '2025-07-02 11:37:51', '', 0, 1, NULL),
(220, 163, 202, '', '2025-07-02 11:37:51', '', 0, 0, NULL),
(221, 132, 202, '', '2025-07-02 11:37:51', 'Good try with the portrait, give more time to shading. \r\ndivide in two days.', 0, 1, NULL),
(222, 195, 465, '', '2025-07-02 11:37:51', '', 0, 0, NULL),
(225, 205, 466, '', '2025-07-02 11:37:51', '', 0, 0, NULL),
(226, 152, 466, '', '2025-07-02 11:37:51', '', 0, 1, NULL),
(227, 148, 466, '', '2025-07-02 11:37:51', '', 0, 0, NULL),
(228, 166, 198, '', '2025-07-02 11:37:51', '', 0, 0, NULL),
(229, 126, 198, '', '2025-07-02 11:37:51', 'Not submitted', 0, 0, NULL),
(230, 191, 467, '', '2025-07-02 11:37:51', '', 0, 0, NULL),
(231, 156, 187, '', '2025-07-03 11:40:56', 'Looks incomplete, shading done too fast', 0, 1, NULL),
(232, 116, 187, '', '2025-07-03 11:40:56', '', 0, 0, NULL),
(233, 114, 187, '', '2025-07-03 11:40:56', 'Did but,other charecters', 0, 1, NULL),
(234, 111, 187, '', '2025-07-03 11:40:56', 'Incomplete', 0, 1, NULL),
(235, 155, 185, '', '2025-07-03 11:40:56', 'Very neat HW, keep it up', 0, 1, NULL),
(236, 110, 185, '', '2025-07-03 11:40:56', 'Wow, great. Keep it up.', 1, 1, NULL),
(237, 157, 178, '', '2025-07-03 11:40:56', 'Homework not done', 0, 1, NULL),
(238, 117, 178, '', '2025-07-03 11:40:56', 'Homework not done', 0, 0, NULL),
(239, 97, 178, '', '2025-07-03 11:40:56', 'Homework not done', 0, 0, NULL),
(240, 160, 182, '', '2025-07-03 11:40:56', '', 0, 0, NULL),
(241, 100, 182, '', '2025-07-03 11:40:56', '', 0, 0, NULL),
(242, 158, 181, '', '2025-07-03 11:40:56', 'Excellent Homework. Keep it up.', 0, 1, NULL),
(243, 118, 181, '', '2025-07-03 11:40:56', 'Good', 0, 1, NULL),
(244, 98, 181, '', '2025-07-03 11:40:56', 'Neat coloring 👌', 0, 1, NULL),
(245, 159, 183, '', '2025-07-03 11:40:56', 'Very good , keep it up.', 0, 1, NULL),
(246, 119, 183, '', '2025-07-03 11:40:56', '', 0, 0, NULL),
(247, 168, 200, 'uploads/homework/200_168_1751628256.jpeg', '2025-07-04 11:24:16', NULL, 0, 0, NULL),
(248, 168, 200, 'uploads/homework/200_168_1751628258.jpeg', '2025-07-04 11:24:18', NULL, 0, 0, NULL),
(249, 168, 200, 'uploads/homework/200_168_1751628261.jpeg', '2025-07-04 11:24:21', NULL, 0, 0, NULL),
(250, 168, 200, 'uploads/homework/200_168_1751628264.jpeg', '2025-07-04 11:24:24', NULL, 0, 0, NULL),
(251, 174, 451, '', '2025-07-04 11:37:45', 'Very neat coloring good', 2, 1, NULL),
(252, 143, 451, '', '2025-07-04 11:37:45', '', 0, 0, NULL),
(253, 172, 204, '', '2025-07-04 11:37:45', 'Very good', 2, 1, NULL),
(254, 141, 204, '', '2025-07-04 11:37:45', '', 0, 0, NULL),
(255, 135, 204, '', '2025-07-04 11:37:45', '', 0, 1, NULL),
(256, 173, 205, '', '2025-07-04 11:37:45', '', 0, 0, NULL),
(257, 142, 205, '', '2025-07-04 11:37:45', '', 0, 0, NULL),
(258, 136, 205, '', '2025-07-04 11:37:45', '', 0, 1, NULL),
(259, 169, 201, '', '2025-07-04 12:04:30', '', 0, 0, NULL),
(260, 129, 201, '', '2025-07-04 12:04:30', '', 0, 1, NULL),
(261, 162, 197, '', '2025-07-04 12:04:30', '', 0, 0, NULL),
(262, 131, 197, '', '2025-07-04 12:04:30', 'Not done', 0, 0, NULL),
(263, 168, 200, '', '2025-07-04 12:04:30', '', 0, 1, NULL),
(264, 128, 200, '', '2025-07-04 12:04:30', '', 0, 1, NULL),
(265, 167, 199, '', '2025-07-04 12:04:30', '', 0, 0, NULL),
(266, 127, 199, '', '2025-07-04 12:04:30', 'Not done', 0, 0, NULL),
(267, 161, 194, '', '2025-07-04 12:04:30', 'Not submitted', 0, 0, NULL),
(268, 130, 194, '', '2025-07-04 12:04:30', 'Wrong he was given to her.(Not counted as not submitted', 0, 0, NULL),
(269, 165, 196, '', '2025-07-04 12:04:30', 'Done but a different one needs to do same Hw as given', 0, 0, NULL),
(270, 125, 196, '', '2025-07-04 12:04:30', '', 0, 0, NULL),
(271, 174, 451, '', '2025-07-04 12:04:30', 'Very neat coloring good', 2, 1, NULL),
(272, 143, 451, '', '2025-07-04 12:04:30', '', 0, 0, NULL),
(273, 170, 450, '', '2025-07-04 12:04:30', 'Very good', 0, 1, NULL),
(274, 144, 450, '', '2025-07-04 12:04:30', '', 0, 1, NULL),
(275, 164, 195, '', '2025-07-04 12:04:30', '', 0, 0, NULL),
(276, 124, 195, '', '2025-07-04 12:04:30', 'Not submitted', 0, 0, NULL),
(277, 172, 204, '', '2025-07-04 12:04:30', 'Very good', 2, 1, NULL),
(278, 141, 204, '', '2025-07-04 12:04:30', '', 0, 0, NULL),
(279, 135, 204, '', '2025-07-04 12:04:30', '', 0, 1, NULL),
(280, 173, 205, '', '2025-07-04 12:04:30', '', 0, 0, NULL),
(281, 142, 205, '', '2025-07-04 12:04:30', '', 0, 0, NULL),
(282, 136, 205, '', '2025-07-04 12:04:30', '', 0, 1, NULL),
(283, 163, 202, '', '2025-07-04 12:04:30', '', 0, 0, NULL),
(284, 132, 202, '', '2025-07-04 12:04:30', 'Good try with the portrait, give more time to shading. \r\ndivide in two days.', 0, 1, NULL),
(285, 166, 198, '', '2025-07-04 12:04:30', 'Not done, needs to be regular with HW.', 0, 1, NULL),
(286, 126, 198, '', '2025-07-04 12:04:30', 'Not submitted', 0, 0, NULL),
(287, 210, 189, 'uploads/homework/189_210_1751636167.jpg', '2025-07-04 13:36:07', NULL, 0, 0, NULL),
(288, 155, 185, 'uploads/homework/185_155_1751642134.jpg', '2025-07-04 15:15:34', NULL, 0, 0, NULL),
(289, 178, 471, 'uploads/homework/471_178_1751646323.jpg', '2025-07-04 16:25:23', NULL, 0, 0, NULL),
(290, 178, 471, 'uploads/homework/471_178_1751646325.jpg', '2025-07-04 16:25:25', NULL, 0, 0, NULL),
(291, 178, 471, 'uploads/homework/471_178_1751646328.jpg', '2025-07-04 16:25:28', NULL, 0, 0, NULL),
(292, 171, 473, 'uploads/homework/473_171_1751648742.jpg', '2025-07-04 17:05:42', NULL, 0, 0, NULL),
(293, 179, 476, 'uploads/homework/476_179_1751648809.jpg', '2025-07-04 17:06:49', NULL, 0, 0, NULL),
(294, 180, 472, 'uploads/homework/472_180_1751687221.jpg', '2025-07-05 03:47:01', NULL, 0, 0, NULL),
(295, 180, 472, 'uploads/homework/472_180_1751687225.jpg', '2025-07-05 03:47:05', NULL, 0, 0, NULL),
(296, 156, 187, '', '2025-07-05 06:07:02', 'Looks incomplete, shading done too fast', 0, 1, NULL),
(297, 116, 187, '', '2025-07-05 06:07:02', '', 0, 0, NULL),
(298, 114, 187, '', '2025-07-05 06:07:02', 'Did but,other charecters', 0, 1, NULL),
(299, 111, 187, '', '2025-07-05 06:07:02', 'Incomplete', 0, 1, NULL),
(300, 179, 476, '', '2025-07-05 06:07:02', '', 0, 1, NULL),
(301, 171, 473, '', '2025-07-05 06:07:02', '', 0, 1, NULL),
(302, 169, 201, '', '2025-07-05 06:07:02', '', 0, 0, NULL),
(303, 129, 201, '', '2025-07-05 06:07:02', '', 0, 1, NULL),
(304, 206, 475, '', '2025-07-05 06:07:02', '', 0, 0, NULL),
(305, 153, 475, '', '2025-07-05 06:07:02', 'Homework not because student is not aware about the app parent need to help her', 0, 0, NULL),
(306, 162, 197, '', '2025-07-05 06:07:02', '', 0, 0, NULL),
(307, 131, 197, '', '2025-07-05 06:07:02', 'Not done', 0, 0, NULL),
(308, 155, 185, '', '2025-07-05 06:07:02', '', 0, 1, NULL),
(309, 110, 185, '', '2025-07-05 06:07:02', 'Wow, great. Keep it up.', 1, 1, NULL),
(310, 168, 200, '', '2025-07-05 06:07:02', '', 0, 1, NULL),
(311, 128, 200, '', '2025-07-05 06:07:02', '', 0, 1, NULL),
(312, 192, 449, '', '2025-07-05 06:07:02', '', 0, 0, NULL),
(313, 185, 452, '', '2025-07-05 06:07:02', '', 0, 0, NULL),
(314, 202, 479, '', '2025-07-05 06:07:02', '', 0, 0, NULL),
(315, 180, 472, '', '2025-07-05 06:07:02', '', 0, 1, NULL),
(316, 140, 472, '', '2025-07-05 06:07:02', '', 0, 0, NULL),
(317, 196, 453, '', '2025-07-05 06:07:02', '', 0, 0, NULL),
(318, 193, 454, '', '2025-07-05 06:07:02', '', 0, 0, NULL),
(319, 207, 483, '', '2025-07-05 06:07:02', '', 0, 0, NULL),
(320, 198, 477, '', '2025-07-05 06:07:02', '', 0, 0, NULL),
(321, 187, 456, '', '2025-07-05 06:07:02', '', 0, 0, NULL),
(322, 200, 481, '', '2025-07-05 06:07:02', '', 0, 0, NULL),
(323, 167, 199, '', '2025-07-05 06:07:02', '', 0, 0, NULL),
(324, 127, 199, '', '2025-07-05 06:07:02', 'Not done', 0, 0, NULL),
(325, 201, 478, '', '2025-07-05 06:07:02', '', 0, 0, NULL),
(326, 161, 194, '', '2025-07-05 06:07:02', 'Not submitted', 0, 0, NULL),
(327, 130, 194, '', '2025-07-05 06:07:02', 'Wrong he was given to her.(Not counted as not submitted', 0, 0, NULL),
(328, 150, 457, '', '2025-07-05 06:07:02', '', 0, 1, NULL),
(329, 146, 457, '', '2025-07-05 06:07:02', '', 0, 0, NULL),
(330, 197, 459, '', '2025-07-05 06:07:02', '', 0, 0, NULL),
(331, 165, 196, '', '2025-07-05 06:07:02', 'Done but a different one needs to do same Hw as given', 0, 0, NULL),
(332, 125, 196, '', '2025-07-05 06:07:02', '', 0, 0, NULL),
(333, 177, 468, '', '2025-07-05 06:07:02', '', 0, 0, NULL),
(334, 175, 469, '', '2025-07-05 06:07:02', '', 0, 0, NULL),
(335, 174, 451, '', '2025-07-05 06:07:02', 'Very neat coloring good', 2, 1, NULL),
(336, 143, 451, '', '2025-07-05 06:07:02', '', 0, 0, NULL),
(337, 170, 450, '', '2025-07-05 06:07:02', 'Very good', 0, 1, NULL),
(338, 144, 450, '', '2025-07-05 06:07:02', '', 0, 1, NULL),
(340, 188, 461, '', '2025-07-05 06:07:02', '', 0, 0, NULL),
(341, 178, 471, '', '2025-07-05 06:07:02', '', 0, 1, NULL),
(342, 204, 462, '', '2025-07-05 06:07:02', '', 0, 0, NULL),
(343, 151, 462, '', '2025-07-05 06:07:02', '', 0, 0, NULL),
(344, 147, 462, 'uploads/homework/462_333_1752988462.jpg', '2025-07-05 06:07:02', '', 0, 0, NULL),
(348, 157, 178, '', '2025-07-05 06:07:02', 'Homework not done', 0, 1, NULL),
(349, 117, 178, '', '2025-07-05 06:07:02', 'Homework not done', 0, 0, NULL),
(350, 97, 178, '', '2025-07-05 06:07:02', 'Homework not done', 0, 0, NULL),
(351, 199, 480, '', '2025-07-05 06:07:02', '', 0, 0, NULL),
(352, 138, 474, '', '2025-07-05 06:07:02', '', 0, 1, NULL),
(353, 189, 463, '', '2025-07-05 06:07:02', '', 0, 0, NULL),
(354, 164, 195, '', '2025-07-05 06:07:02', '', 0, 0, NULL),
(355, 124, 195, '', '2025-07-05 06:07:02', 'Not submitted', 0, 0, NULL),
(356, 176, 470, '', '2025-07-05 06:07:02', '', 0, 0, NULL),
(357, 190, 464, '', '2025-07-05 06:07:02', '', 0, 0, NULL),
(358, 160, 182, '', '2025-07-05 06:07:02', '', 0, 0, NULL),
(359, 100, 182, '', '2025-07-05 06:07:02', '', 0, 0, NULL),
(360, 139, 189, '', '2025-07-05 06:07:02', 'Excellent work keep it up.', 0, 1, NULL),
(361, 133, 189, '', '2025-07-05 06:07:02', 'Not Submitted', 0, 0, NULL),
(362, 112, 189, '', '2025-07-05 06:07:02', 'Not Submitted', 0, 0, NULL),
(363, 172, 204, '', '2025-07-05 06:07:02', 'Very good', 2, 1, NULL),
(364, 141, 204, '', '2025-07-05 06:07:02', '', 0, 0, NULL),
(365, 135, 204, '', '2025-07-05 06:07:02', '', 0, 1, NULL),
(366, 158, 181, '', '2025-07-05 06:07:02', 'Excellent Homework. Keep it up.', 0, 1, NULL),
(367, 118, 181, '', '2025-07-05 06:07:02', 'Good', 0, 1, NULL),
(368, 98, 181, '', '2025-07-05 06:07:02', 'Neat coloring 👌', 0, 1, NULL),
(369, 159, 183, '', '2025-07-05 06:07:02', 'Very good , keep it up.', 0, 1, NULL),
(370, 119, 183, '', '2025-07-05 06:07:02', '', 0, 0, NULL),
(371, 173, 205, '', '2025-07-05 06:07:02', '', 0, 0, NULL),
(372, 142, 205, '', '2025-07-05 06:07:02', '', 0, 0, NULL),
(373, 136, 205, '', '2025-07-05 06:07:02', '', 0, 1, NULL),
(374, 163, 202, '', '2025-07-05 06:07:02', '', 0, 0, NULL),
(375, 132, 202, '', '2025-07-05 06:07:02', 'Good try with the portrait, give more time to shading. \r\ndivide in two days.', 0, 1, NULL),
(376, 195, 465, '', '2025-07-05 06:07:02', '', 0, 0, NULL),
(379, 205, 466, '', '2025-07-05 06:07:02', '', 0, 0, NULL),
(380, 152, 466, '', '2025-07-05 06:07:02', '', 0, 1, NULL),
(381, 148, 466, '', '2025-07-05 06:07:02', '', 0, 0, NULL),
(382, 166, 198, '', '2025-07-05 06:07:02', 'Not done, needs to be regular with HW.', 0, 1, NULL),
(383, 126, 198, '', '2025-07-05 06:07:02', 'Not submitted', 0, 0, NULL),
(384, 191, 467, '', '2025-07-05 06:07:02', '', 0, 0, NULL),
(385, 179, 476, '', '2025-07-05 06:07:30', '', 0, 1, NULL),
(386, 171, 473, '', '2025-07-05 06:07:30', '', 0, 1, NULL),
(387, 180, 472, '', '2025-07-05 06:07:30', '', 0, 1, NULL),
(388, 140, 472, '', '2025-07-05 06:07:30', '', 0, 0, NULL),
(389, 177, 468, '', '2025-07-05 06:07:30', 'Not done the drawing hw', 0, 0, NULL),
(390, 175, 469, '', '2025-07-05 06:07:30', '', 0, 0, NULL),
(391, 178, 471, '', '2025-07-05 06:07:30', '', 0, 1, NULL),
(392, 176, 470, '', '2025-07-05 06:07:30', '', 0, 0, NULL),
(393, 156, 187, '', '2025-07-05 07:11:18', 'Looks incomplete, shading done too fast', 0, 1, NULL),
(394, 116, 187, '', '2025-07-05 07:11:18', '', 0, 0, NULL),
(395, 114, 187, '', '2025-07-05 07:11:18', 'Did but,other charecters', 0, 1, NULL),
(396, 111, 187, '', '2025-07-05 07:11:18', 'Incomplete', 0, 1, NULL),
(397, 179, 476, '', '2025-07-05 07:11:18', '', 0, 1, NULL),
(398, 171, 473, '', '2025-07-05 07:11:18', '', 0, 1, NULL),
(399, 169, 201, '', '2025-07-05 07:11:18', '', 0, 0, NULL),
(400, 129, 201, '', '2025-07-05 07:11:18', '', 0, 1, NULL),
(401, 206, 475, '', '2025-07-05 07:11:18', '', 0, 0, NULL),
(402, 153, 475, '', '2025-07-05 07:11:18', 'Homework not because student is not aware about the app parent need to help her', 0, 0, NULL),
(403, 162, 197, '', '2025-07-05 07:11:18', '', 0, 0, NULL),
(404, 131, 197, '', '2025-07-05 07:11:18', 'Not done', 0, 0, NULL),
(405, 155, 185, '', '2025-07-05 07:11:18', '', 0, 1, NULL),
(406, 110, 185, '', '2025-07-05 07:11:18', 'Wow, great. Keep it up.', 1, 1, NULL),
(407, 168, 200, '', '2025-07-05 07:11:18', '', 0, 1, NULL),
(408, 128, 200, '', '2025-07-05 07:11:18', '', 0, 1, NULL),
(409, 192, 449, '', '2025-07-05 07:11:18', '', 0, 0, NULL),
(410, 185, 452, '', '2025-07-05 07:11:18', '', 0, 0, NULL),
(411, 202, 479, '', '2025-07-05 07:11:18', '', 0, 0, NULL),
(412, 180, 472, '', '2025-07-05 07:11:18', '', 0, 1, NULL),
(413, 140, 472, '', '2025-07-05 07:11:18', '', 0, 0, NULL),
(414, 196, 453, '', '2025-07-05 07:11:18', '', 0, 0, NULL),
(415, 193, 454, '', '2025-07-05 07:11:18', '', 0, 0, NULL),
(416, 207, 483, '', '2025-07-05 07:11:18', '', 0, 0, NULL),
(417, 198, 477, '', '2025-07-05 07:11:18', '', 0, 0, NULL),
(418, 187, 456, '', '2025-07-05 07:11:18', '', 0, 0, NULL),
(419, 200, 481, '', '2025-07-05 07:11:18', '', 0, 0, NULL),
(420, 167, 199, '', '2025-07-05 07:11:18', '', 0, 0, NULL),
(421, 127, 199, '', '2025-07-05 07:11:18', 'Not done', 0, 0, NULL),
(422, 201, 478, '', '2025-07-05 07:11:18', '', 0, 0, NULL),
(423, 161, 194, '', '2025-07-05 07:11:18', 'Not submitted', 0, 0, NULL),
(424, 130, 194, '', '2025-07-05 07:11:18', 'Wrong he was given to her.(Not counted as not submitted', 0, 0, NULL),
(425, 150, 457, '', '2025-07-05 07:11:18', '', 0, 1, NULL),
(426, 146, 457, '', '2025-07-05 07:11:18', '', 0, 0, NULL),
(427, 197, 459, '', '2025-07-05 07:11:18', '', 0, 0, NULL),
(428, 165, 196, '', '2025-07-05 07:11:18', 'Done but a different one needs to do same Hw as given', 0, 0, NULL),
(429, 125, 196, '', '2025-07-05 07:11:18', '', 0, 0, NULL),
(430, 177, 468, '', '2025-07-05 07:11:18', 'Not done the drawing hw', 0, 0, NULL),
(431, 175, 469, '', '2025-07-05 07:11:18', '', 0, 0, NULL),
(432, 174, 451, '', '2025-07-05 07:11:18', 'Very neat coloring good', 2, 1, NULL),
(433, 143, 451, '', '2025-07-05 07:11:18', '', 0, 0, NULL),
(434, 170, 450, '', '2025-07-05 07:11:18', 'Very good', 0, 1, NULL),
(435, 144, 450, '', '2025-07-05 07:11:18', '', 0, 1, NULL),
(437, 188, 461, '', '2025-07-05 07:11:18', '', 0, 0, NULL),
(438, 178, 471, '', '2025-07-05 07:11:18', '', 0, 1, NULL),
(439, 204, 462, '', '2025-07-05 07:11:18', '', 0, 0, NULL),
(440, 151, 462, '', '2025-07-05 07:11:18', '', 0, 0, NULL),
(441, 147, 462, 'uploads/homework/462_333_1752988462.jpg', '2025-07-05 07:11:18', '', 0, 0, NULL),
(445, 157, 178, '', '2025-07-05 07:11:18', 'Homework not done', 0, 1, NULL),
(446, 117, 178, '', '2025-07-05 07:11:18', 'Homework not done', 0, 0, NULL),
(447, 97, 178, '', '2025-07-05 07:11:18', 'Homework not done', 0, 0, NULL),
(448, 199, 480, '', '2025-07-05 07:11:18', '', 0, 0, NULL),
(449, 138, 474, '', '2025-07-05 07:11:18', '', 0, 1, NULL),
(450, 189, 463, '', '2025-07-05 07:11:18', '', 0, 0, NULL),
(451, 164, 195, '', '2025-07-05 07:11:18', '', 0, 0, NULL),
(452, 124, 195, '', '2025-07-05 07:11:18', 'Not submitted', 0, 0, NULL),
(453, 176, 470, '', '2025-07-05 07:11:18', '', 0, 0, NULL),
(454, 190, 464, '', '2025-07-05 07:11:18', '', 0, 0, NULL),
(455, 160, 182, '', '2025-07-05 07:11:18', '', 0, 0, NULL),
(456, 100, 182, '', '2025-07-05 07:11:18', '', 0, 0, NULL),
(457, 139, 189, '', '2025-07-05 07:11:18', 'Excellent work keep it up.', 0, 1, NULL),
(458, 133, 189, '', '2025-07-05 07:11:18', 'Not Submitted', 0, 0, NULL),
(459, 112, 189, '', '2025-07-05 07:11:18', 'Not Submitted', 0, 0, NULL),
(460, 172, 204, '', '2025-07-05 07:11:18', 'Very good', 2, 1, NULL),
(461, 141, 204, '', '2025-07-05 07:11:18', '', 0, 0, NULL),
(462, 135, 204, '', '2025-07-05 07:11:18', '', 0, 1, NULL),
(463, 158, 181, '', '2025-07-05 07:11:18', 'Excellent Homework. Keep it up.', 0, 1, NULL),
(464, 118, 181, '', '2025-07-05 07:11:18', 'Good', 0, 1, NULL),
(465, 98, 181, '', '2025-07-05 07:11:18', 'Neat coloring 👌', 0, 1, NULL),
(466, 159, 183, '', '2025-07-05 07:11:18', 'Very good , keep it up.', 0, 1, NULL),
(467, 119, 183, '', '2025-07-05 07:11:18', '', 0, 0, NULL),
(468, 173, 205, '', '2025-07-05 07:11:18', '', 0, 0, NULL),
(469, 142, 205, '', '2025-07-05 07:11:18', '', 0, 0, NULL),
(470, 136, 205, '', '2025-07-05 07:11:18', '', 0, 1, NULL),
(471, 163, 202, '', '2025-07-05 07:11:18', '', 0, 0, NULL),
(472, 132, 202, '', '2025-07-05 07:11:18', 'Good try with the portrait, give more time to shading. \r\ndivide in two days.', 0, 1, NULL),
(473, 195, 465, '', '2025-07-05 07:11:18', '', 0, 0, NULL),
(476, 205, 466, '', '2025-07-05 07:11:18', '', 0, 0, NULL),
(477, 152, 466, '', '2025-07-05 07:11:18', '', 0, 1, NULL),
(478, 148, 466, '', '2025-07-05 07:11:18', '', 0, 0, NULL),
(479, 166, 198, '', '2025-07-05 07:11:18', 'Not done, needs to be regular with HW.', 0, 1, NULL),
(480, 126, 198, '', '2025-07-05 07:11:18', 'Not submitted', 0, 0, NULL),
(481, 191, 467, '', '2025-07-05 07:11:18', '', 0, 0, NULL),
(482, 199, 480, 'uploads/homework/480_199_1751732642.jpg', '2025-07-05 16:24:02', NULL, 0, 0, NULL),
(483, 202, 479, '', '2025-07-06 04:40:04', '', 0, 0, NULL),
(484, 198, 477, '', '2025-07-06 04:40:04', '', 0, 0, NULL),
(485, 200, 481, '', '2025-07-06 04:40:04', '', 0, 0, NULL),
(486, 201, 478, '', '2025-07-06 04:40:04', '', 0, 0, NULL),
(487, 199, 480, '', '2025-07-06 04:40:04', '', 0, 1, NULL),
(488, 153, 475, 'uploads/homework/475_153_1751777123.jpg', '2025-07-06 04:45:23', NULL, 0, 0, NULL),
(489, 189, 463, 'uploads/homework/463_189_1751777402.jpg', '2025-07-06 04:50:02', NULL, 0, 0, NULL),
(490, 193, 454, 'uploads/homework/454_193_1751777888.jpeg', '2025-07-06 04:58:08', NULL, 0, 0, NULL),
(491, 185, 452, 'uploads/homework/452_185_1751779338.jpg', '2025-07-06 05:22:18', NULL, 0, 0, NULL),
(494, 244, 474, '', '2025-07-09 11:59:03', '', 0, 0, NULL),
(495, 209, 474, '', '2025-07-09 11:59:03', 'Half hw shown student have not attended that particular class offline', 0, 0, NULL),
(496, 210, 189, '', '2025-07-09 11:59:03', 'Good HW, just badminton need to be more careful in sketching. As here badminton and stick look broken.', 0, 1, NULL),
(499, 250, 183, 'uploads/homework/183_250_1752062478.jpg', '2025-07-09 12:01:18', NULL, 0, 0, NULL),
(500, 250, 183, 'uploads/homework/183_250_1752062480.jpg', '2025-07-09 12:01:20', NULL, 0, 0, NULL),
(501, 248, 178, 'uploads/homework/178_248_1752114554.jpeg', '2025-07-10 02:29:14', NULL, 0, 0, NULL),
(502, 247, 187, '', '2025-07-10 11:44:40', 'Not submitted', 0, 0, NULL),
(503, 241, 476, '', '2025-07-10 11:44:40', '', 0, 0, NULL),
(504, 242, 473, '', '2025-07-10 11:44:40', '', 0, 0, NULL),
(505, 262, 201, '', '2025-07-10 11:44:40', '', 0, 0, NULL),
(506, 232, 475, '', '2025-07-10 11:44:40', '', 0, 0, NULL),
(507, 265, 197, '', '2025-07-10 11:44:40', '', 0, 0, NULL),
(508, 246, 185, '', '2025-07-10 11:44:40', 'Drawing part could be better, looks like he is done in hurry', 0, 0, NULL),
(509, 261, 200, '', '2025-07-10 11:44:40', '', 0, 0, NULL),
(510, 222, 449, '', '2025-07-10 11:44:40', '', 0, 0, NULL),
(511, 234, 452, '', '2025-07-10 11:44:40', '', 0, 0, NULL),
(512, 269, 479, '', '2025-07-10 11:44:40', '', 0, 0, NULL),
(513, 239, 472, '', '2025-07-10 11:44:40', '', 0, 0, NULL),
(514, 227, 453, '', '2025-07-10 11:44:40', '', 0, 0, NULL),
(515, 223, 454, '', '2025-07-10 11:44:40', '', 0, 0, NULL),
(517, 233, 483, '', '2025-07-10 11:44:40', '', 0, 0, NULL),
(518, 271, 477, '', '2025-07-10 11:44:40', '', 0, 0, NULL),
(519, 216, 456, '', '2025-07-10 11:44:40', '', 0, 0, NULL),
(520, 267, 481, '', '2025-07-10 11:44:40', '', 0, 0, NULL),
(521, 260, 199, '', '2025-07-10 11:44:40', '', 0, 0, NULL),
(522, 268, 478, '', '2025-07-10 11:44:40', '', 0, 0, NULL),
(523, 264, 194, '', '2025-07-10 11:44:40', '', 0, 0, NULL),
(524, 229, 457, '', '2025-07-10 11:44:40', '', 0, 0, NULL),
(525, 228, 459, '', '2025-07-10 11:44:40', '', 0, 0, NULL),
(526, 258, 196, '', '2025-07-10 11:44:40', '', 0, 0, NULL),
(527, 237, 468, '', '2025-07-10 11:44:40', '', 0, 0, NULL),
(528, 235, 469, '', '2025-07-10 11:44:40', '', 0, 0, NULL),
(529, 226, 488, '', '2025-07-10 11:44:40', '', 0, 0, NULL),
(530, 256, 451, '', '2025-07-10 11:44:40', '', 0, 0, NULL),
(531, 253, 450, '', '2025-07-10 11:44:40', '', 0, 0, NULL),
(535, 217, 461, '', '2025-07-10 11:44:40', '', 0, 0, NULL),
(536, 238, 471, '', '2025-07-10 11:44:40', '', 0, 0, NULL),
(537, 230, 462, '', '2025-07-10 11:44:40', '', 0, 0, NULL),
(538, 263, 487, '', '2025-07-10 11:44:40', '', 0, 0, NULL),
(539, 221, 486, '', '2025-07-10 11:44:40', '', 0, 0, NULL),
(540, 248, 178, '', '2025-07-10 11:44:40', 'Keep it up..', 1, 1, NULL),
(541, 270, 480, '', '2025-07-10 11:44:40', '', 0, 0, NULL),
(542, 244, 474, '', '2025-07-10 11:44:40', '', 0, 0, NULL),
(543, 209, 474, '', '2025-07-10 11:44:40', 'Half hw shown student have not attended that particular class offline', 0, 0, NULL),
(544, 218, 463, '', '2025-07-10 11:44:40', '', 0, 0, NULL),
(545, 257, 195, '', '2025-07-10 11:44:40', '', 0, 0, NULL),
(546, 236, 470, '', '2025-07-10 11:44:40', '', 0, 0, NULL),
(547, 219, 464, '', '2025-07-10 11:44:40', '', 0, 0, NULL),
(548, 274, 182, '', '2025-07-10 11:44:40', '', 0, 0, NULL),
(549, 272, 485, '', '2025-07-10 11:44:40', '', 0, 0, NULL),
(550, 210, 189, '', '2025-07-10 11:44:40', 'Good HW, just badminton need to be more careful in sketching. As here badminton and stick look broken.', 0, 1, NULL),
(551, 254, 204, '', '2025-07-10 11:44:40', '', 0, 0, NULL),
(552, 249, 181, '', '2025-07-10 11:44:40', 'Very neatly made excellent', 1, 1, NULL),
(553, 250, 183, '', '2025-07-10 11:44:40', '', 0, 1, NULL),
(554, 255, 205, '', '2025-07-10 11:44:40', '', 0, 0, NULL),
(555, 266, 202, '', '2025-07-10 11:44:40', '', 0, 0, NULL),
(556, 225, 465, '', '2025-07-10 11:44:40', '', 0, 0, NULL),
(557, 231, 466, '', '2025-07-10 11:44:40', '', 0, 0, NULL),
(558, 259, 198, '', '2025-07-10 11:44:40', '', 0, 0, NULL),
(559, 220, 467, '', '2025-07-10 11:44:40', '', 0, 0, NULL),
(560, 266, 202, 'uploads/homework/202_266_1752158747.jpg', '2025-07-10 14:45:47', NULL, 0, 0, NULL),
(561, 256, 451, 'uploads/homework/451_256_1752164489.jpg', '2025-07-10 16:21:29', NULL, 0, 0, NULL),
(562, 256, 451, '', '2025-07-11 07:11:39', 'Did the wrong drawing hw and have not followed proper directions for the coloring.Re-do the correct hw assigned.', 0, 1, NULL),
(563, 254, 204, '', '2025-07-11 07:11:39', '', 0, 0, NULL),
(564, 255, 205, '', '2025-07-11 07:11:39', '', 0, 0, NULL),
(565, 255, 205, 'uploads/homework/205_255_1752226224.jpg', '2025-07-11 09:30:24', NULL, 0, 0, NULL),
(566, 262, 201, 'uploads/homework/201_262_1752226339.jpg', '2025-07-11 09:32:19', NULL, 0, 0, NULL),
(567, 247, 187, '', '2025-07-11 11:29:21', 'Not submitted', 0, 0, NULL),
(568, 241, 476, '', '2025-07-11 11:29:21', '', 0, 0, NULL),
(569, 262, 201, '', '2025-07-11 11:29:21', '', 0, 1, NULL),
(570, 232, 475, '', '2025-07-11 11:29:21', '', 0, 0, NULL),
(571, 246, 185, '', '2025-07-11 11:29:21', 'Drawing part could be better, looks like he is done in hurry', 0, 0, NULL),
(572, 261, 200, '', '2025-07-11 11:29:21', '', 0, 0, NULL),
(573, 233, 483, '', '2025-07-11 11:29:21', '', 0, 0, NULL),
(574, 260, 199, '', '2025-07-11 11:29:21', 'Feedback from students my mother is out of town can\'t do HW.', 0, 0, NULL),
(575, 229, 457, '', '2025-07-11 11:29:21', '', 0, 0, NULL),
(576, 258, 196, '', '2025-07-11 11:29:21', '', 0, 0, NULL),
(577, 230, 462, '', '2025-07-11 11:29:21', '', 0, 0, NULL),
(578, 263, 487, '', '2025-07-11 11:29:21', '', 0, 0, NULL),
(579, 270, 480, '', '2025-07-11 11:29:21', '', 0, 0, NULL),
(580, 257, 195, '', '2025-07-11 11:29:21', '', 0, 0, NULL),
(581, 231, 466, '', '2025-07-11 11:29:21', '', 0, 0, NULL),
(582, 259, 198, '', '2025-07-11 11:29:21', '', 0, 0, NULL),
(583, 247, 187, '', '2025-07-11 11:35:18', 'Not submitted', 0, 0, NULL),
(584, 241, 476, '', '2025-07-11 11:35:18', '', 0, 0, NULL),
(585, 262, 201, '', '2025-07-11 11:35:18', '', 0, 1, NULL),
(586, 232, 475, '', '2025-07-11 11:35:18', '', 0, 0, NULL),
(587, 246, 185, '', '2025-07-11 11:35:18', 'Drawing part could be better, looks like he is done in hurry', 0, 0, NULL),
(588, 261, 200, '', '2025-07-11 11:35:18', '', 0, 0, NULL),
(589, 233, 483, '', '2025-07-11 11:35:18', '', 0, 0, NULL),
(590, 260, 199, '', '2025-07-11 11:35:18', 'Feedback from students my mother is out of town can\'t do HW.', 0, 0, NULL),
(591, 229, 457, '', '2025-07-11 11:35:18', '', 0, 0, NULL),
(592, 258, 196, '', '2025-07-11 11:35:18', '', 0, 0, NULL),
(593, 230, 462, '', '2025-07-11 11:35:18', '', 0, 0, NULL),
(594, 263, 487, '', '2025-07-11 11:35:18', '', 0, 0, NULL),
(595, 270, 480, '', '2025-07-11 11:35:18', '', 0, 0, NULL),
(596, 257, 195, '', '2025-07-11 11:35:18', '', 0, 0, NULL),
(597, 231, 466, '', '2025-07-11 11:35:18', '', 0, 0, NULL),
(598, 259, 198, '', '2025-07-11 11:35:18', '', 0, 1, NULL),
(599, 242, 473, '', '2025-07-11 11:45:23', '', 0, 0, NULL),
(600, 265, 197, '', '2025-07-11 11:45:23', 'Can\'t do because of exams', 0, 0, NULL),
(601, 234, 452, '', '2025-07-11 11:45:23', '', 0, 0, NULL),
(602, 271, 477, '', '2025-07-11 11:45:23', '', 0, 0, NULL),
(603, 264, 194, '', '2025-07-11 11:45:23', 'Not able to find the HW', 0, 0, NULL),
(604, 272, 485, '', '2025-07-11 11:45:23', '', 0, 0, NULL),
(605, 266, 202, '', '2025-07-11 11:45:23', '', 0, 1, NULL),
(606, 247, 187, '', '2025-07-11 11:46:52', 'Not submitted', 0, 0, NULL),
(607, 241, 476, '', '2025-07-11 11:46:52', '', 0, 0, NULL),
(608, 262, 201, '', '2025-07-11 11:46:52', '', 0, 1, NULL),
(609, 232, 475, '', '2025-07-11 11:46:52', '', 0, 0, NULL),
(610, 246, 185, '', '2025-07-11 11:46:52', 'Drawing part could be better, looks like he is done in hurry', 0, 0, NULL),
(611, 261, 200, '', '2025-07-11 11:46:52', '', 0, 0, NULL),
(612, 233, 483, '', '2025-07-11 11:46:52', '', 0, 0, NULL),
(613, 260, 199, '', '2025-07-11 11:46:52', 'Feedback from students my mother is out of town can\'t do HW.', 0, 0, NULL),
(614, 229, 457, '', '2025-07-11 11:46:52', '', 0, 0, NULL),
(615, 258, 196, '', '2025-07-11 11:46:52', '', 0, 0, NULL),
(616, 230, 462, '', '2025-07-11 11:46:52', '', 0, 0, NULL),
(617, 263, 487, '', '2025-07-11 11:46:52', '', 0, 0, NULL),
(618, 270, 480, '', '2025-07-11 11:46:52', '', 0, 0, NULL),
(619, 257, 195, '', '2025-07-11 11:46:52', '', 0, 0, NULL),
(620, 231, 466, '', '2025-07-11 11:46:52', '', 0, 0, NULL),
(621, 259, 198, '', '2025-07-11 11:46:52', '', 0, 1, NULL),
(622, 242, 473, 'uploads/homework/473_242_1752254221.pdf', '2025-07-11 17:17:01', NULL, 0, 0, NULL),
(623, 239, 472, 'uploads/homework/472_239_1752287725.jpg', '2025-07-12 02:35:25', NULL, 0, 0, NULL),
(624, 227, 453, 'uploads/homework/453_227_1752297172.jpg', '2025-07-12 05:12:52', NULL, 0, 0, NULL),
(625, 237, 468, 'uploads/homework/468_237_1752297754.jpg', '2025-07-12 05:22:34', NULL, 0, 0, NULL),
(626, 223, 454, 'uploads/homework/454_223_1752337204.jpeg', '2025-07-12 16:20:04', NULL, 0, 0, NULL),
(627, 270, 480, 'uploads/homework/480_270_1752337838.jpg', '2025-07-12 16:30:38', NULL, 0, 0, NULL),
(628, 270, 480, 'uploads/homework/480_270_1752337843.jpg', '2025-07-12 16:30:43', NULL, 0, 0, NULL),
(629, 270, 480, 'uploads/homework/480_270_1752337855.jpg', '2025-07-12 16:30:55', NULL, 0, 0, NULL),
(630, 270, 480, 'uploads/homework/480_270_1752337858.jpg', '2025-07-12 16:30:58', NULL, 0, 0, NULL),
(631, 247, 187, '', '2025-07-13 03:40:12', 'Not submitted', 0, 0, NULL),
(632, 241, 476, '', '2025-07-13 03:40:12', '', 0, 0, NULL),
(633, 242, 473, '', '2025-07-13 03:40:12', '', 0, 1, NULL),
(634, 262, 201, '', '2025-07-13 03:40:12', '', 0, 1, NULL),
(635, 232, 475, '', '2025-07-13 03:40:12', '', 0, 0, NULL),
(636, 265, 197, '', '2025-07-13 03:40:12', 'Can\'t do because of exams', 0, 0, NULL),
(637, 246, 185, '', '2025-07-13 03:40:12', 'Drawing part could be better, looks like he is done in hurry', 0, 0, NULL),
(638, 261, 200, '', '2025-07-13 03:40:12', '', 0, 0, NULL),
(639, 222, 449, '', '2025-07-13 03:40:12', '', 0, 0, NULL),
(640, 234, 452, '', '2025-07-13 03:40:12', '', 0, 0, NULL),
(641, 269, 479, '', '2025-07-13 03:40:12', '', 0, 0, NULL),
(642, 280, 472, '', '2025-07-13 03:40:12', '', 0, 0, NULL),
(643, 239, 472, '', '2025-07-13 03:40:12', '', 0, 1, NULL),
(644, 227, 453, '', '2025-07-13 03:40:12', '', 0, 1, NULL),
(645, 223, 454, '', '2025-07-13 03:40:12', '', 0, 1, NULL),
(648, 233, 483, '', '2025-07-13 03:40:12', '', 0, 0, NULL),
(649, 271, 477, '', '2025-07-13 03:40:12', '', 0, 0, NULL),
(650, 216, 456, '', '2025-07-13 03:40:12', '', 0, 0, NULL),
(651, 267, 481, '', '2025-07-13 03:40:12', '', 0, 0, NULL),
(652, 260, 199, '', '2025-07-13 03:40:12', 'Feedback from students my mother is out of town can\'t do HW.', 0, 0, NULL),
(653, 268, 478, '', '2025-07-13 03:40:12', '', 0, 0, NULL),
(654, 264, 194, '', '2025-07-13 03:40:12', 'Not able to find the HW', 0, 0, NULL),
(655, 229, 457, '', '2025-07-13 03:40:12', '', 0, 0, NULL),
(656, 228, 459, '', '2025-07-13 03:40:12', '', 0, 0, NULL),
(657, 258, 196, '', '2025-07-13 03:40:12', '', 0, 0, NULL),
(658, 237, 468, '', '2025-07-13 03:40:12', 'Good work after a while we found his HW , but make sure he does the same HW as CW', 0, 1, NULL),
(659, 235, 469, '', '2025-07-13 03:40:12', '', 0, 0, NULL),
(660, 226, 488, '', '2025-07-13 03:40:12', '', 0, 0, NULL),
(661, 279, 451, '', '2025-07-13 03:40:12', '', 0, 0, NULL),
(662, 256, 451, '', '2025-07-13 03:40:12', 'Did the wrong drawing hw and have not followed proper directions for the coloring.Re-do the correct hw assigned.', 0, 1, NULL),
(663, 253, 450, '', '2025-07-13 03:40:12', '', 0, 0, NULL),
(667, 217, 461, '', '2025-07-13 03:40:12', '', 0, 0, NULL),
(668, 238, 471, '', '2025-07-13 03:40:12', '', 0, 0, NULL),
(669, 230, 462, '', '2025-07-13 03:40:12', '', 0, 0, NULL),
(670, 263, 487, '', '2025-07-13 03:40:12', '', 0, 0, NULL),
(671, 221, 486, '', '2025-07-13 03:40:12', '', 0, 0, NULL),
(672, 248, 178, '', '2025-07-13 03:40:12', 'Keep it up..', 1, 1, NULL),
(673, 270, 480, '', '2025-07-13 03:40:12', '', 0, 1, NULL),
(674, 275, 474, '', '2025-07-13 03:40:12', '', 0, 0, NULL),
(675, 244, 474, '', '2025-07-13 03:40:12', '', 0, 0, NULL),
(676, 209, 474, '', '2025-07-13 03:40:12', 'Half hw shown student have not attended that particular class offline', 0, 0, NULL),
(677, 218, 463, '', '2025-07-13 03:40:12', '', 0, 0, NULL),
(678, 257, 195, '', '2025-07-13 03:40:12', '', 0, 0, NULL),
(679, 236, 470, '', '2025-07-13 03:40:12', '', 0, 0, NULL),
(680, 219, 464, '', '2025-07-13 03:40:12', '', 0, 0, NULL),
(681, 274, 182, '', '2025-07-13 03:40:12', '', 0, 0, NULL),
(682, 272, 485, '', '2025-07-13 03:40:12', '', 0, 0, NULL),
(683, 276, 189, '', '2025-07-13 03:40:12', '', 0, 0, NULL),
(684, 210, 189, '', '2025-07-13 03:40:12', 'Good HW, just badminton need to be more careful in sketching. As here badminton and stick look broken.', 0, 1, NULL),
(685, 277, 204, '', '2025-07-13 03:40:12', '', 0, 0, NULL),
(686, 254, 204, '', '2025-07-13 03:40:12', '', 0, 0, NULL),
(687, 249, 181, '', '2025-07-13 03:40:12', 'Very neatly made excellent', 1, 1, NULL),
(688, 250, 183, '', '2025-07-13 03:40:12', '', 0, 1, NULL),
(689, 278, 205, '', '2025-07-13 03:40:12', '', 0, 0, NULL),
(690, 255, 205, '', '2025-07-13 03:40:12', '', 0, 1, NULL),
(691, 266, 202, '', '2025-07-13 03:40:12', '', 0, 1, NULL),
(692, 225, 465, '', '2025-07-13 03:40:12', '', 0, 0, NULL),
(693, 231, 466, '', '2025-07-13 03:40:12', '', 0, 0, NULL),
(694, 259, 198, '', '2025-07-13 03:40:12', '', 0, 1, NULL),
(695, 220, 467, '', '2025-07-13 03:40:12', '', 0, 0, NULL),
(696, 232, 475, 'uploads/homework/475_232_1752380961.jpg', '2025-07-13 04:29:21', NULL, 0, 0, NULL),
(697, 216, 456, 'uploads/homework/456_216_1752381474.jpg', '2025-07-13 04:37:54', NULL, 0, 0, NULL),
(698, 269, 479, '', '2025-07-13 04:59:12', 'Not done', 0, 0, NULL),
(699, 271, 477, '', '2025-07-13 04:59:12', 'Not submitted', 0, 1, NULL),
(700, 267, 481, '', '2025-07-13 04:59:12', 'Not submitted', 0, 0, NULL),
(701, 268, 478, '', '2025-07-13 04:59:12', '', 0, 0, NULL),
(702, 270, 480, '', '2025-07-13 04:59:12', '', 0, 1, NULL),
(703, 221, 486, 'uploads/homework/486_221_1752384779.jpg', '2025-07-13 05:32:59', NULL, 0, 0, NULL),
(711, 241, 476, 'uploads/homework/476_241_1752517497.jpg', '2025-07-14 18:24:57', NULL, 0, 0, NULL),
(712, 275, 474, '', '2025-07-16 12:00:45', 'Incomplete Hw', 0, 0, NULL),
(713, 244, 474, '', '2025-07-16 12:00:45', '', 0, 0, NULL),
(714, 209, 474, '', '2025-07-16 12:00:45', 'Half hw shown student have not attended that particular class offline', 0, 0, NULL),
(715, 276, 189, '', '2025-07-16 12:00:45', 'Incomplete HW.', 0, 0, NULL),
(716, 210, 189, '', '2025-07-16 12:00:45', 'Good HW, just badminton need to be more careful in sketching. As here badminton and stick look broken.', 0, 1, NULL),
(717, 285, 181, 'uploads/homework/181_285_1752722537.jpg', '2025-07-17 03:22:17', NULL, 0, 0, NULL),
(718, 286, 183, 'uploads/homework/183_286_1752739428.jpg', '2025-07-17 08:03:48', NULL, 0, 0, NULL),
(719, 283, 187, '', '2025-07-17 12:09:09', 'Not done.', 0, 0, NULL),
(721, 247, 187, '', '2025-07-17 12:09:09', 'Not submitted', 0, 0, NULL),
(722, 241, 476, '', '2025-07-17 12:09:09', '', 0, 1, NULL),
(723, 242, 473, '', '2025-07-17 12:09:09', '', 0, 1, NULL),
(724, 309, 201, '', '2025-07-17 12:09:09', '', 0, 0, NULL),
(725, 262, 201, '', '2025-07-17 12:09:09', '', 0, 1, NULL),
(726, 232, 475, '', '2025-07-17 12:09:09', '', 0, 1, NULL),
(727, 302, 197, '', '2025-07-17 12:09:09', '', 0, 0, NULL),
(728, 265, 197, '', '2025-07-17 12:09:09', 'Can\'t do because of exams', 0, 0, NULL),
(729, 282, 185, '', '2025-07-17 12:09:09', '', 0, 0, NULL),
(730, 246, 185, '', '2025-07-17 12:09:09', 'Drawing part could be better, looks like he is done in hurry', 0, 0, NULL),
(731, 308, 200, '', '2025-07-17 12:09:09', '', 0, 0, NULL),
(732, 261, 200, '', '2025-07-17 12:09:09', '', 0, 0, NULL),
(733, 222, 449, '', '2025-07-17 12:09:09', '', 0, 0, NULL),
(734, 234, 452, '', '2025-07-17 12:09:09', '', 0, 0, NULL),
(735, 297, 479, '', '2025-07-17 12:09:09', '', 0, 0, NULL),
(736, 269, 479, '', '2025-07-17 12:09:09', 'Not done', 0, 0, NULL),
(737, 280, 472, '', '2025-07-17 12:09:09', '', 0, 0, NULL),
(738, 239, 472, '', '2025-07-17 12:09:09', '', 0, 1, NULL),
(739, 227, 453, '', '2025-07-17 12:09:09', '', 0, 1, NULL),
(740, 223, 454, '', '2025-07-17 12:09:09', '', 0, 1, NULL),
(741, 233, 483, '', '2025-07-17 12:09:09', '', 0, 0, NULL),
(742, 299, 477, '', '2025-07-17 12:09:09', '', 0, 0, NULL),
(743, 271, 477, '', '2025-07-17 12:09:09', 'Not submitted', 0, 1, NULL),
(744, 216, 456, '', '2025-07-17 12:09:09', '', 0, 1, NULL),
(745, 295, 481, '', '2025-07-17 12:09:09', '', 0, 0, NULL),
(746, 267, 481, '', '2025-07-17 12:09:09', 'Not submitted', 0, 0, NULL),
(747, 307, 199, '', '2025-07-17 12:09:09', '', 0, 0, NULL),
(748, 260, 199, '', '2025-07-17 12:09:09', 'Feedback from students my mother is out of town can\'t do HW.', 0, 0, NULL),
(749, 296, 478, '', '2025-07-17 12:09:09', '', 0, 0, NULL),
(750, 268, 478, '', '2025-07-17 12:09:09', '', 0, 0, NULL),
(751, 301, 194, '', '2025-07-17 12:09:09', '', 0, 0, NULL),
(752, 264, 194, '', '2025-07-17 12:09:09', 'Not able to find the HW', 0, 0, NULL),
(753, 229, 457, '', '2025-07-17 12:09:09', '', 0, 0, NULL),
(754, 228, 459, '', '2025-07-17 12:09:09', '', 0, 0, NULL),
(755, 305, 196, '', '2025-07-17 12:09:09', '', 0, 0, NULL),
(756, 258, 196, '', '2025-07-17 12:09:09', '', 0, 0, NULL),
(757, 237, 468, '', '2025-07-17 12:09:09', 'Good work after a while we found his HW , but make sure he does the same HW as CW', 0, 1, NULL),
(758, 235, 469, '', '2025-07-17 12:09:09', '', 0, 0, NULL),
(759, 226, 488, '', '2025-07-17 12:09:09', '', 0, 0, NULL),
(760, 313, 451, '', '2025-07-17 12:09:09', '', 0, 0, NULL),
(761, 279, 451, '', '2025-07-17 12:09:09', '', 0, 0, NULL),
(762, 256, 451, '', '2025-07-17 12:09:09', 'Did the wrong drawing hw and have not followed proper directions for the coloring.Re-do the correct hw assigned.', 0, 1, NULL),
(763, 314, 450, '', '2025-07-17 12:09:09', '', 0, 0, NULL),
(764, 253, 450, '', '2025-07-17 12:09:09', '', 0, 0, NULL),
(769, 217, 461, '', '2025-07-17 12:09:09', '', 0, 0, NULL),
(770, 300, 491, '', '2025-07-17 12:09:09', '', 0, 0, NULL),
(771, 238, 471, '', '2025-07-17 12:09:09', '', 0, 0, NULL),
(772, 230, 462, '', '2025-07-17 12:09:09', '', 0, 0, NULL),
(773, 291, 493, '', '2025-07-17 12:09:09', '', 0, 0, NULL),
(774, 294, 494, '', '2025-07-17 12:09:09', '', 0, 0, NULL),
(775, 310, 487, '', '2025-07-17 12:09:09', '', 0, 0, NULL),
(776, 263, 487, '', '2025-07-17 12:09:09', '', 0, 0, NULL),
(777, 221, 486, '', '2025-07-17 12:09:09', '', 0, 1, NULL),
(778, 284, 178, '', '2025-07-17 12:09:09', '', 0, 0, NULL),
(779, 248, 178, '', '2025-07-17 12:09:09', 'Keep it up..', 1, 1, NULL),
(780, 298, 480, '', '2025-07-17 12:09:09', '', 0, 0, NULL),
(781, 270, 480, '', '2025-07-17 12:09:09', '', 0, 1, NULL),
(782, 275, 474, '', '2025-07-17 12:09:09', 'Incomplete Hw', 0, 0, NULL),
(783, 244, 474, '', '2025-07-17 12:09:09', '', 0, 0, NULL),
(784, 209, 474, '', '2025-07-17 12:09:09', 'Half hw shown student have not attended that particular class offline', 0, 0, NULL),
(785, 218, 463, '', '2025-07-17 12:09:09', '', 0, 0, NULL),
(786, 304, 195, '', '2025-07-17 12:09:09', '', 0, 0, NULL),
(787, 257, 195, '', '2025-07-17 12:09:09', '', 0, 0, NULL),
(788, 236, 470, '', '2025-07-17 12:09:09', '', 0, 0, NULL),
(789, 219, 464, '', '2025-07-17 12:09:09', '', 0, 0, NULL),
(790, 288, 182, '', '2025-07-17 12:09:09', '', 0, 0, NULL),
(791, 274, 182, '', '2025-07-17 12:09:09', '', 0, 0, NULL),
(792, 293, 485, '', '2025-07-17 12:09:09', '', 0, 0, NULL),
(793, 272, 485, '', '2025-07-17 12:09:09', '', 0, 0, NULL),
(794, 276, 189, '', '2025-07-17 12:09:09', 'Incomplete HW.', 0, 0, NULL),
(795, 210, 189, '', '2025-07-17 12:09:09', 'Good HW, just badminton need to be more careful in sketching. As here badminton and stick look broken.', 0, 1, NULL),
(796, 311, 204, '', '2025-07-17 12:09:09', '', 0, 0, NULL),
(797, 277, 204, '', '2025-07-17 12:09:09', '', 0, 0, NULL),
(798, 254, 204, '', '2025-07-17 12:09:09', '', 0, 0, NULL),
(799, 292, 495, '', '2025-07-17 12:09:09', '', 0, 0, NULL),
(800, 285, 181, '', '2025-07-17 12:09:09', '', 0, 1, NULL),
(801, 249, 181, '', '2025-07-17 12:09:09', 'Very neatly made excellent', 1, 1, NULL),
(802, 286, 183, '', '2025-07-17 12:09:09', '', 0, 1, NULL),
(803, 250, 183, '', '2025-07-17 12:09:09', '', 0, 1, NULL),
(804, 312, 205, '', '2025-07-17 12:09:09', '', 0, 0, NULL),
(805, 278, 205, '', '2025-07-17 12:09:09', '', 0, 0, NULL),
(806, 255, 205, '', '2025-07-17 12:09:09', '', 0, 1, NULL),
(807, 303, 202, '', '2025-07-17 12:09:09', '', 0, 0, NULL),
(808, 266, 202, '', '2025-07-17 12:09:09', '', 0, 1, NULL),
(809, 225, 465, '', '2025-07-17 12:09:09', '', 0, 0, NULL),
(810, 231, 466, '', '2025-07-17 12:09:09', '', 0, 0, NULL),
(811, 306, 198, '', '2025-07-17 12:09:09', '', 0, 0, NULL),
(812, 259, 198, '', '2025-07-17 12:09:09', '', 0, 1, NULL),
(813, 220, 467, '', '2025-07-17 12:09:09', '', 0, 0, NULL),
(814, 283, 187, '', '2025-07-17 12:11:00', 'Not done.', 0, 0, NULL),
(816, 247, 187, '', '2025-07-17 12:11:00', 'Not submitted', 0, 0, NULL),
(817, 156, 187, '', '2025-07-17 12:11:00', 'Looks incomplete, shading done too fast', 0, 1, NULL),
(818, 116, 187, '', '2025-07-17 12:11:00', '', 0, 0, NULL);
INSERT INTO `homework_submissions` (`id`, `assignment_id`, `student_id`, `file_path`, `submitted_at`, `feedback`, `star_given`, `shown_in_class`, `proxy_file_path`) VALUES
(819, 114, 187, '', '2025-07-17 12:11:00', 'Did but,other charecters', 0, 1, NULL),
(820, 111, 187, '', '2025-07-17 12:11:00', 'Incomplete', 0, 1, NULL),
(821, 282, 185, '', '2025-07-17 12:11:00', '', 0, 0, NULL),
(822, 246, 185, '', '2025-07-17 12:11:00', 'Drawing part could be better, looks like he is done in hurry', 0, 0, NULL),
(823, 155, 185, '', '2025-07-17 12:11:00', '', 0, 1, NULL),
(824, 110, 185, '', '2025-07-17 12:11:00', 'Wow, great. Keep it up.', 1, 1, NULL),
(825, 284, 178, '', '2025-07-17 12:11:00', 'Excellent regular HW streak .', 0, 1, NULL),
(826, 248, 178, '', '2025-07-17 12:11:00', 'Keep it up..', 1, 1, NULL),
(827, 157, 178, '', '2025-07-17 12:11:00', 'Homework not done', 0, 1, NULL),
(828, 117, 178, '', '2025-07-17 12:11:00', 'Homework not done', 0, 0, NULL),
(829, 97, 178, '', '2025-07-17 12:11:00', 'Homework not done', 0, 0, NULL),
(830, 288, 182, '', '2025-07-17 12:11:00', '', 0, 0, NULL),
(831, 274, 182, '', '2025-07-17 12:11:00', '', 0, 0, NULL),
(832, 160, 182, '', '2025-07-17 12:11:00', '', 0, 0, NULL),
(833, 100, 182, '', '2025-07-17 12:11:00', '', 0, 0, NULL),
(834, 285, 181, '', '2025-07-17 12:11:00', 'Very good \r\n Keep it.up.', 0, 1, NULL),
(835, 249, 181, '', '2025-07-17 12:11:00', 'Very neatly made excellent', 1, 1, NULL),
(836, 158, 181, '', '2025-07-17 12:11:00', 'Excellent Homework. Keep it up.', 0, 1, NULL),
(837, 118, 181, '', '2025-07-17 12:11:00', 'Good', 0, 1, NULL),
(838, 98, 181, '', '2025-07-17 12:11:00', 'Neat coloring 👌', 0, 1, NULL),
(839, 286, 183, '', '2025-07-17 12:11:00', 'Keep it up', 0, 1, NULL),
(840, 250, 183, '', '2025-07-17 12:11:00', '', 0, 1, NULL),
(841, 159, 183, '', '2025-07-17 12:11:00', 'Very good , keep it up.', 0, 1, NULL),
(842, 119, 183, '', '2025-07-17 12:11:00', '', 0, 0, NULL),
(843, 284, 178, 'uploads/homework/178_284_1752763071.jpeg', '2025-07-17 14:37:51', NULL, 0, 0, NULL),
(844, 307, 199, 'uploads/homework/199_307_1752766320.jpeg', '2025-07-17 15:32:00', NULL, 0, 0, NULL),
(845, 309, 201, 'uploads/homework/201_309_1752768784.jpg', '2025-07-17 16:13:04', NULL, 0, 0, NULL),
(846, 283, 187, '', '2025-07-18 05:59:30', 'Not done.', 0, 0, NULL),
(848, 247, 187, '', '2025-07-18 05:59:30', 'Not submitted', 0, 0, NULL),
(849, 241, 476, '', '2025-07-18 05:59:30', '', 0, 1, NULL),
(850, 242, 473, '', '2025-07-18 05:59:30', '', 0, 1, NULL),
(851, 309, 201, '', '2025-07-18 05:59:30', '', 0, 1, NULL),
(852, 262, 201, '', '2025-07-18 05:59:30', '', 0, 1, NULL),
(853, 232, 475, '', '2025-07-18 05:59:30', '', 0, 1, NULL),
(854, 302, 197, '', '2025-07-18 05:59:30', '', 0, 0, NULL),
(855, 265, 197, '', '2025-07-18 05:59:30', 'Can\'t do because of exams', 0, 0, NULL),
(856, 282, 185, '', '2025-07-18 05:59:30', '', 0, 0, NULL),
(857, 246, 185, '', '2025-07-18 05:59:30', 'Drawing part could be better, looks like he is done in hurry', 0, 0, NULL),
(858, 308, 200, '', '2025-07-18 05:59:30', '', 0, 0, NULL),
(859, 261, 200, '', '2025-07-18 05:59:30', '', 0, 0, NULL),
(860, 222, 449, '', '2025-07-18 05:59:30', '', 0, 0, NULL),
(861, 234, 452, '', '2025-07-18 05:59:30', '', 0, 0, NULL),
(862, 297, 479, '', '2025-07-18 05:59:30', '', 0, 0, NULL),
(863, 269, 479, '', '2025-07-18 05:59:30', 'Not done', 0, 0, NULL),
(864, 280, 472, '', '2025-07-18 05:59:30', '', 0, 0, NULL),
(865, 239, 472, '', '2025-07-18 05:59:30', '', 0, 1, NULL),
(866, 227, 453, '', '2025-07-18 05:59:30', '', 0, 1, NULL),
(867, 223, 454, '', '2025-07-18 05:59:30', '', 0, 1, NULL),
(868, 233, 483, '', '2025-07-18 05:59:30', '', 0, 0, NULL),
(869, 299, 477, '', '2025-07-18 05:59:30', '', 0, 0, NULL),
(870, 271, 477, '', '2025-07-18 05:59:30', 'Not submitted', 0, 1, NULL),
(871, 216, 456, '', '2025-07-18 05:59:30', '', 0, 1, NULL),
(872, 295, 481, '', '2025-07-18 05:59:30', '', 0, 0, NULL),
(873, 267, 481, '', '2025-07-18 05:59:30', 'Not submitted', 0, 0, NULL),
(874, 307, 199, '', '2025-07-18 05:59:30', '', 0, 1, NULL),
(875, 260, 199, '', '2025-07-18 05:59:30', 'Feedback from students my mother is out of town can\'t do HW.', 0, 0, NULL),
(876, 296, 478, '', '2025-07-18 05:59:30', '', 0, 0, NULL),
(877, 268, 478, '', '2025-07-18 05:59:30', '', 0, 0, NULL),
(878, 301, 194, '', '2025-07-18 05:59:30', '', 0, 0, NULL),
(879, 264, 194, '', '2025-07-18 05:59:30', 'Not able to find the HW', 0, 0, NULL),
(880, 229, 457, '', '2025-07-18 05:59:30', '', 0, 0, NULL),
(881, 228, 459, '', '2025-07-18 05:59:30', '', 0, 0, NULL),
(882, 305, 196, '', '2025-07-18 05:59:30', '', 0, 0, NULL),
(883, 258, 196, '', '2025-07-18 05:59:30', '', 0, 0, NULL),
(884, 237, 468, '', '2025-07-18 05:59:30', 'Good work after a while we found his HW , but make sure he does the same HW as CW', 0, 1, NULL),
(885, 235, 469, '', '2025-07-18 05:59:30', '', 0, 0, NULL),
(886, 226, 488, '', '2025-07-18 05:59:30', '', 0, 0, NULL),
(887, 313, 451, '', '2025-07-18 05:59:30', '', 0, 0, NULL),
(888, 279, 451, '', '2025-07-18 05:59:30', '', 0, 0, NULL),
(889, 256, 451, '', '2025-07-18 05:59:30', 'Did the wrong drawing hw and have not followed proper directions for the coloring.Re-do the correct hw assigned.', 0, 1, NULL),
(890, 314, 450, '', '2025-07-18 05:59:30', '', 0, 0, NULL),
(891, 253, 450, '', '2025-07-18 05:59:30', '', 0, 0, NULL),
(893, 217, 461, '', '2025-07-18 05:59:30', '', 0, 0, NULL),
(894, 300, 491, '', '2025-07-18 05:59:30', '', 0, 0, NULL),
(895, 238, 471, '', '2025-07-18 05:59:30', '', 0, 0, NULL),
(896, 230, 462, '', '2025-07-18 05:59:30', '', 0, 0, NULL),
(897, 291, 493, '', '2025-07-18 05:59:30', '', 0, 0, NULL),
(898, 294, 494, '', '2025-07-18 05:59:30', '', 0, 0, NULL),
(899, 310, 487, '', '2025-07-18 05:59:30', '', 0, 0, NULL),
(900, 263, 487, '', '2025-07-18 05:59:30', '', 0, 0, NULL),
(901, 221, 486, '', '2025-07-18 05:59:30', '', 0, 1, NULL),
(902, 284, 178, '', '2025-07-18 05:59:30', 'Good keep it up', 0, 1, NULL),
(903, 248, 178, '', '2025-07-18 05:59:30', 'Keep it up..', 1, 1, NULL),
(904, 298, 480, '', '2025-07-18 05:59:30', '', 0, 0, NULL),
(905, 270, 480, '', '2025-07-18 05:59:30', '', 0, 1, NULL),
(906, 275, 474, '', '2025-07-18 05:59:30', 'Incomplete Hw', 0, 0, NULL),
(907, 244, 474, '', '2025-07-18 05:59:30', '', 0, 0, NULL),
(908, 209, 474, '', '2025-07-18 05:59:30', 'Half hw shown student have not attended that particular class offline', 0, 0, NULL),
(909, 218, 463, '', '2025-07-18 05:59:30', '', 0, 0, NULL),
(910, 304, 195, '', '2025-07-18 05:59:30', '', 0, 0, NULL),
(911, 257, 195, '', '2025-07-18 05:59:30', '', 0, 0, NULL),
(912, 236, 470, '', '2025-07-18 05:59:30', '', 0, 0, NULL),
(913, 219, 464, '', '2025-07-18 05:59:30', '', 0, 0, NULL),
(914, 288, 182, '', '2025-07-18 05:59:30', '', 0, 0, NULL),
(915, 274, 182, '', '2025-07-18 05:59:30', '', 0, 0, NULL),
(916, 293, 485, '', '2025-07-18 05:59:30', '', 0, 0, NULL),
(917, 272, 485, '', '2025-07-18 05:59:30', '', 0, 0, NULL),
(918, 276, 189, '', '2025-07-18 05:59:30', 'Incomplete HW.', 0, 0, NULL),
(919, 210, 189, '', '2025-07-18 05:59:30', 'Good HW, just badminton need to be more careful in sketching. As here badminton and stick look broken.', 0, 1, NULL),
(920, 311, 204, '', '2025-07-18 05:59:30', '', 0, 0, NULL),
(921, 277, 204, '', '2025-07-18 05:59:30', '', 0, 0, NULL),
(922, 254, 204, '', '2025-07-18 05:59:30', '', 0, 0, NULL),
(923, 292, 495, '', '2025-07-18 05:59:30', '', 0, 0, NULL),
(924, 285, 181, '', '2025-07-18 05:59:30', 'Very good \r\n Keep it.up.', 0, 1, NULL),
(925, 249, 181, '', '2025-07-18 05:59:30', 'Very neatly made excellent', 1, 1, NULL),
(926, 286, 183, '', '2025-07-18 05:59:30', 'Keep it up', 0, 1, NULL),
(927, 250, 183, '', '2025-07-18 05:59:30', '', 0, 1, NULL),
(928, 312, 205, '', '2025-07-18 05:59:30', '', 0, 0, NULL),
(929, 278, 205, '', '2025-07-18 05:59:30', '', 0, 0, NULL),
(930, 255, 205, '', '2025-07-18 05:59:30', '', 0, 1, NULL),
(931, 303, 202, '', '2025-07-18 05:59:30', '', 0, 0, NULL),
(932, 266, 202, '', '2025-07-18 05:59:30', '', 0, 1, NULL),
(933, 225, 465, '', '2025-07-18 05:59:30', '', 0, 0, NULL),
(934, 231, 466, '', '2025-07-18 05:59:30', '', 0, 0, NULL),
(935, 306, 198, '', '2025-07-18 05:59:30', '', 0, 0, NULL),
(936, 259, 198, '', '2025-07-18 05:59:30', '', 0, 1, NULL),
(937, 220, 467, '', '2025-07-18 05:59:30', '', 0, 0, NULL),
(938, 312, 205, 'uploads/homework/205_312_1752837614.jpg', '2025-07-18 11:20:14', NULL, 0, 0, NULL),
(939, 309, 201, '', '2025-07-18 11:55:02', '', 0, 1, NULL),
(940, 262, 201, '', '2025-07-18 11:55:02', '', 0, 1, NULL),
(941, 308, 200, '', '2025-07-18 11:55:02', 'Shading need to be improved', 0, 1, NULL),
(942, 261, 200, '', '2025-07-18 11:55:02', '', 0, 0, NULL),
(943, 307, 199, '', '2025-07-18 11:55:02', 'Need to do shading more patience', 0, 1, NULL),
(944, 260, 199, '', '2025-07-18 11:55:02', 'Feedback from students my mother is out of town can\'t do HW.', 0, 0, NULL),
(945, 305, 196, '', '2025-07-18 11:55:02', 'Homework  done,but incomplete shading', 0, 0, NULL),
(946, 258, 196, '', '2025-07-18 11:55:02', '', 0, 0, NULL),
(947, 310, 487, '', '2025-07-18 11:55:02', '', 0, 0, NULL),
(948, 263, 487, '', '2025-07-18 11:55:02', '', 0, 0, NULL),
(949, 304, 195, '', '2025-07-18 11:55:02', '', 0, 0, NULL),
(950, 257, 195, '', '2025-07-18 11:55:02', '', 0, 0, NULL),
(951, 306, 198, '', '2025-07-18 11:55:02', 'The student didnt got the homework in portal', 0, 0, NULL),
(952, 259, 198, '', '2025-07-18 11:55:02', '', 0, 1, NULL),
(953, 314, 450, 'uploads/homework/450_314_1752904496.jpg', '2025-07-19 05:54:56', NULL, 0, 0, NULL),
(954, 241, 476, '', '2025-07-19 07:17:35', '', 0, 1, NULL),
(955, 242, 473, '', '2025-07-19 07:17:35', '', 0, 1, NULL),
(956, 280, 472, '', '2025-07-19 07:17:35', 'Good hw , drawing need to be more bigger.', 0, 1, NULL),
(957, 239, 472, '', '2025-07-19 07:17:35', '', 0, 1, NULL),
(958, 237, 468, '', '2025-07-19 07:17:35', 'Good work after a while we found his HW , but make sure he does the same HW as CW', 0, 1, NULL),
(959, 235, 469, '', '2025-07-19 07:17:35', '', 0, 0, NULL),
(960, 238, 471, '', '2025-07-19 07:17:35', '', 0, 0, NULL),
(961, 236, 470, '', '2025-07-19 07:17:35', 'Homework not done.', 0, 0, NULL),
(962, 309, 201, '', '2025-07-19 07:18:56', '', 0, 1, NULL),
(963, 262, 201, '', '2025-07-19 07:18:56', '', 0, 1, NULL),
(964, 302, 197, '', '2025-07-19 07:18:56', '', 0, 0, NULL),
(965, 265, 197, '', '2025-07-19 07:18:56', 'Can\'t do because of exams', 0, 0, NULL),
(966, 308, 200, '', '2025-07-19 07:18:56', 'Shading need to be improved', 0, 1, NULL),
(967, 261, 200, '', '2025-07-19 07:18:56', '', 0, 0, NULL),
(968, 307, 199, '', '2025-07-19 07:18:56', 'Need to do shading more patience', 0, 1, NULL),
(969, 260, 199, '', '2025-07-19 07:18:56', 'Feedback from students my mother is out of town can\'t do HW.', 0, 0, NULL),
(970, 301, 194, '', '2025-07-19 07:18:56', '', 0, 0, NULL),
(971, 264, 194, '', '2025-07-19 07:18:56', 'Not able to find the HW', 0, 0, NULL),
(972, 305, 196, '', '2025-07-19 07:18:56', 'Homework  done,but incomplete shading', 0, 0, NULL),
(973, 258, 196, '', '2025-07-19 07:18:56', '', 0, 0, NULL),
(974, 313, 451, '', '2025-07-19 07:18:56', 'Very good hw, keep it up.', 0, 1, NULL),
(975, 279, 451, '', '2025-07-19 07:18:56', '', 0, 0, NULL),
(976, 256, 451, '', '2025-07-19 07:18:56', 'Did the wrong drawing hw and have not followed proper directions for the coloring.Re-do the correct hw assigned.', 0, 1, NULL),
(977, 314, 450, '', '2025-07-19 07:18:56', 'Very good pls always complete the background coloring.', 0, 1, NULL),
(978, 253, 450, '', '2025-07-19 07:18:56', '', 0, 0, NULL),
(979, 350, 491, '', '2025-07-19 07:18:56', '', 0, 0, NULL),
(980, 300, 491, '', '2025-07-19 07:18:56', '', 0, 0, NULL),
(981, 310, 487, '', '2025-07-19 07:18:56', '', 0, 0, NULL),
(982, 263, 487, '', '2025-07-19 07:18:56', '', 0, 0, NULL),
(983, 304, 195, '', '2025-07-19 07:18:56', '', 0, 0, NULL),
(984, 257, 195, '', '2025-07-19 07:18:56', '', 0, 0, NULL),
(985, 311, 204, '', '2025-07-19 07:18:56', '', 0, 0, NULL),
(986, 277, 204, '', '2025-07-19 07:18:56', '', 0, 0, NULL),
(987, 254, 204, '', '2025-07-19 07:18:56', '', 0, 0, NULL),
(988, 312, 205, '', '2025-07-19 07:18:56', '', 0, 1, NULL),
(989, 278, 205, '', '2025-07-19 07:18:56', '', 0, 0, NULL),
(990, 255, 205, '', '2025-07-19 07:18:56', '', 0, 1, NULL),
(991, 303, 202, '', '2025-07-19 07:18:56', '', 0, 0, NULL),
(992, 266, 202, '', '2025-07-19 07:18:56', '', 0, 1, NULL),
(993, 306, 198, '', '2025-07-19 07:18:56', 'The student didnt got the homework in portal', 0, 0, NULL),
(994, 259, 198, '', '2025-07-19 07:18:56', '', 0, 1, NULL),
(995, 305, 196, 'uploads/homework/196_305_1752913922.jpg', '2025-07-19 08:32:02', NULL, 0, 0, NULL),
(996, 295, 481, 'uploads/homework/481_295_1752941177.jpg', '2025-07-19 16:06:17', NULL, 0, 0, NULL),
(997, 324, 454, 'uploads/homework/454_324_1752946799.jpeg', '2025-07-19 17:39:59', NULL, 0, 0, NULL),
(998, 323, 449, 'uploads/homework/449_323_1752984278.jpg', '2025-07-20 04:04:38', NULL, 0, 0, NULL),
(999, 297, 479, '', '2025-07-20 04:22:41', 'Hw not submitted, irregular HW would slow down the progress.', 0, 0, NULL),
(1000, 269, 479, '', '2025-07-20 04:22:41', 'Not done', 0, 0, NULL),
(1001, 299, 477, '', '2025-07-20 04:22:41', 'Not submitted, student lacks confidence in classes.', 0, 0, NULL),
(1002, 271, 477, '', '2025-07-20 04:22:41', 'Not submitted', 0, 0, NULL),
(1003, 295, 481, '', '2025-07-20 04:22:41', 'Very good keep it up.', 0, 1, NULL),
(1004, 267, 481, '', '2025-07-20 04:22:41', 'Not submitted', 0, 0, NULL),
(1005, 296, 478, '', '2025-07-20 04:22:41', 'Hw not submitted, irregular HW would make them less confident', 0, 0, NULL),
(1006, 268, 478, '', '2025-07-20 04:22:41', '', 0, 0, NULL),
(1007, 298, 480, '', '2025-07-20 04:22:41', 'Hw not submitted. Be regular', 0, 0, NULL),
(1008, 270, 480, '', '2025-07-20 04:22:41', '', 0, 1, NULL),
(1009, 333, 462, 'uploads/homework/462_333_1752988462.jpg', '2025-07-20 05:14:22', NULL, 0, 0, NULL),
(1010, 316, 456, 'uploads/homework/456_316_1752990236.jpg', '2025-07-20 05:43:56', NULL, 0, 0, NULL),
(1011, 321, 486, 'uploads/homework/486_321_1753008697.jpeg', '2025-07-20 10:51:37', NULL, 0, 0, NULL),
(1012, 295, 481, 'uploads/homework/481_295_1753016425.jpg', '2025-07-20 13:00:25', NULL, 0, 0, NULL),
(1013, 282, 185, 'uploads/homework/185_282_1753016960.jpg', '2025-07-20 13:09:20', NULL, 0, 0, NULL),
(1015, 342, 187, '', '2025-07-21 12:12:32', '', 0, 0, NULL),
(1016, 283, 187, '', '2025-07-21 12:12:32', 'Not done.', 0, 0, NULL),
(1018, 247, 187, '', '2025-07-21 12:12:32', 'Not submitted', 0, 0, NULL),
(1019, 241, 476, '', '2025-07-21 12:12:32', '', 0, 1, NULL),
(1020, 242, 473, '', '2025-07-21 12:12:32', '', 0, 1, NULL),
(1021, 309, 201, '', '2025-07-21 12:12:32', '', 0, 1, NULL),
(1022, 262, 201, '', '2025-07-21 12:12:32', '', 0, 1, NULL),
(1023, 335, 475, '', '2025-07-21 12:12:32', '', 0, 0, NULL),
(1024, 232, 475, '', '2025-07-21 12:12:32', '', 0, 1, NULL),
(1025, 302, 197, '', '2025-07-21 12:12:32', '', 0, 0, NULL),
(1026, 265, 197, '', '2025-07-21 12:12:32', 'Can\'t do because of exams', 0, 0, NULL),
(1027, 341, 185, '', '2025-07-21 12:12:32', '', 0, 0, NULL),
(1028, 282, 185, '', '2025-07-21 12:12:32', '', 0, 1, NULL),
(1029, 246, 185, '', '2025-07-21 12:12:32', 'Drawing part could be better, looks like he is done in hurry', 0, 0, NULL),
(1030, 308, 200, '', '2025-07-21 12:12:32', 'Shading need to be improved', 0, 1, NULL),
(1031, 261, 200, '', '2025-07-21 12:12:32', '', 0, 0, NULL),
(1032, 323, 449, '', '2025-07-21 12:12:32', '', 0, 1, NULL),
(1033, 222, 449, '', '2025-07-21 12:12:32', '', 0, 0, NULL),
(1034, 337, 452, '', '2025-07-21 12:12:32', '', 0, 0, NULL),
(1035, 234, 452, '', '2025-07-21 12:12:32', '', 0, 0, NULL),
(1036, 297, 479, '', '2025-07-21 12:12:32', 'Hw not submitted, irregular HW would slow down the progress.', 0, 0, NULL),
(1037, 269, 479, '', '2025-07-21 12:12:32', 'Not done', 0, 0, NULL),
(1038, 280, 472, '', '2025-07-21 12:12:32', 'Good hw , drawing need to be more bigger.', 0, 1, NULL),
(1039, 239, 472, '', '2025-07-21 12:12:32', '', 0, 1, NULL),
(1040, 330, 453, '', '2025-07-21 12:12:32', '', 0, 0, NULL),
(1041, 227, 453, '', '2025-07-21 12:12:32', '', 0, 1, NULL),
(1042, 324, 454, '', '2025-07-21 12:12:32', '', 0, 1, NULL),
(1043, 223, 454, '', '2025-07-21 12:12:32', '', 0, 1, NULL),
(1044, 336, 483, '', '2025-07-21 12:12:32', '', 0, 0, NULL),
(1045, 233, 483, '', '2025-07-21 12:12:32', '', 0, 0, NULL),
(1046, 299, 477, '', '2025-07-21 12:12:32', 'Not submitted, student lacks confidence in classes.', 0, 0, NULL),
(1047, 271, 477, '', '2025-07-21 12:12:32', 'Not submitted', 0, 0, NULL),
(1048, 316, 456, '', '2025-07-21 12:12:32', '', 0, 1, NULL),
(1049, 216, 456, '', '2025-07-21 12:12:32', '', 0, 1, NULL),
(1050, 295, 481, '', '2025-07-21 12:12:32', '', 0, 1, NULL),
(1051, 267, 481, '', '2025-07-21 12:12:32', 'Not submitted', 0, 0, NULL),
(1052, 307, 199, '', '2025-07-21 12:12:32', 'Need to do shading more patience', 0, 1, NULL),
(1053, 260, 199, '', '2025-07-21 12:12:32', 'Feedback from students my mother is out of town can\'t do HW.', 0, 0, NULL),
(1054, 296, 478, '', '2025-07-21 12:12:32', 'Hw not submitted, irregular HW would make them less confident', 0, 0, NULL),
(1055, 268, 478, '', '2025-07-21 12:12:32', '', 0, 0, NULL),
(1056, 301, 194, '', '2025-07-21 12:12:32', '', 0, 0, NULL),
(1057, 264, 194, '', '2025-07-21 12:12:32', 'Not able to find the HW', 0, 0, NULL),
(1058, 332, 457, '', '2025-07-21 12:12:32', '', 0, 0, NULL),
(1059, 229, 457, '', '2025-07-21 12:12:32', '', 0, 0, NULL),
(1060, 331, 459, '', '2025-07-21 12:12:32', '', 0, 0, NULL),
(1061, 228, 459, '', '2025-07-21 12:12:32', '', 0, 0, NULL),
(1062, 305, 196, '', '2025-07-21 12:12:32', '', 0, 1, NULL),
(1063, 258, 196, '', '2025-07-21 12:12:32', '', 0, 0, NULL),
(1064, 237, 468, '', '2025-07-21 12:12:32', 'Good work after a while we found his HW , but make sure he does the same HW as CW', 0, 1, NULL),
(1065, 328, 489, '', '2025-07-21 12:12:32', '', 0, 0, NULL),
(1066, 235, 469, '', '2025-07-21 12:12:32', '', 0, 0, NULL),
(1067, 327, 488, '', '2025-07-21 12:12:32', '', 0, 0, NULL),
(1068, 226, 488, '', '2025-07-21 12:12:32', '', 0, 0, NULL),
(1069, 313, 451, '', '2025-07-21 12:12:32', 'Very good hw, keep it up.', 0, 1, NULL),
(1070, 279, 451, '', '2025-07-21 12:12:32', '', 0, 0, NULL),
(1071, 256, 451, '', '2025-07-21 12:12:32', 'Did the wrong drawing hw and have not followed proper directions for the coloring.Re-do the correct hw assigned.', 0, 1, NULL),
(1072, 314, 450, '', '2025-07-21 12:12:32', 'Very good pls always complete the background coloring.', 0, 1, NULL),
(1073, 253, 450, '', '2025-07-21 12:12:32', '', 0, 0, NULL),
(1074, 329, 500, '', '2025-07-21 12:12:32', '', 0, 0, NULL),
(1077, 317, 461, '', '2025-07-21 12:12:32', '', 0, 0, NULL),
(1078, 217, 461, '', '2025-07-21 12:12:32', '', 0, 0, NULL),
(1079, 350, 491, '', '2025-07-21 12:12:32', '', 0, 0, NULL),
(1080, 300, 491, '', '2025-07-21 12:12:32', '', 0, 0, NULL),
(1081, 238, 471, '', '2025-07-21 12:12:32', '', 0, 0, NULL),
(1082, 333, 462, '', '2025-07-21 12:12:32', '', 0, 1, NULL),
(1083, 230, 462, '', '2025-07-21 12:12:32', '', 0, 0, NULL),
(1084, 291, 493, '', '2025-07-21 12:12:32', '', 0, 0, NULL),
(1085, 294, 494, '', '2025-07-21 12:12:32', '', 0, 0, NULL),
(1086, 310, 487, '', '2025-07-21 12:12:32', '', 0, 0, NULL),
(1087, 263, 487, '', '2025-07-21 12:12:32', '', 0, 0, NULL),
(1088, 321, 486, '', '2025-07-21 12:12:32', 'Good keep it up', 0, 1, NULL),
(1089, 221, 486, '', '2025-07-21 12:12:32', '', 0, 1, NULL),
(1091, 343, 178, '', '2025-07-21 12:12:32', '', 0, 0, NULL),
(1092, 284, 178, '', '2025-07-21 12:12:32', 'Good keep it up', 0, 1, NULL),
(1093, 248, 178, '', '2025-07-21 12:12:32', 'Keep it up..', 1, 1, NULL),
(1094, 298, 480, '', '2025-07-21 12:12:32', 'Hw not submitted. Be regular', 0, 0, NULL),
(1095, 270, 480, '', '2025-07-21 12:12:32', '', 0, 1, NULL),
(1096, 338, 474, '', '2025-07-21 12:12:32', '', 0, 0, NULL),
(1097, 275, 474, '', '2025-07-21 12:12:32', 'Incomplete Hw', 0, 0, NULL),
(1098, 244, 474, '', '2025-07-21 12:12:32', '', 0, 0, NULL),
(1099, 209, 474, '', '2025-07-21 12:12:32', 'Half hw shown student have not attended that particular class offline', 0, 0, NULL),
(1100, 318, 463, '', '2025-07-21 12:12:32', '', 0, 0, NULL),
(1101, 218, 463, '', '2025-07-21 12:12:32', '', 0, 0, NULL),
(1102, 304, 195, '', '2025-07-21 12:12:32', '', 0, 0, NULL),
(1103, 257, 195, '', '2025-07-21 12:12:32', '', 0, 0, NULL),
(1104, 236, 470, '', '2025-07-21 12:12:32', 'Homework not done.', 0, 0, NULL),
(1105, 319, 464, '', '2025-07-21 12:12:32', '', 0, 0, NULL),
(1106, 219, 464, '', '2025-07-21 12:12:32', '', 0, 0, NULL),
(1107, 322, 490, '', '2025-07-21 12:12:32', '', 0, 0, NULL),
(1108, 349, 182, '', '2025-07-21 12:12:32', '', 0, 0, NULL),
(1109, 288, 182, '', '2025-07-21 12:12:32', '', 0, 0, NULL),
(1110, 274, 182, '', '2025-07-21 12:12:32', '', 0, 0, NULL),
(1111, 293, 485, '', '2025-07-21 12:12:32', '', 0, 0, NULL),
(1112, 272, 485, '', '2025-07-21 12:12:32', '', 0, 0, NULL),
(1113, 339, 189, '', '2025-07-21 12:12:32', '', 0, 0, NULL),
(1114, 276, 189, '', '2025-07-21 12:12:32', 'Incomplete HW.', 0, 0, NULL),
(1115, 210, 189, '', '2025-07-21 12:12:32', 'Good HW, just badminton need to be more careful in sketching. As here badminton and stick look broken.', 0, 1, NULL),
(1116, 311, 204, '', '2025-07-21 12:12:32', '', 0, 0, NULL),
(1117, 277, 204, '', '2025-07-21 12:12:32', '', 0, 0, NULL),
(1118, 254, 204, '', '2025-07-21 12:12:32', '', 0, 0, NULL),
(1119, 292, 495, '', '2025-07-21 12:12:32', '', 0, 0, NULL),
(1121, 344, 181, '', '2025-07-21 12:12:32', '', 0, 0, NULL),
(1122, 285, 181, '', '2025-07-21 12:12:32', 'Very good \r\n Keep it.up.', 0, 1, NULL),
(1123, 249, 181, '', '2025-07-21 12:12:32', 'Very neatly made excellent', 1, 1, NULL),
(1124, 347, 183, '', '2025-07-21 12:12:32', '', 0, 0, NULL),
(1125, 286, 183, '', '2025-07-21 12:12:32', 'Keep it up', 0, 1, NULL),
(1126, 250, 183, '', '2025-07-21 12:12:32', '', 0, 1, NULL),
(1127, 312, 205, '', '2025-07-21 12:12:32', '', 0, 1, NULL),
(1128, 278, 205, '', '2025-07-21 12:12:32', '', 0, 0, NULL),
(1129, 255, 205, '', '2025-07-21 12:12:32', '', 0, 1, NULL),
(1130, 303, 202, '', '2025-07-21 12:12:32', '', 0, 0, NULL),
(1131, 266, 202, '', '2025-07-21 12:12:32', '', 0, 1, NULL),
(1132, 326, 465, '', '2025-07-21 12:12:32', '', 0, 0, NULL),
(1133, 225, 465, '', '2025-07-21 12:12:32', '', 0, 0, NULL),
(1134, 340, 320, '', '2025-07-21 12:12:32', '', 0, 0, NULL),
(1135, 334, 466, '', '2025-07-21 12:12:32', '', 0, 0, NULL),
(1136, 231, 466, '', '2025-07-21 12:12:32', '', 0, 0, NULL),
(1137, 306, 198, '', '2025-07-21 12:12:32', 'The student didnt got the homework in portal', 0, 0, NULL),
(1138, 259, 198, '', '2025-07-21 12:12:32', '', 0, 1, NULL),
(1139, 320, 467, '', '2025-07-21 12:12:32', '', 0, 0, NULL),
(1140, 220, 467, '', '2025-07-21 12:12:32', '', 0, 0, NULL),
(1142, 342, 187, '', '2025-07-21 13:14:29', '', 0, 0, NULL),
(1143, 283, 187, '', '2025-07-21 13:14:29', 'Not done.', 0, 0, NULL),
(1145, 247, 187, '', '2025-07-21 13:14:29', 'Not submitted', 0, 0, NULL),
(1146, 156, 187, '', '2025-07-21 13:14:29', 'Looks incomplete, shading done too fast', 0, 1, NULL),
(1147, 116, 187, '', '2025-07-21 13:14:29', '', 0, 0, NULL),
(1148, 114, 187, '', '2025-07-21 13:14:29', 'Did but,other charecters', 0, 1, NULL),
(1149, 111, 187, '', '2025-07-21 13:14:29', 'Incomplete', 0, 1, NULL),
(1150, 241, 476, '', '2025-07-21 13:14:29', '', 0, 1, NULL),
(1151, 179, 476, '', '2025-07-21 13:14:29', '', 0, 1, NULL),
(1152, 242, 473, '', '2025-07-21 13:14:29', '', 0, 1, NULL),
(1153, 171, 473, '', '2025-07-21 13:14:29', '', 0, 1, NULL),
(1154, 309, 201, '', '2025-07-21 13:14:29', '', 0, 1, NULL),
(1155, 262, 201, '', '2025-07-21 13:14:29', '', 0, 1, NULL),
(1156, 169, 201, '', '2025-07-21 13:14:29', '', 0, 0, NULL),
(1157, 129, 201, '', '2025-07-21 13:14:29', '', 0, 1, NULL),
(1158, 335, 475, '', '2025-07-21 13:14:29', '', 0, 0, NULL),
(1159, 232, 475, '', '2025-07-21 13:14:29', '', 0, 1, NULL),
(1160, 206, 475, '', '2025-07-21 13:14:29', '', 0, 0, NULL),
(1161, 153, 475, '', '2025-07-21 13:14:29', '', 0, 1, NULL),
(1162, 302, 197, '', '2025-07-21 13:14:29', '', 0, 0, NULL),
(1163, 265, 197, '', '2025-07-21 13:14:29', 'Can\'t do because of exams', 0, 0, NULL),
(1164, 162, 197, '', '2025-07-21 13:14:29', '', 0, 0, NULL),
(1165, 131, 197, '', '2025-07-21 13:14:29', 'Not done', 0, 0, NULL),
(1166, 341, 185, '', '2025-07-21 13:14:29', '', 0, 0, NULL),
(1167, 282, 185, '', '2025-07-21 13:14:29', '', 0, 1, NULL),
(1168, 246, 185, '', '2025-07-21 13:14:29', 'Drawing part could be better, looks like he is done in hurry', 0, 0, NULL),
(1169, 155, 185, '', '2025-07-21 13:14:29', '', 0, 1, NULL),
(1170, 110, 185, '', '2025-07-21 13:14:29', 'Wow, great. Keep it up.', 1, 1, NULL),
(1171, 308, 200, '', '2025-07-21 13:14:29', 'Shading need to be improved', 0, 1, NULL),
(1172, 261, 200, '', '2025-07-21 13:14:29', '', 0, 0, NULL),
(1173, 168, 200, '', '2025-07-21 13:14:29', '', 0, 1, NULL),
(1174, 128, 200, '', '2025-07-21 13:14:29', '', 0, 1, NULL),
(1175, 323, 449, '', '2025-07-21 13:14:29', '', 0, 1, NULL),
(1176, 222, 449, '', '2025-07-21 13:14:29', '', 0, 0, NULL),
(1177, 192, 449, '', '2025-07-21 13:14:29', '', 0, 0, NULL),
(1178, 337, 452, '', '2025-07-21 13:14:29', '', 0, 0, NULL),
(1179, 234, 452, '', '2025-07-21 13:14:29', '', 0, 0, NULL),
(1180, 185, 452, '', '2025-07-21 13:14:29', '', 0, 1, NULL),
(1181, 297, 479, '', '2025-07-21 13:14:29', 'Hw not submitted, irregular HW would slow down the progress.', 0, 0, NULL),
(1182, 269, 479, '', '2025-07-21 13:14:29', 'Not done', 0, 0, NULL),
(1183, 202, 479, '', '2025-07-21 13:14:29', '', 0, 0, NULL),
(1184, 280, 472, '', '2025-07-21 13:14:29', 'Good hw , drawing need to be more bigger.', 0, 1, NULL),
(1185, 239, 472, '', '2025-07-21 13:14:29', '', 0, 1, NULL),
(1186, 180, 472, '', '2025-07-21 13:14:29', '', 0, 1, NULL),
(1187, 140, 472, '', '2025-07-21 13:14:29', '', 0, 0, NULL),
(1188, 330, 453, '', '2025-07-21 13:14:29', '', 0, 0, NULL),
(1189, 227, 453, '', '2025-07-21 13:14:29', '', 0, 1, NULL),
(1190, 196, 453, '', '2025-07-21 13:14:29', '', 0, 0, NULL),
(1191, 324, 454, '', '2025-07-21 13:14:29', '', 0, 1, NULL),
(1192, 223, 454, '', '2025-07-21 13:14:29', '', 0, 1, NULL),
(1193, 193, 454, '', '2025-07-21 13:14:29', '', 0, 1, NULL),
(1194, 336, 483, '', '2025-07-21 13:14:29', '', 0, 0, NULL),
(1195, 233, 483, '', '2025-07-21 13:14:29', '', 0, 0, NULL),
(1196, 207, 483, '', '2025-07-21 13:14:29', '', 0, 0, NULL),
(1197, 299, 477, '', '2025-07-21 13:14:29', 'Not submitted, student lacks confidence in classes.', 0, 0, NULL),
(1198, 271, 477, '', '2025-07-21 13:14:29', 'Not submitted', 0, 0, NULL),
(1199, 198, 477, '', '2025-07-21 13:14:29', '', 0, 0, NULL),
(1200, 316, 456, '', '2025-07-21 13:14:29', '', 0, 1, NULL),
(1201, 216, 456, '', '2025-07-21 13:14:29', '', 0, 1, NULL),
(1202, 187, 456, '', '2025-07-21 13:14:29', '', 0, 0, NULL),
(1203, 295, 481, '', '2025-07-21 13:14:29', '', 0, 1, NULL),
(1204, 267, 481, '', '2025-07-21 13:14:29', 'Not submitted', 0, 0, NULL),
(1205, 200, 481, '', '2025-07-21 13:14:29', '', 0, 0, NULL),
(1206, 307, 199, '', '2025-07-21 13:14:29', 'Need to do shading more patience', 0, 1, NULL),
(1207, 260, 199, '', '2025-07-21 13:14:29', 'Feedback from students my mother is out of town can\'t do HW.', 0, 0, NULL),
(1208, 167, 199, '', '2025-07-21 13:14:29', '', 0, 0, NULL),
(1209, 127, 199, '', '2025-07-21 13:14:29', 'Not done', 0, 0, NULL),
(1210, 296, 478, '', '2025-07-21 13:14:29', 'Hw not submitted, irregular HW would make them less confident', 0, 0, NULL),
(1211, 268, 478, '', '2025-07-21 13:14:29', '', 0, 0, NULL),
(1212, 201, 478, '', '2025-07-21 13:14:29', '', 0, 0, NULL),
(1213, 301, 194, '', '2025-07-21 13:14:29', '', 0, 0, NULL),
(1214, 264, 194, '', '2025-07-21 13:14:29', 'Not able to find the HW', 0, 0, NULL),
(1215, 161, 194, '', '2025-07-21 13:14:29', 'Not submitted', 0, 0, NULL),
(1216, 130, 194, '', '2025-07-21 13:14:29', 'Wrong he was given to her.(Not counted as not submitted', 0, 0, NULL),
(1217, 332, 457, '', '2025-07-21 13:14:29', '', 0, 0, NULL),
(1218, 229, 457, '', '2025-07-21 13:14:29', '', 0, 0, NULL),
(1219, 150, 457, '', '2025-07-21 13:14:29', '', 0, 1, NULL),
(1220, 146, 457, '', '2025-07-21 13:14:29', '', 0, 0, NULL),
(1221, 331, 459, '', '2025-07-21 13:14:29', '', 0, 0, NULL),
(1222, 228, 459, '', '2025-07-21 13:14:29', '', 0, 0, NULL),
(1223, 197, 459, '', '2025-07-21 13:14:29', '', 0, 0, NULL),
(1224, 305, 196, '', '2025-07-21 13:14:29', '', 0, 1, NULL),
(1225, 258, 196, '', '2025-07-21 13:14:29', '', 0, 0, NULL),
(1226, 165, 196, '', '2025-07-21 13:14:29', 'Done but a different one needs to do same Hw as given', 0, 0, NULL),
(1227, 125, 196, '', '2025-07-21 13:14:29', '', 0, 0, NULL),
(1228, 237, 468, '', '2025-07-21 13:14:29', 'Good work after a while we found his HW , but make sure he does the same HW as CW', 0, 1, NULL),
(1229, 177, 468, '', '2025-07-21 13:14:29', 'Not done the drawing hw', 0, 0, NULL),
(1230, 328, 489, '', '2025-07-21 13:14:29', '', 0, 0, NULL),
(1231, 235, 469, '', '2025-07-21 13:14:29', '', 0, 0, NULL),
(1232, 175, 469, '', '2025-07-21 13:14:29', '', 0, 0, NULL),
(1233, 327, 488, '', '2025-07-21 13:14:29', '', 0, 0, NULL),
(1234, 226, 488, '', '2025-07-21 13:14:29', '', 0, 0, NULL),
(1235, 313, 451, '', '2025-07-21 13:14:29', 'Very good hw, keep it up.', 0, 1, NULL),
(1236, 279, 451, '', '2025-07-21 13:14:29', '', 0, 0, NULL),
(1237, 256, 451, '', '2025-07-21 13:14:29', 'Did the wrong drawing hw and have not followed proper directions for the coloring.Re-do the correct hw assigned.', 0, 1, NULL),
(1238, 174, 451, '', '2025-07-21 13:14:29', 'Very neat coloring good', 2, 1, NULL),
(1239, 143, 451, '', '2025-07-21 13:14:29', '', 0, 0, NULL),
(1240, 314, 450, '', '2025-07-21 13:14:29', 'Very good pls always complete the background coloring.', 0, 1, NULL),
(1241, 253, 450, '', '2025-07-21 13:14:29', '', 0, 0, NULL),
(1242, 170, 450, '', '2025-07-21 13:14:29', 'Very good', 0, 1, NULL),
(1243, 144, 450, '', '2025-07-21 13:14:29', '', 0, 1, NULL),
(1244, 329, 500, '', '2025-07-21 13:14:29', '', 0, 0, NULL),
(1248, 317, 461, '', '2025-07-21 13:14:29', '', 0, 0, NULL),
(1249, 217, 461, '', '2025-07-21 13:14:29', '', 0, 0, NULL),
(1250, 188, 461, '', '2025-07-21 13:14:29', '', 0, 0, NULL),
(1251, 350, 491, '', '2025-07-21 13:14:29', '', 0, 0, NULL),
(1252, 300, 491, '', '2025-07-21 13:14:29', '', 0, 0, NULL),
(1253, 238, 471, '', '2025-07-21 13:14:29', '', 0, 0, NULL),
(1254, 178, 471, '', '2025-07-21 13:14:29', '', 0, 1, NULL),
(1255, 333, 462, '', '2025-07-21 13:14:29', '', 5, 1, NULL),
(1256, 230, 462, '', '2025-07-21 13:14:29', '', 0, 0, NULL),
(1257, 204, 462, '', '2025-07-21 13:14:29', '', 0, 0, NULL),
(1258, 151, 462, '', '2025-07-21 13:14:29', '', 0, 0, NULL),
(1259, 147, 462, 'uploads/homework/462_333_1752988462.jpg', '2025-07-21 13:14:29', '', 0, 0, NULL),
(1260, 291, 493, '', '2025-07-21 13:14:29', '', 0, 0, NULL),
(1261, 294, 494, '', '2025-07-21 13:14:29', '', 0, 0, NULL),
(1262, 310, 487, '', '2025-07-21 13:14:29', '', 0, 0, NULL),
(1263, 263, 487, '', '2025-07-21 13:14:29', '', 0, 0, NULL),
(1264, 321, 486, '', '2025-07-21 13:14:29', 'Good keep it up', 0, 1, NULL),
(1265, 221, 486, '', '2025-07-21 13:14:29', '', 0, 1, NULL),
(1267, 343, 178, '', '2025-07-21 13:14:29', '', 0, 0, NULL),
(1268, 284, 178, '', '2025-07-21 13:14:29', 'Good keep it up', 0, 1, NULL),
(1269, 248, 178, '', '2025-07-21 13:14:29', 'Keep it up..', 1, 1, NULL),
(1270, 157, 178, '', '2025-07-21 13:14:29', 'Homework not done', 0, 1, NULL),
(1271, 117, 178, '', '2025-07-21 13:14:29', 'Homework not done', 0, 0, NULL),
(1272, 97, 178, '', '2025-07-21 13:14:29', 'Homework not done', 0, 0, NULL),
(1273, 298, 480, '', '2025-07-21 13:14:29', 'Hw not submitted. Be regular', 0, 0, NULL),
(1274, 270, 480, '', '2025-07-21 13:14:29', '', 0, 1, NULL),
(1275, 199, 480, '', '2025-07-21 13:14:29', '', 0, 1, NULL),
(1276, 338, 474, '', '2025-07-21 13:14:29', '', 0, 0, NULL),
(1277, 275, 474, '', '2025-07-21 13:14:29', 'Incomplete Hw', 0, 0, NULL),
(1278, 244, 474, '', '2025-07-21 13:14:29', '', 0, 0, NULL),
(1279, 209, 474, '', '2025-07-21 13:14:29', 'Half hw shown student have not attended that particular class offline', 0, 0, NULL),
(1280, 138, 474, '', '2025-07-21 13:14:29', '', 0, 1, NULL),
(1281, 318, 463, '', '2025-07-21 13:14:29', '', 0, 0, NULL),
(1282, 218, 463, '', '2025-07-21 13:14:29', '', 0, 0, NULL),
(1283, 189, 463, '', '2025-07-21 13:14:29', '', 0, 1, NULL),
(1284, 304, 195, '', '2025-07-21 13:14:29', '', 0, 0, NULL),
(1285, 257, 195, '', '2025-07-21 13:14:29', '', 0, 0, NULL),
(1286, 164, 195, '', '2025-07-21 13:14:29', '', 0, 0, NULL),
(1287, 124, 195, '', '2025-07-21 13:14:29', 'Not submitted', 0, 0, NULL),
(1288, 236, 470, '', '2025-07-21 13:14:29', 'Homework not done.', 0, 0, NULL),
(1289, 176, 470, '', '2025-07-21 13:14:29', '', 0, 0, NULL),
(1290, 319, 464, '', '2025-07-21 13:14:29', '', 0, 0, NULL),
(1291, 219, 464, '', '2025-07-21 13:14:29', '', 0, 0, NULL),
(1292, 190, 464, '', '2025-07-21 13:14:29', '', 0, 0, NULL),
(1293, 322, 490, '', '2025-07-21 13:14:29', '', 0, 0, NULL),
(1294, 349, 182, '', '2025-07-21 13:14:29', '', 0, 0, NULL),
(1295, 288, 182, '', '2025-07-21 13:14:29', '', 0, 0, NULL),
(1296, 274, 182, '', '2025-07-21 13:14:29', '', 0, 0, NULL),
(1297, 160, 182, '', '2025-07-21 13:14:29', '', 0, 0, NULL),
(1298, 100, 182, '', '2025-07-21 13:14:29', '', 0, 0, NULL),
(1299, 293, 485, '', '2025-07-21 13:14:29', '', 0, 0, NULL),
(1300, 272, 485, '', '2025-07-21 13:14:29', '', 0, 0, NULL),
(1301, 339, 189, '', '2025-07-21 13:14:29', '', 0, 0, NULL),
(1302, 276, 189, '', '2025-07-21 13:14:29', 'Incomplete HW.', 0, 0, NULL),
(1303, 210, 189, '', '2025-07-21 13:14:29', 'Good HW, just badminton need to be more careful in sketching. As here badminton and stick look broken.', 0, 1, NULL),
(1304, 139, 189, '', '2025-07-21 13:14:29', 'Excellent work keep it up.', 0, 1, NULL),
(1305, 133, 189, '', '2025-07-21 13:14:29', 'Not Submitted', 0, 0, NULL),
(1306, 112, 189, '', '2025-07-21 13:14:29', 'Not Submitted', 0, 0, NULL),
(1307, 311, 204, '', '2025-07-21 13:14:29', '', 0, 0, NULL),
(1308, 277, 204, '', '2025-07-21 13:14:29', '', 0, 0, NULL),
(1309, 254, 204, '', '2025-07-21 13:14:29', '', 0, 0, NULL),
(1310, 172, 204, '', '2025-07-21 13:14:29', 'Very good', 2, 1, NULL),
(1311, 141, 204, '', '2025-07-21 13:14:29', '', 0, 0, NULL),
(1312, 135, 204, '', '2025-07-21 13:14:29', '', 0, 1, NULL),
(1313, 292, 495, '', '2025-07-21 13:14:29', '', 0, 0, NULL),
(1315, 344, 181, '', '2025-07-21 13:14:29', '', 0, 0, NULL),
(1316, 285, 181, '', '2025-07-21 13:14:29', 'Very good \r\n Keep it.up.', 0, 1, NULL),
(1317, 249, 181, '', '2025-07-21 13:14:29', 'Very neatly made excellent', 1, 1, NULL),
(1318, 158, 181, '', '2025-07-21 13:14:29', 'Excellent Homework. Keep it up.', 0, 1, NULL),
(1319, 118, 181, '', '2025-07-21 13:14:29', 'Good', 0, 1, NULL),
(1320, 98, 181, '', '2025-07-21 13:14:29', 'Neat coloring 👌', 0, 1, NULL),
(1321, 347, 183, '', '2025-07-21 13:14:29', '', 0, 0, NULL),
(1322, 286, 183, '', '2025-07-21 13:14:29', 'Keep it up', 0, 1, NULL),
(1323, 250, 183, '', '2025-07-21 13:14:29', '', 0, 1, NULL),
(1324, 159, 183, '', '2025-07-21 13:14:29', 'Very good , keep it up.', 0, 1, NULL),
(1325, 119, 183, '', '2025-07-21 13:14:29', '', 0, 0, NULL),
(1326, 312, 205, '', '2025-07-21 13:14:29', '', 0, 1, NULL),
(1327, 278, 205, '', '2025-07-21 13:14:29', '', 0, 0, NULL),
(1328, 255, 205, '', '2025-07-21 13:14:29', '', 0, 1, NULL),
(1329, 173, 205, '', '2025-07-21 13:14:29', '', 0, 0, NULL),
(1330, 142, 205, '', '2025-07-21 13:14:29', '', 0, 0, NULL),
(1331, 136, 205, '', '2025-07-21 13:14:29', '', 0, 1, NULL),
(1332, 303, 202, '', '2025-07-21 13:14:29', '', 0, 0, NULL),
(1333, 266, 202, '', '2025-07-21 13:14:29', '', 0, 1, NULL),
(1334, 163, 202, '', '2025-07-21 13:14:29', '', 0, 0, NULL),
(1335, 132, 202, '', '2025-07-21 13:14:29', 'Good try with the portrait, give more time to shading. \r\ndivide in two days.', 0, 1, NULL),
(1336, 326, 465, '', '2025-07-21 13:14:29', '', 0, 0, NULL),
(1337, 225, 465, '', '2025-07-21 13:14:29', '', 0, 0, NULL),
(1338, 195, 465, '', '2025-07-21 13:14:29', '', 0, 0, NULL),
(1339, 340, 320, '', '2025-07-21 13:14:29', '', 0, 0, NULL),
(1340, 334, 466, '', '2025-07-21 13:14:29', '', 0, 0, NULL),
(1341, 231, 466, '', '2025-07-21 13:14:29', '', 0, 0, NULL),
(1342, 205, 466, '', '2025-07-21 13:14:29', '', 0, 0, NULL),
(1343, 152, 466, '', '2025-07-21 13:14:29', '', 0, 1, NULL),
(1344, 148, 466, '', '2025-07-21 13:14:29', '', 0, 0, NULL),
(1345, 306, 198, '', '2025-07-21 13:14:29', 'The student didnt got the homework in portal', 0, 0, NULL),
(1346, 259, 198, '', '2025-07-21 13:14:29', '', 0, 1, NULL),
(1347, 166, 198, '', '2025-07-21 13:14:29', 'Not done, needs to be regular with HW.', 0, 1, NULL),
(1348, 126, 198, '', '2025-07-21 13:14:29', 'Not submitted', 0, 0, NULL),
(1349, 320, 467, '', '2025-07-21 13:14:29', '', 0, 0, NULL),
(1350, 220, 467, '', '2025-07-21 13:14:29', '', 0, 0, NULL),
(1351, 191, 467, '', '2025-07-21 13:14:29', '', 0, 0, NULL),
(1352, 318, 463, 'uploads/homework/463_318_1753179636.jpg', '2025-07-22 10:20:36', NULL, 0, 0, NULL),
(1353, 338, 474, 'uploads/homework/474_338_1753192680.jpg', '2025-07-22 13:58:00', NULL, 0, 0, NULL),
(1354, 339, 189, 'uploads/homework/189_339_1753193886.jpg', '2025-07-22 14:18:06', NULL, 0, 0, NULL),
(1355, 342, 187, '', '2025-07-23 03:34:08', '', 0, 0, NULL),
(1356, 283, 187, '', '2025-07-23 03:34:08', 'Not done.', 0, 0, NULL),
(1357, 247, 187, '', '2025-07-23 03:34:08', 'Not submitted', 0, 0, NULL),
(1358, 241, 476, '', '2025-07-23 03:34:08', '', 0, 1, NULL),
(1359, 368, 473, '', '2025-07-23 03:34:08', '', 0, 0, NULL),
(1360, 242, 473, '', '2025-07-23 03:34:08', '', 0, 1, NULL),
(1361, 361, 201, '', '2025-07-23 03:34:08', '', 0, 0, NULL),
(1362, 309, 201, '', '2025-07-23 03:34:08', '', 0, 1, NULL),
(1363, 262, 201, '', '2025-07-23 03:34:08', '', 0, 1, NULL),
(1364, 335, 475, '', '2025-07-23 03:34:08', '', 0, 0, NULL),
(1365, 232, 475, '', '2025-07-23 03:34:08', 'very good ananya keep it up', 0, 1, NULL),
(1366, 369, 197, '', '2025-07-23 03:34:08', '', 0, 0, NULL),
(1367, 302, 197, '', '2025-07-23 03:34:08', 'Not submitted', 0, 0, NULL),
(1368, 265, 197, '', '2025-07-23 03:34:08', 'Can\'t do because of exams', 0, 0, NULL),
(1369, 341, 185, '', '2025-07-23 03:34:08', '', 0, 0, NULL),
(1370, 282, 185, '', '2025-07-23 03:34:08', '', 0, 1, NULL),
(1371, 246, 185, '', '2025-07-23 03:34:08', 'Drawing part could be better, looks like he is done in hurry', 0, 0, NULL),
(1372, 362, 200, '', '2025-07-23 03:34:08', '', 0, 0, NULL),
(1373, 308, 200, '', '2025-07-23 03:34:08', 'Shading need to be improved', 0, 1, NULL),
(1374, 261, 200, '', '2025-07-23 03:34:08', '', 0, 0, NULL),
(1375, 323, 449, '', '2025-07-23 03:34:08', '', 0, 1, NULL),
(1376, 222, 449, '', '2025-07-23 03:34:08', '', 0, 0, NULL),
(1377, 370, 452, '', '2025-07-23 03:34:08', '', 0, 0, NULL),
(1378, 337, 452, '', '2025-07-23 03:34:08', '', 0, 0, NULL),
(1379, 234, 452, '', '2025-07-23 03:34:08', '', 0, 0, NULL),
(1380, 297, 479, '', '2025-07-23 03:34:08', 'Hw not submitted, irregular HW would slow down the progress.', 0, 0, NULL),
(1381, 269, 479, '', '2025-07-23 03:34:08', 'Not done', 0, 0, NULL),
(1382, 280, 472, '', '2025-07-23 03:34:08', 'Good hw , drawing need to be more bigger.', 0, 1, NULL),
(1383, 239, 472, '', '2025-07-23 03:34:08', '', 0, 1, NULL),
(1384, 330, 453, '', '2025-07-23 03:34:08', '', 0, 0, NULL),
(1385, 227, 453, '', '2025-07-23 03:34:08', '', 0, 1, NULL),
(1386, 324, 454, '', '2025-07-23 03:34:08', '', 0, 1, NULL),
(1387, 223, 454, '', '2025-07-23 03:34:08', '', 0, 1, NULL),
(1388, 336, 483, '', '2025-07-23 03:34:08', '', 0, 0, NULL),
(1389, 233, 483, '', '2025-07-23 03:34:08', '', 0, 0, NULL),
(1390, 371, 477, '', '2025-07-23 03:34:08', '', 0, 0, NULL),
(1391, 299, 477, '', '2025-07-23 03:34:08', 'Not submitted, student lacks confidence in classes.', 0, 0, NULL),
(1392, 271, 477, '', '2025-07-23 03:34:08', 'Not submitted', 0, 0, NULL),
(1393, 316, 456, '', '2025-07-23 03:34:08', '', 0, 1, NULL),
(1394, 216, 456, '', '2025-07-23 03:34:08', '', 0, 1, NULL),
(1395, 295, 481, '', '2025-07-23 03:34:08', '', 0, 1, NULL),
(1396, 267, 481, '', '2025-07-23 03:34:08', 'Not submitted', 0, 0, NULL),
(1397, 363, 199, '', '2025-07-23 03:34:08', '', 0, 0, NULL),
(1398, 307, 199, '', '2025-07-23 03:34:08', 'Need to do shading more patience', 0, 1, NULL),
(1399, 260, 199, '', '2025-07-23 03:34:08', 'Feedback from students my mother is out of town can\'t do HW.', 0, 0, NULL),
(1400, 296, 478, '', '2025-07-23 03:34:08', 'Hw not submitted, irregular HW would make them less confident', 0, 0, NULL),
(1401, 268, 478, '', '2025-07-23 03:34:08', '', 0, 0, NULL),
(1402, 372, 194, '', '2025-07-23 03:34:08', '', 0, 0, NULL),
(1403, 301, 194, '', '2025-07-23 03:34:08', '', 0, 0, NULL),
(1404, 264, 194, '', '2025-07-23 03:34:08', 'Not able to find the HW', 0, 0, NULL),
(1405, 332, 457, '', '2025-07-23 03:34:08', '', 0, 0, NULL),
(1406, 229, 457, '', '2025-07-23 03:34:08', '', 0, 0, NULL),
(1407, 331, 459, '', '2025-07-23 03:34:08', '', 0, 0, NULL),
(1408, 228, 459, '', '2025-07-23 03:34:08', '', 0, 0, NULL),
(1409, 364, 196, '', '2025-07-23 03:34:08', '', 0, 0, NULL),
(1410, 305, 196, '', '2025-07-23 03:34:08', '', 0, 1, NULL),
(1411, 258, 196, '', '2025-07-23 03:34:08', '', 0, 0, NULL),
(1412, 237, 468, '', '2025-07-23 03:34:08', 'Good work after a while we found his HW , but make sure he does the same HW as CW', 0, 1, NULL),
(1413, 328, 489, '', '2025-07-23 03:34:08', '', 0, 0, NULL),
(1414, 235, 469, '', '2025-07-23 03:34:08', '', 0, 0, NULL),
(1415, 327, 488, '', '2025-07-23 03:34:08', '', 0, 0, NULL),
(1416, 226, 488, '', '2025-07-23 03:34:08', '', 0, 0, NULL),
(1417, 358, 451, '', '2025-07-23 03:34:08', '', 0, 0, NULL),
(1418, 313, 451, '', '2025-07-23 03:34:08', 'Very good hw, keep it up.', 0, 1, NULL),
(1419, 279, 451, '', '2025-07-23 03:34:08', '', 0, 0, NULL),
(1420, 256, 451, '', '2025-07-23 03:34:08', 'Did the wrong drawing hw and have not followed proper directions for the coloring.Re-do the correct hw assigned.', 0, 1, NULL),
(1421, 357, 450, '', '2025-07-23 03:34:08', '', 0, 0, NULL),
(1422, 314, 450, '', '2025-07-23 03:34:08', 'Very good pls always complete the background coloring.', 0, 1, NULL),
(1423, 253, 450, '', '2025-07-23 03:34:08', '', 0, 0, NULL),
(1424, 329, 500, '', '2025-07-23 03:34:08', '', 0, 0, NULL),
(1427, 317, 461, '', '2025-07-23 03:34:08', '', 0, 0, NULL),
(1428, 217, 461, '', '2025-07-23 03:34:08', '', 0, 0, NULL),
(1429, 375, 491, '', '2025-07-23 03:34:08', '', 0, 0, NULL),
(1430, 350, 491, '', '2025-07-23 03:34:08', '', 0, 0, NULL),
(1431, 300, 491, '', '2025-07-23 03:34:08', '', 0, 0, NULL),
(1432, 238, 471, '', '2025-07-23 03:34:08', '', 0, 0, NULL),
(1433, 333, 462, '', '2025-07-23 03:34:08', '', 5, 1, NULL),
(1434, 230, 462, '', '2025-07-23 03:34:08', '', 0, 0, NULL),
(1435, 377, 493, '', '2025-07-23 03:34:08', '', 0, 0, NULL),
(1436, 291, 493, '', '2025-07-23 03:34:08', '', 0, 0, NULL),
(1437, 294, 494, '', '2025-07-23 03:34:08', '', 0, 0, NULL),
(1438, 365, 487, '', '2025-07-23 03:34:08', '', 0, 0, NULL),
(1439, 310, 487, '', '2025-07-23 03:34:08', '', 0, 0, NULL),
(1440, 263, 487, '', '2025-07-23 03:34:08', '', 0, 0, NULL),
(1441, 321, 486, '', '2025-07-23 03:34:08', 'Good keep it up', 0, 1, NULL),
(1442, 221, 486, '', '2025-07-23 03:34:08', '', 0, 1, NULL),
(1444, 343, 178, '', '2025-07-23 03:34:08', '', 0, 0, NULL),
(1445, 284, 178, '', '2025-07-23 03:34:08', 'Good keep it up', 0, 1, NULL),
(1446, 248, 178, '', '2025-07-23 03:34:08', 'Keep it up..', 1, 1, NULL),
(1447, 298, 480, '', '2025-07-23 03:34:08', 'Hw not submitted. Be regular', 0, 0, NULL),
(1448, 270, 480, '', '2025-07-23 03:34:08', '', 0, 1, NULL),
(1449, 338, 474, '', '2025-07-23 03:34:08', '', 0, 0, NULL),
(1450, 275, 474, '', '2025-07-23 03:34:08', 'Incomplete Hw', 0, 0, NULL),
(1451, 244, 474, '', '2025-07-23 03:34:08', '', 0, 0, NULL),
(1452, 209, 474, '', '2025-07-23 03:34:08', 'Half hw shown student have not attended that particular class offline', 0, 0, NULL),
(1453, 318, 463, '', '2025-07-23 03:34:08', '', 0, 0, NULL),
(1454, 218, 463, '', '2025-07-23 03:34:08', '', 0, 0, NULL),
(1455, 366, 195, '', '2025-07-23 03:34:08', '', 0, 0, NULL),
(1456, 304, 195, '', '2025-07-23 03:34:08', '', 0, 0, NULL),
(1457, 257, 195, '', '2025-07-23 03:34:08', '', 0, 0, NULL),
(1458, 236, 470, '', '2025-07-23 03:34:08', 'Homework not done.', 0, 0, NULL),
(1459, 319, 464, '', '2025-07-23 03:34:08', '', 0, 0, NULL),
(1460, 219, 464, '', '2025-07-23 03:34:08', '', 0, 0, NULL),
(1461, 322, 490, '', '2025-07-23 03:34:08', '', 0, 0, NULL),
(1462, 351, 182, '', '2025-07-23 03:34:08', '', 0, 0, NULL),
(1463, 349, 182, '', '2025-07-23 03:34:08', '', 0, 0, NULL),
(1464, 288, 182, '', '2025-07-23 03:34:08', '', 0, 0, NULL),
(1465, 274, 182, '', '2025-07-23 03:34:08', '', 0, 0, NULL),
(1466, 373, 485, '', '2025-07-23 03:34:08', '', 0, 0, NULL),
(1467, 293, 485, '', '2025-07-23 03:34:08', 'HW not submitted', 0, 0, NULL),
(1468, 272, 485, '', '2025-07-23 03:34:08', 'HW not submitted', 0, 0, NULL),
(1469, 339, 189, '', '2025-07-23 03:34:08', '', 0, 0, NULL),
(1470, 276, 189, '', '2025-07-23 03:34:08', 'Incomplete HW.', 0, 0, NULL),
(1471, 210, 189, '', '2025-07-23 03:34:08', 'Good HW, just badminton need to be more careful in sketching. As here badminton and stick look broken.', 0, 1, NULL),
(1472, 359, 204, '', '2025-07-23 03:34:08', '', 0, 0, NULL),
(1473, 311, 204, '', '2025-07-23 03:34:08', '', 0, 0, NULL),
(1474, 277, 204, '', '2025-07-23 03:34:08', '', 0, 0, NULL),
(1475, 254, 204, '', '2025-07-23 03:34:08', '', 0, 0, NULL),
(1476, 376, 495, '', '2025-07-23 03:34:08', '', 0, 0, NULL),
(1477, 292, 495, '', '2025-07-23 03:34:08', '', 0, 0, NULL),
(1479, 344, 181, '', '2025-07-23 03:34:08', '', 0, 0, NULL),
(1480, 285, 181, '', '2025-07-23 03:34:08', 'Very good \r\n Keep it.up.', 0, 1, NULL),
(1481, 249, 181, '', '2025-07-23 03:34:08', 'Very neatly made excellent', 1, 1, NULL),
(1482, 352, 183, '', '2025-07-23 03:34:08', '', 0, 0, NULL),
(1483, 347, 183, '', '2025-07-23 03:34:08', '', 0, 0, NULL),
(1484, 286, 183, '', '2025-07-23 03:34:08', 'Keep it up', 0, 1, NULL),
(1485, 250, 183, '', '2025-07-23 03:34:08', '', 0, 1, NULL),
(1486, 360, 205, '', '2025-07-23 03:34:08', '', 0, 0, NULL),
(1487, 312, 205, '', '2025-07-23 03:34:08', '', 0, 1, NULL),
(1488, 278, 205, '', '2025-07-23 03:34:08', '', 0, 0, NULL),
(1489, 255, 205, '', '2025-07-23 03:34:08', '', 0, 1, NULL),
(1490, 374, 202, '', '2025-07-23 03:34:08', '', 0, 0, NULL),
(1491, 303, 202, '', '2025-07-23 03:34:08', '', 0, 0, NULL),
(1492, 266, 202, '', '2025-07-23 03:34:08', '', 0, 1, NULL),
(1493, 326, 465, '', '2025-07-23 03:34:08', '', 0, 0, NULL),
(1494, 225, 465, '', '2025-07-23 03:34:08', '', 0, 0, NULL),
(1495, 340, 320, '', '2025-07-23 03:34:08', '', 0, 0, NULL),
(1496, 334, 466, '', '2025-07-23 03:34:08', '', 0, 0, NULL),
(1497, 231, 466, '', '2025-07-23 03:34:08', '', 0, 0, NULL),
(1498, 367, 198, '', '2025-07-23 03:34:08', '', 0, 0, NULL),
(1499, 306, 198, '', '2025-07-23 03:34:08', 'The student didnt got the homework in portal', 0, 0, NULL),
(1500, 259, 198, '', '2025-07-23 03:34:08', '', 0, 1, NULL),
(1501, 320, 467, '', '2025-07-23 03:34:08', '', 0, 0, NULL),
(1502, 220, 467, '', '2025-07-23 03:34:08', '', 0, 0, NULL),
(1503, 342, 187, '', '2025-07-23 03:35:42', '', 0, 0, NULL),
(1504, 283, 187, '', '2025-07-23 03:35:42', 'Not done.', 0, 0, NULL),
(1505, 247, 187, '', '2025-07-23 03:35:42', 'Not submitted', 0, 0, NULL),
(1506, 156, 187, '', '2025-07-23 03:35:42', 'Looks incomplete, shading done too fast', 0, 1, NULL),
(1507, 116, 187, '', '2025-07-23 03:35:42', '', 0, 0, NULL),
(1508, 114, 187, '', '2025-07-23 03:35:42', 'Did but,other charecters', 0, 1, NULL),
(1509, 111, 187, '', '2025-07-23 03:35:42', 'Incomplete', 0, 1, NULL),
(1510, 241, 476, '', '2025-07-23 03:35:42', '', 0, 1, NULL),
(1511, 179, 476, '', '2025-07-23 03:35:42', '', 0, 1, NULL),
(1512, 368, 473, '', '2025-07-23 03:35:42', '', 0, 0, NULL),
(1513, 242, 473, '', '2025-07-23 03:35:42', 'wow great HW.', 1, 1, NULL),
(1514, 171, 473, '', '2025-07-23 03:35:42', 'Keep it up.', 1, 1, NULL),
(1515, 361, 201, '', '2025-07-23 03:35:42', '', 0, 0, NULL),
(1516, 309, 201, '', '2025-07-23 03:35:42', '', 0, 1, NULL),
(1517, 262, 201, '', '2025-07-23 03:35:42', '', 0, 1, NULL),
(1518, 169, 201, '', '2025-07-23 03:35:42', '', 0, 0, NULL),
(1519, 129, 201, '', '2025-07-23 03:35:42', '', 0, 1, NULL),
(1520, 335, 475, '', '2025-07-23 03:35:42', '', 0, 0, NULL),
(1521, 232, 475, '', '2025-07-23 03:35:42', 'very good ananya keep it up', 0, 1, NULL),
(1522, 206, 475, '', '2025-07-23 03:35:42', '', 0, 0, NULL),
(1523, 153, 475, '', '2025-07-23 03:35:42', '', 0, 1, NULL),
(1524, 369, 197, '', '2025-07-23 03:35:42', '', 0, 0, NULL),
(1525, 302, 197, '', '2025-07-23 03:35:42', 'Not submitted', 0, 0, NULL),
(1526, 265, 197, '', '2025-07-23 03:35:42', 'Can\'t do because of exams', 0, 0, NULL),
(1527, 162, 197, '', '2025-07-23 03:35:42', '', 0, 0, NULL),
(1528, 131, 197, '', '2025-07-23 03:35:42', 'Not done', 0, 0, NULL),
(1529, 341, 185, '', '2025-07-23 03:35:42', '', 0, 0, NULL),
(1530, 282, 185, '', '2025-07-23 03:35:42', '', 0, 1, NULL),
(1531, 246, 185, '', '2025-07-23 03:35:42', 'Drawing part could be better, looks like he is done in hurry', 0, 0, NULL),
(1532, 155, 185, '', '2025-07-23 03:35:42', '', 0, 1, NULL),
(1533, 110, 185, '', '2025-07-23 03:35:42', 'Wow, great. Keep it up.', 1, 1, NULL),
(1534, 362, 200, '', '2025-07-23 03:35:42', '', 0, 0, NULL),
(1535, 308, 200, '', '2025-07-23 03:35:42', 'Shading need to be improved', 0, 1, NULL),
(1536, 261, 200, '', '2025-07-23 03:35:42', '', 0, 0, NULL),
(1537, 168, 200, '', '2025-07-23 03:35:42', '', 0, 1, NULL),
(1538, 128, 200, '', '2025-07-23 03:35:42', '', 0, 1, NULL),
(1539, 323, 449, '', '2025-07-23 03:35:42', '', 0, 1, NULL),
(1540, 222, 449, '', '2025-07-23 03:35:42', '', 0, 0, NULL),
(1541, 192, 449, '', '2025-07-23 03:35:42', '', 0, 0, NULL),
(1542, 370, 452, '', '2025-07-23 03:35:42', '', 0, 0, NULL),
(1543, 337, 452, '', '2025-07-23 03:35:42', '', 0, 0, NULL),
(1544, 234, 452, '', '2025-07-23 03:35:42', '', 0, 0, NULL),
(1545, 185, 452, '', '2025-07-23 03:35:42', '', 0, 1, NULL),
(1546, 297, 479, '', '2025-07-23 03:35:42', 'Hw not submitted, irregular HW would slow down the progress.', 0, 0, NULL),
(1547, 269, 479, '', '2025-07-23 03:35:42', 'Not done', 0, 0, NULL),
(1548, 202, 479, '', '2025-07-23 03:35:42', '', 0, 0, NULL),
(1549, 280, 472, '', '2025-07-23 03:35:42', 'Good hw , drawing need to be more bigger.', 0, 1, NULL),
(1550, 239, 472, '', '2025-07-23 03:35:42', '', 0, 1, NULL),
(1551, 180, 472, '', '2025-07-23 03:35:42', '', 0, 1, NULL),
(1552, 140, 472, '', '2025-07-23 03:35:42', '', 0, 0, NULL),
(1553, 330, 453, '', '2025-07-23 03:35:42', '', 0, 0, NULL),
(1554, 227, 453, '', '2025-07-23 03:35:42', '', 0, 1, NULL),
(1555, 196, 453, '', '2025-07-23 03:35:42', '', 0, 0, NULL),
(1556, 324, 454, '', '2025-07-23 03:35:42', '', 0, 1, NULL),
(1557, 223, 454, '', '2025-07-23 03:35:42', '', 0, 1, NULL),
(1558, 193, 454, '', '2025-07-23 03:35:42', '', 0, 1, NULL),
(1559, 336, 483, '', '2025-07-23 03:35:42', '', 0, 0, NULL);
INSERT INTO `homework_submissions` (`id`, `assignment_id`, `student_id`, `file_path`, `submitted_at`, `feedback`, `star_given`, `shown_in_class`, `proxy_file_path`) VALUES
(1560, 233, 483, '', '2025-07-23 03:35:42', '', 0, 0, NULL),
(1561, 207, 483, '', '2025-07-23 03:35:42', '', 0, 0, NULL),
(1562, 371, 477, '', '2025-07-23 03:35:42', '', 0, 0, NULL),
(1563, 299, 477, '', '2025-07-23 03:35:42', 'Not submitted, student lacks confidence in classes.', 0, 0, NULL),
(1564, 271, 477, '', '2025-07-23 03:35:42', 'Not submitted', 0, 0, NULL),
(1565, 198, 477, '', '2025-07-23 03:35:42', '', 0, 0, NULL),
(1566, 316, 456, '', '2025-07-23 03:35:42', '', 0, 1, NULL),
(1567, 216, 456, '', '2025-07-23 03:35:42', '', 0, 1, NULL),
(1568, 187, 456, '', '2025-07-23 03:35:42', '', 0, 0, NULL),
(1569, 295, 481, '', '2025-07-23 03:35:42', '', 0, 1, NULL),
(1570, 267, 481, '', '2025-07-23 03:35:42', 'Not submitted', 0, 0, NULL),
(1571, 200, 481, '', '2025-07-23 03:35:42', '', 0, 0, NULL),
(1572, 363, 199, '', '2025-07-23 03:35:42', '', 0, 0, NULL),
(1573, 307, 199, '', '2025-07-23 03:35:42', 'Need to do shading more patience', 0, 1, NULL),
(1574, 260, 199, '', '2025-07-23 03:35:42', 'Feedback from students my mother is out of town can\'t do HW.', 0, 0, NULL),
(1575, 167, 199, '', '2025-07-23 03:35:42', '', 0, 0, NULL),
(1576, 127, 199, '', '2025-07-23 03:35:42', 'Not done', 0, 0, NULL),
(1577, 296, 478, '', '2025-07-23 03:35:42', 'Hw not submitted, irregular HW would make them less confident', 0, 0, NULL),
(1578, 268, 478, '', '2025-07-23 03:35:42', '', 0, 0, NULL),
(1579, 201, 478, '', '2025-07-23 03:35:42', '', 0, 0, NULL),
(1580, 372, 194, '', '2025-07-23 03:35:42', '', 0, 0, NULL),
(1581, 301, 194, '', '2025-07-23 03:35:42', '', 0, 0, NULL),
(1582, 264, 194, '', '2025-07-23 03:35:42', 'Not able to find the HW', 0, 0, NULL),
(1583, 161, 194, '', '2025-07-23 03:35:42', 'Not submitted', 0, 0, NULL),
(1584, 130, 194, '', '2025-07-23 03:35:42', 'Wrong he was given to her.(Not counted as not submitted', 0, 0, NULL),
(1585, 332, 457, '', '2025-07-23 03:35:42', '', 0, 0, NULL),
(1586, 229, 457, '', '2025-07-23 03:35:42', '', 0, 0, NULL),
(1587, 150, 457, '', '2025-07-23 03:35:42', '', 0, 1, NULL),
(1588, 146, 457, '', '2025-07-23 03:35:42', '', 0, 0, NULL),
(1589, 331, 459, '', '2025-07-23 03:35:42', '', 0, 0, NULL),
(1590, 228, 459, '', '2025-07-23 03:35:42', '', 0, 0, NULL),
(1591, 197, 459, '', '2025-07-23 03:35:42', '', 0, 0, NULL),
(1592, 364, 196, '', '2025-07-23 03:35:42', '', 0, 0, NULL),
(1593, 305, 196, '', '2025-07-23 03:35:42', '', 0, 1, NULL),
(1594, 258, 196, '', '2025-07-23 03:35:42', '', 0, 0, NULL),
(1595, 165, 196, '', '2025-07-23 03:35:42', 'Done but a different one needs to do same Hw as given', 0, 0, NULL),
(1596, 125, 196, '', '2025-07-23 03:35:42', '', 0, 0, NULL),
(1597, 237, 468, '', '2025-07-23 03:35:42', 'Good work after a while we found his HW , but make sure he does the same HW as CW', 0, 1, NULL),
(1598, 177, 468, '', '2025-07-23 03:35:42', 'Not done the drawing hw', 0, 0, NULL),
(1599, 328, 489, '', '2025-07-23 03:35:42', '', 0, 0, NULL),
(1600, 235, 469, '', '2025-07-23 03:35:42', '', 0, 0, NULL),
(1601, 175, 469, '', '2025-07-23 03:35:42', '', 0, 0, NULL),
(1602, 327, 488, '', '2025-07-23 03:35:42', '', 0, 0, NULL),
(1603, 226, 488, '', '2025-07-23 03:35:42', '', 0, 0, NULL),
(1604, 358, 451, '', '2025-07-23 03:35:42', '', 0, 0, NULL),
(1605, 313, 451, '', '2025-07-23 03:35:42', 'Very good hw, keep it up.', 0, 1, NULL),
(1606, 279, 451, '', '2025-07-23 03:35:42', '', 0, 0, NULL),
(1607, 256, 451, '', '2025-07-23 03:35:42', 'Did the wrong drawing hw and have not followed proper directions for the coloring.Re-do the correct hw assigned.', 0, 1, NULL),
(1608, 174, 451, '', '2025-07-23 03:35:42', 'Very neat coloring good', 2, 1, NULL),
(1609, 143, 451, '', '2025-07-23 03:35:42', '', 0, 0, NULL),
(1610, 357, 450, '', '2025-07-23 03:35:42', '', 0, 0, NULL),
(1611, 314, 450, '', '2025-07-23 03:35:42', 'Very good pls always complete the background coloring.', 0, 1, NULL),
(1612, 253, 450, '', '2025-07-23 03:35:42', '', 0, 0, NULL),
(1613, 170, 450, '', '2025-07-23 03:35:42', 'Very good', 0, 1, NULL),
(1614, 144, 450, '', '2025-07-23 03:35:42', '', 0, 1, NULL),
(1615, 329, 500, '', '2025-07-23 03:35:42', '', 0, 0, NULL),
(1619, 317, 461, '', '2025-07-23 03:35:42', '', 0, 0, NULL),
(1620, 217, 461, '', '2025-07-23 03:35:42', '', 0, 0, NULL),
(1621, 188, 461, '', '2025-07-23 03:35:42', '', 0, 0, NULL),
(1622, 375, 491, '', '2025-07-23 03:35:42', '', 0, 0, NULL),
(1623, 350, 491, '', '2025-07-23 03:35:42', '', 0, 0, NULL),
(1624, 300, 491, '', '2025-07-23 03:35:42', '', 0, 0, NULL),
(1625, 238, 471, '', '2025-07-23 03:35:42', '', 0, 0, NULL),
(1626, 178, 471, '', '2025-07-23 03:35:42', '', 0, 1, NULL),
(1627, 333, 462, '', '2025-07-23 03:35:42', '', 5, 1, NULL),
(1628, 230, 462, '', '2025-07-23 03:35:42', '', 0, 0, NULL),
(1629, 204, 462, '', '2025-07-23 03:35:42', '', 0, 0, NULL),
(1630, 151, 462, '', '2025-07-23 03:35:42', '', 0, 0, NULL),
(1631, 147, 462, '', '2025-07-23 03:35:42', '', 0, 0, NULL),
(1632, 377, 493, '', '2025-07-23 03:35:42', '', 0, 0, NULL),
(1633, 291, 493, '', '2025-07-23 03:35:42', '', 0, 0, NULL),
(1634, 294, 494, '', '2025-07-23 03:35:42', '', 0, 0, NULL),
(1635, 365, 487, '', '2025-07-23 03:35:42', '', 0, 0, NULL),
(1636, 310, 487, '', '2025-07-23 03:35:42', '', 0, 0, NULL),
(1637, 263, 487, '', '2025-07-23 03:35:42', '', 0, 0, NULL),
(1638, 321, 486, '', '2025-07-23 03:35:42', 'Good keep it up', 0, 1, NULL),
(1639, 221, 486, '', '2025-07-23 03:35:42', '', 0, 1, NULL),
(1641, 343, 178, '', '2025-07-23 03:35:42', '', 0, 0, NULL),
(1642, 284, 178, '', '2025-07-23 03:35:42', 'Good keep it up', 0, 1, NULL),
(1643, 248, 178, '', '2025-07-23 03:35:42', 'Keep it up..', 1, 1, NULL),
(1644, 157, 178, '', '2025-07-23 03:35:42', 'Homework not done', 0, 1, NULL),
(1645, 117, 178, '', '2025-07-23 03:35:42', 'Homework not done', 0, 0, NULL),
(1646, 97, 178, '', '2025-07-23 03:35:42', 'Homework not done', 0, 0, NULL),
(1647, 298, 480, '', '2025-07-23 03:35:42', 'Hw not submitted. Be regular', 0, 0, NULL),
(1648, 270, 480, '', '2025-07-23 03:35:42', '', 0, 1, NULL),
(1649, 199, 480, '', '2025-07-23 03:35:42', '', 0, 1, NULL),
(1650, 338, 474, '', '2025-07-23 03:35:42', '', 0, 0, NULL),
(1651, 275, 474, '', '2025-07-23 03:35:42', 'Incomplete Hw', 0, 0, NULL),
(1652, 244, 474, '', '2025-07-23 03:35:42', '', 0, 0, NULL),
(1653, 209, 474, '', '2025-07-23 03:35:42', 'Half hw shown student have not attended that particular class offline', 0, 0, NULL),
(1654, 138, 474, '', '2025-07-23 03:35:42', '', 0, 1, NULL),
(1655, 318, 463, '', '2025-07-23 03:35:42', '', 0, 0, NULL),
(1656, 218, 463, '', '2025-07-23 03:35:42', '', 0, 0, NULL),
(1657, 189, 463, '', '2025-07-23 03:35:42', '', 0, 1, NULL),
(1658, 366, 195, '', '2025-07-23 03:35:42', '', 0, 0, NULL),
(1659, 304, 195, '', '2025-07-23 03:35:42', '', 0, 0, NULL),
(1660, 257, 195, '', '2025-07-23 03:35:42', '', 0, 0, NULL),
(1661, 164, 195, '', '2025-07-23 03:35:42', '', 0, 0, NULL),
(1662, 124, 195, '', '2025-07-23 03:35:42', 'Not submitted', 0, 0, NULL),
(1663, 236, 470, '', '2025-07-23 03:35:42', 'Homework not done.', 0, 0, NULL),
(1664, 176, 470, '', '2025-07-23 03:35:42', '', 0, 0, NULL),
(1665, 319, 464, '', '2025-07-23 03:35:42', '', 0, 0, NULL),
(1666, 219, 464, '', '2025-07-23 03:35:42', '', 0, 0, NULL),
(1667, 190, 464, '', '2025-07-23 03:35:42', '', 0, 0, NULL),
(1668, 322, 490, '', '2025-07-23 03:35:42', '', 0, 0, NULL),
(1669, 351, 182, '', '2025-07-23 03:35:42', '', 0, 0, NULL),
(1670, 349, 182, '', '2025-07-23 03:35:42', '', 0, 0, NULL),
(1671, 288, 182, '', '2025-07-23 03:35:42', '', 0, 0, NULL),
(1672, 274, 182, '', '2025-07-23 03:35:42', '', 0, 0, NULL),
(1673, 160, 182, '', '2025-07-23 03:35:42', '', 0, 0, NULL),
(1674, 100, 182, '', '2025-07-23 03:35:42', '', 0, 0, NULL),
(1675, 373, 485, '', '2025-07-23 03:35:42', '', 0, 0, NULL),
(1676, 293, 485, '', '2025-07-23 03:35:42', 'HW not submitted', 0, 0, NULL),
(1677, 272, 485, '', '2025-07-23 03:35:42', 'HW not submitted', 0, 0, NULL),
(1678, 339, 189, '', '2025-07-23 03:35:42', '', 0, 0, NULL),
(1679, 276, 189, '', '2025-07-23 03:35:42', 'Incomplete HW.', 0, 0, NULL),
(1680, 210, 189, '', '2025-07-23 03:35:42', 'Good HW, just badminton need to be more careful in sketching. As here badminton and stick look broken.', 0, 1, NULL),
(1681, 139, 189, '', '2025-07-23 03:35:42', 'Excellent work keep it up.', 0, 1, NULL),
(1682, 133, 189, '', '2025-07-23 03:35:42', 'Not Submitted', 0, 0, NULL),
(1683, 112, 189, '', '2025-07-23 03:35:42', 'Not Submitted', 0, 0, NULL),
(1684, 359, 204, '', '2025-07-23 03:35:42', '', 0, 0, NULL),
(1685, 311, 204, '', '2025-07-23 03:35:42', '', 0, 0, NULL),
(1686, 277, 204, '', '2025-07-23 03:35:42', '', 0, 0, NULL),
(1687, 254, 204, '', '2025-07-23 03:35:42', '', 0, 0, NULL),
(1688, 172, 204, '', '2025-07-23 03:35:42', 'Very good', 2, 1, NULL),
(1689, 141, 204, '', '2025-07-23 03:35:42', '', 0, 0, NULL),
(1690, 135, 204, '', '2025-07-23 03:35:42', '', 0, 1, NULL),
(1691, 376, 495, '', '2025-07-23 03:35:42', '', 0, 0, NULL),
(1692, 292, 495, '', '2025-07-23 03:35:42', '', 0, 0, NULL),
(1694, 344, 181, '', '2025-07-23 03:35:42', '', 0, 0, NULL),
(1695, 285, 181, '', '2025-07-23 03:35:42', 'Very good \r\n Keep it.up.', 0, 1, NULL),
(1696, 249, 181, '', '2025-07-23 03:35:42', 'Very neatly made excellent', 1, 1, NULL),
(1697, 158, 181, '', '2025-07-23 03:35:42', 'Excellent Homework. Keep it up.', 0, 1, NULL),
(1698, 118, 181, '', '2025-07-23 03:35:42', 'Good', 0, 1, NULL),
(1699, 98, 181, '', '2025-07-23 03:35:42', 'Neat coloring 👌', 0, 1, NULL),
(1700, 352, 183, '', '2025-07-23 03:35:42', '', 0, 0, NULL),
(1701, 347, 183, '', '2025-07-23 03:35:42', '', 0, 0, NULL),
(1702, 286, 183, '', '2025-07-23 03:35:42', 'Keep it up', 0, 1, NULL),
(1703, 250, 183, '', '2025-07-23 03:35:42', '', 0, 1, NULL),
(1704, 159, 183, '', '2025-07-23 03:35:42', 'Very good , keep it up.', 0, 1, NULL),
(1705, 119, 183, '', '2025-07-23 03:35:42', '', 0, 0, NULL),
(1706, 360, 205, '', '2025-07-23 03:35:42', '', 0, 0, NULL),
(1707, 312, 205, '', '2025-07-23 03:35:42', '', 0, 1, NULL),
(1708, 278, 205, '', '2025-07-23 03:35:42', '', 0, 0, NULL),
(1709, 255, 205, '', '2025-07-23 03:35:42', '', 0, 1, NULL),
(1710, 173, 205, '', '2025-07-23 03:35:42', '', 0, 0, NULL),
(1711, 142, 205, '', '2025-07-23 03:35:42', '', 0, 0, NULL),
(1712, 136, 205, '', '2025-07-23 03:35:42', '', 0, 1, NULL),
(1713, 374, 202, '', '2025-07-23 03:35:42', '', 0, 0, NULL),
(1714, 303, 202, '', '2025-07-23 03:35:42', '', 0, 0, NULL),
(1715, 266, 202, '', '2025-07-23 03:35:42', '', 0, 1, NULL),
(1716, 163, 202, '', '2025-07-23 03:35:42', '', 0, 0, NULL),
(1717, 132, 202, '', '2025-07-23 03:35:42', 'Good try with the portrait, give more time to shading. \r\ndivide in two days.', 0, 1, NULL),
(1718, 326, 465, '', '2025-07-23 03:35:42', '', 0, 0, NULL),
(1719, 225, 465, '', '2025-07-23 03:35:42', '', 0, 0, NULL),
(1720, 195, 465, '', '2025-07-23 03:35:42', '', 0, 0, NULL),
(1721, 340, 320, '', '2025-07-23 03:35:42', '', 0, 0, NULL),
(1722, 334, 466, '', '2025-07-23 03:35:42', '', 0, 0, NULL),
(1723, 231, 466, '', '2025-07-23 03:35:42', '', 0, 0, NULL),
(1724, 205, 466, '', '2025-07-23 03:35:42', '', 0, 0, NULL),
(1725, 152, 466, '', '2025-07-23 03:35:42', '', 0, 1, NULL),
(1726, 148, 466, '', '2025-07-23 03:35:42', '', 0, 0, NULL),
(1727, 367, 198, '', '2025-07-23 03:35:42', '', 0, 0, NULL),
(1728, 306, 198, '', '2025-07-23 03:35:42', 'The student didnt got the homework in portal', 0, 0, NULL),
(1729, 259, 198, '', '2025-07-23 03:35:42', '', 0, 1, NULL),
(1730, 166, 198, '', '2025-07-23 03:35:42', 'Not done, needs to be regular with HW.', 0, 1, NULL),
(1731, 126, 198, '', '2025-07-23 03:35:42', 'Not submitted', 0, 0, NULL),
(1732, 320, 467, '', '2025-07-23 03:35:42', '', 0, 0, NULL),
(1733, 220, 467, '', '2025-07-23 03:35:42', '', 0, 0, NULL),
(1734, 191, 467, '', '2025-07-23 03:35:42', '', 0, 0, NULL),
(1735, 338, 474, '', '2025-07-23 11:35:37', '', 0, 0, NULL),
(1736, 275, 474, '', '2025-07-23 11:35:37', 'Incomplete Hw', 0, 0, NULL),
(1737, 244, 474, '', '2025-07-23 11:35:37', '', 0, 0, NULL),
(1738, 209, 474, '', '2025-07-23 11:35:37', 'Half hw shown student have not attended that particular class offline', 0, 0, NULL),
(1739, 339, 189, '', '2025-07-23 11:35:37', '', 0, 0, NULL),
(1740, 276, 189, '', '2025-07-23 11:35:37', 'Incomplete HW.', 0, 0, NULL),
(1741, 210, 189, '', '2025-07-23 11:35:37', 'Good HW, just badminton need to be more careful in sketching. As here badminton and stick look broken.', 0, 1, NULL),
(1742, 340, 320, '', '2025-07-23 11:35:37', 'Very good', 1, 0, NULL),
(1743, 338, 474, '', '2025-07-23 11:54:13', 'Very neat awesome', 0, 1, NULL),
(1744, 275, 474, '', '2025-07-23 11:54:13', 'Incomplete Hw', 0, 0, NULL),
(1745, 244, 474, '', '2025-07-23 11:54:13', '', 0, 0, NULL),
(1746, 209, 474, '', '2025-07-23 11:54:13', 'Half hw shown student have not attended that particular class offline', 0, 0, NULL),
(1747, 339, 189, '', '2025-07-23 11:54:13', 'Very good , keep this flow continuing', 1, 1, NULL),
(1748, 276, 189, '', '2025-07-23 11:54:13', 'Incomplete HW.', 0, 0, NULL),
(1749, 210, 189, '', '2025-07-23 11:54:13', 'Good HW, just badminton need to be more careful in sketching. As here badminton and stick look broken.', 0, 1, NULL),
(1750, 340, 320, '', '2025-07-23 11:54:13', 'Very good', 1, 0, NULL),
(1751, 344, 181, 'uploads/homework/181_344_1753340174.jpeg', '2025-07-24 06:56:14', NULL, 0, 0, NULL),
(1752, 339, 189, 'uploads/homework/189_339_1753359040.jpg', '2025-07-24 12:10:40', NULL, 0, 0, NULL),
(1753, 338, 474, 'uploads/homework/474_338_1753359155.jpg', '2025-07-24 12:12:35', NULL, 0, 0, NULL),
(1754, 411, 205, 'uploads/homework/205_411_1753363625.jpg', '2025-07-24 13:27:05', NULL, 0, 0, NULL),
(1755, 361, 201, 'uploads/homework/201_361_1753363772.jpg', '2025-07-24 13:29:32', NULL, 0, 0, NULL),
(1756, 385, 501, '', '2025-07-25 04:16:02', '', 0, 0, NULL),
(1757, 342, 187, '', '2025-07-25 04:16:02', '', 0, 0, NULL),
(1758, 283, 187, '', '2025-07-25 04:16:02', 'Not done.', 0, 0, NULL),
(1759, 247, 187, '', '2025-07-25 04:16:02', 'Not submitted', 0, 0, NULL),
(1760, 387, 476, '', '2025-07-25 04:16:02', '', 0, 0, NULL),
(1761, 241, 476, '', '2025-07-25 04:16:02', '', 0, 1, NULL),
(1762, 392, 473, '', '2025-07-25 04:16:02', '', 0, 0, NULL),
(1763, 368, 473, '', '2025-07-25 04:16:02', '', 0, 0, NULL),
(1764, 242, 473, '', '2025-07-25 04:16:02', 'wow great HW.', 1, 1, NULL),
(1765, 361, 201, '', '2025-07-25 04:16:02', 'well done Extremely  happy to see great HW\'s', 0, 0, NULL),
(1766, 309, 201, '', '2025-07-25 04:16:02', '', 0, 1, NULL),
(1767, 262, 201, '', '2025-07-25 04:16:02', '', 0, 1, NULL),
(1768, 422, 475, '', '2025-07-25 04:16:02', '', 0, 0, NULL),
(1769, 335, 475, '', '2025-07-25 04:16:02', '', 0, 0, NULL),
(1770, 232, 475, '', '2025-07-25 04:16:02', 'very good ananya keep it up', 0, 1, NULL),
(1771, 389, 197, '', '2025-07-25 04:16:02', '', 0, 0, NULL),
(1772, 369, 197, '', '2025-07-25 04:16:02', '', 0, 0, NULL),
(1773, 302, 197, '', '2025-07-25 04:16:02', 'Not submitted', 0, 0, NULL),
(1774, 265, 197, '', '2025-07-25 04:16:02', 'Can\'t do because of exams', 0, 0, NULL),
(1775, 341, 185, '', '2025-07-25 04:16:02', '', 0, 0, NULL),
(1776, 282, 185, '', '2025-07-25 04:16:02', '', 0, 1, NULL),
(1777, 246, 185, '', '2025-07-25 04:16:02', 'Drawing part could be better, looks like he is done in hurry', 0, 0, NULL),
(1778, 362, 200, '', '2025-07-25 04:16:02', '', 0, 0, NULL),
(1779, 308, 200, '', '2025-07-25 04:16:02', 'Shading need to be improved', 0, 1, NULL),
(1780, 261, 200, '', '2025-07-25 04:16:02', '', 0, 0, NULL),
(1781, 401, 449, '', '2025-07-25 04:16:02', '', 0, 0, NULL),
(1782, 323, 449, '', '2025-07-25 04:16:02', '', 0, 1, NULL),
(1783, 222, 449, '', '2025-07-25 04:16:02', '', 0, 0, NULL),
(1784, 391, 452, '', '2025-07-25 04:16:02', '', 0, 0, NULL),
(1785, 370, 452, '', '2025-07-25 04:16:02', '', 0, 0, NULL),
(1786, 337, 452, '', '2025-07-25 04:16:02', '', 0, 0, NULL),
(1787, 234, 452, '', '2025-07-25 04:16:02', '', 0, 0, NULL),
(1788, 297, 479, '', '2025-07-25 04:16:02', 'Hw not submitted, irregular HW would slow down the progress.', 0, 0, NULL),
(1789, 269, 479, '', '2025-07-25 04:16:02', 'Not done', 0, 0, NULL),
(1790, 386, 472, '', '2025-07-25 04:16:02', '', 0, 0, NULL),
(1791, 415, 472, '', '2025-07-25 04:16:02', '', 0, 0, NULL),
(1792, 280, 472, '', '2025-07-25 04:16:02', 'Good hw , drawing need to be more bigger.', 0, 1, NULL),
(1793, 239, 472, '', '2025-07-25 04:16:02', '', 0, 1, NULL),
(1794, 413, 453, '', '2025-07-25 04:16:02', '', 0, 0, NULL),
(1795, 330, 453, '', '2025-07-25 04:16:02', '', 0, 0, NULL),
(1796, 227, 453, '', '2025-07-25 04:16:02', '', 0, 1, NULL),
(1797, 402, 454, '', '2025-07-25 04:16:02', '', 0, 0, NULL),
(1798, 324, 454, '', '2025-07-25 04:16:02', '', 0, 1, NULL),
(1799, 223, 454, '', '2025-07-25 04:16:02', '', 0, 1, NULL),
(1800, 423, 483, '', '2025-07-25 04:16:02', '', 0, 0, NULL),
(1801, 336, 483, '', '2025-07-25 04:16:02', '', 0, 0, NULL),
(1802, 233, 483, '', '2025-07-25 04:16:02', '', 0, 0, NULL),
(1803, 393, 477, '', '2025-07-25 04:16:02', '', 0, 0, NULL),
(1804, 371, 477, '', '2025-07-25 04:16:02', '', 0, 0, NULL),
(1805, 299, 477, '', '2025-07-25 04:16:02', 'Not submitted, student lacks confidence in classes.', 0, 0, NULL),
(1806, 271, 477, '', '2025-07-25 04:16:02', 'Not submitted', 0, 0, NULL),
(1807, 395, 456, '', '2025-07-25 04:16:02', '', 0, 0, NULL),
(1808, 316, 456, '', '2025-07-25 04:16:02', '', 0, 1, NULL),
(1809, 216, 456, '', '2025-07-25 04:16:02', '', 0, 1, NULL),
(1810, 295, 481, '', '2025-07-25 04:16:02', '', 0, 1, NULL),
(1811, 267, 481, '', '2025-07-25 04:16:02', 'Not submitted', 0, 0, NULL),
(1812, 363, 199, '', '2025-07-25 04:16:02', '', 0, 0, NULL),
(1813, 307, 199, '', '2025-07-25 04:16:02', 'Need to do shading more patience', 0, 1, NULL),
(1814, 260, 199, '', '2025-07-25 04:16:02', 'Feedback from students my mother is out of town can\'t do HW.', 0, 0, NULL),
(1815, 296, 478, '', '2025-07-25 04:16:02', 'Hw not submitted, irregular HW would make them less confident', 0, 0, NULL),
(1816, 268, 478, '', '2025-07-25 04:16:02', '', 0, 0, NULL),
(1817, 388, 194, '', '2025-07-25 04:16:02', '', 0, 0, NULL),
(1818, 372, 194, '', '2025-07-25 04:16:02', '', 0, 0, NULL),
(1819, 301, 194, '', '2025-07-25 04:16:02', '', 0, 0, NULL),
(1820, 264, 194, '', '2025-07-25 04:16:02', 'Not able to find the HW', 0, 0, NULL),
(1821, 419, 457, '', '2025-07-25 04:16:02', '', 0, 0, NULL),
(1822, 332, 457, '', '2025-07-25 04:16:02', '', 0, 0, NULL),
(1823, 229, 457, '', '2025-07-25 04:16:02', '', 0, 0, NULL),
(1824, 414, 459, '', '2025-07-25 04:16:02', '', 0, 0, NULL),
(1825, 331, 459, '', '2025-07-25 04:16:02', '', 0, 0, NULL),
(1826, 228, 459, '', '2025-07-25 04:16:02', '', 0, 0, NULL),
(1827, 364, 196, '', '2025-07-25 04:16:02', '', 0, 0, NULL),
(1828, 305, 196, '', '2025-07-25 04:16:02', '', 0, 1, NULL),
(1829, 258, 196, '', '2025-07-25 04:16:02', '', 0, 0, NULL),
(1830, 382, 468, '', '2025-07-25 04:16:02', '', 0, 0, NULL),
(1831, 237, 468, '', '2025-07-25 04:16:02', 'Good work after a while we found his HW , but make sure he does the same HW as CW', 0, 1, NULL),
(1832, 406, 489, '', '2025-07-25 04:16:02', '', 0, 0, NULL),
(1833, 328, 489, '', '2025-07-25 04:16:02', '', 0, 0, NULL),
(1834, 378, 469, '', '2025-07-25 04:16:02', '', 0, 0, NULL),
(1835, 235, 469, '', '2025-07-25 04:16:02', '', 0, 0, NULL),
(1836, 405, 488, '', '2025-07-25 04:16:02', '', 0, 0, NULL),
(1837, 327, 488, '', '2025-07-25 04:16:02', '', 0, 0, NULL),
(1838, 226, 488, '', '2025-07-25 04:16:02', '', 0, 0, NULL),
(1839, 412, 451, '', '2025-07-25 04:16:02', '', 0, 0, NULL),
(1840, 358, 451, '', '2025-07-25 04:16:02', '', 0, 0, NULL),
(1841, 313, 451, '', '2025-07-25 04:16:02', 'Very good hw, keep it up.', 0, 1, NULL),
(1842, 279, 451, '', '2025-07-25 04:16:02', '', 0, 0, NULL),
(1843, 256, 451, '', '2025-07-25 04:16:02', 'Did the wrong drawing hw and have not followed proper directions for the coloring.Re-do the correct hw assigned.', 0, 1, NULL),
(1844, 357, 450, '', '2025-07-25 04:16:02', '', 0, 0, NULL),
(1845, 314, 450, '', '2025-07-25 04:16:02', 'Very good pls always complete the background coloring.', 0, 1, NULL),
(1846, 253, 450, '', '2025-07-25 04:16:02', '', 0, 0, NULL),
(1847, 407, 500, '', '2025-07-25 04:16:02', '', 0, 0, NULL),
(1848, 329, 500, '', '2025-07-25 04:16:02', '', 0, 0, NULL),
(1852, 381, 498, '', '2025-07-25 04:16:02', '', 0, 0, NULL),
(1853, 396, 461, '', '2025-07-25 04:16:02', '', 0, 0, NULL),
(1854, 317, 461, '', '2025-07-25 04:16:02', '', 0, 0, NULL),
(1855, 217, 461, '', '2025-07-25 04:16:02', '', 0, 0, NULL),
(1856, 424, 491, '', '2025-07-25 04:16:02', '', 0, 0, NULL),
(1857, 375, 491, '', '2025-07-25 04:16:02', '', 0, 0, NULL),
(1858, 350, 491, '', '2025-07-25 04:16:02', '', 0, 0, NULL),
(1859, 300, 491, '', '2025-07-25 04:16:02', '', 0, 0, NULL),
(1860, 383, 471, '', '2025-07-25 04:16:02', '', 0, 0, NULL),
(1861, 238, 471, '', '2025-07-25 04:16:02', '', 0, 0, NULL),
(1862, 420, 462, '', '2025-07-25 04:16:02', '', 0, 0, NULL),
(1863, 333, 462, '', '2025-07-25 04:16:02', '', 5, 1, NULL),
(1864, 230, 462, '', '2025-07-25 04:16:02', '', 0, 0, NULL),
(1865, 377, 493, '', '2025-07-25 04:16:02', '', 0, 0, NULL),
(1866, 291, 493, '', '2025-07-25 04:16:02', '', 0, 0, NULL),
(1867, 294, 494, '', '2025-07-25 04:16:02', '', 0, 0, NULL),
(1868, 365, 487, '', '2025-07-25 04:16:02', '', 0, 0, NULL),
(1869, 310, 487, '', '2025-07-25 04:16:02', '', 0, 0, NULL),
(1870, 263, 487, '', '2025-07-25 04:16:02', '', 0, 0, NULL),
(1871, 399, 486, '', '2025-07-25 04:16:02', '', 0, 0, NULL),
(1872, 321, 486, '', '2025-07-25 04:16:02', 'Good keep it up', 0, 1, NULL),
(1873, 221, 486, '', '2025-07-25 04:16:02', '', 0, 1, NULL),
(1874, 417, 178, '', '2025-07-25 04:16:02', '', 0, 0, NULL),
(1875, 343, 178, '', '2025-07-25 04:16:02', '', 0, 0, NULL),
(1876, 298, 480, '', '2025-07-25 04:16:02', 'Hw not submitted. Be regular', 0, 0, NULL),
(1877, 270, 480, '', '2025-07-25 04:16:02', '', 0, 1, NULL),
(1878, 425, 474, '', '2025-07-25 04:16:02', '', 0, 0, NULL),
(1879, 338, 474, '', '2025-07-25 04:16:02', '', 0, 0, NULL),
(1880, 275, 474, '', '2025-07-25 04:16:02', 'Incomplete Hw', 0, 0, NULL),
(1881, 244, 474, '', '2025-07-25 04:16:02', '', 0, 0, NULL),
(1882, 209, 474, '', '2025-07-25 04:16:02', 'Half hw shown student have not attended that particular class offline', 0, 0, NULL),
(1883, 397, 463, '', '2025-07-25 04:16:02', '', 0, 0, NULL),
(1884, 318, 463, '', '2025-07-25 04:16:02', '', 0, 0, NULL),
(1885, 218, 463, '', '2025-07-25 04:16:02', '', 0, 0, NULL),
(1886, 366, 195, '', '2025-07-25 04:16:02', '', 0, 0, NULL),
(1887, 304, 195, '', '2025-07-25 04:16:02', '', 0, 0, NULL),
(1888, 257, 195, '', '2025-07-25 04:16:02', '', 0, 0, NULL),
(1889, 379, 470, '', '2025-07-25 04:16:02', '', 0, 0, NULL),
(1890, 236, 470, '', '2025-07-25 04:16:02', 'Homework not done.', 0, 0, NULL),
(1891, 408, 464, '', '2025-07-25 04:16:02', '', 0, 0, NULL),
(1892, 400, 490, '', '2025-07-25 04:16:02', '', 0, 0, NULL),
(1893, 322, 490, '', '2025-07-25 04:16:02', '', 0, 0, NULL),
(1894, 380, 497, '', '2025-07-25 04:16:02', '', 0, 0, NULL),
(1895, 351, 182, '', '2025-07-25 04:16:02', '', 0, 0, NULL),
(1896, 349, 182, '', '2025-07-25 04:16:02', '', 0, 0, NULL),
(1897, 288, 182, '', '2025-07-25 04:16:02', '', 0, 0, NULL),
(1898, 274, 182, '', '2025-07-25 04:16:02', '', 0, 0, NULL),
(1899, 384, 499, '', '2025-07-25 04:16:02', '', 0, 0, NULL),
(1900, 394, 485, '', '2025-07-25 04:16:02', '', 0, 0, NULL),
(1901, 373, 485, '', '2025-07-25 04:16:02', '', 0, 0, NULL),
(1902, 293, 485, '', '2025-07-25 04:16:02', 'HW not submitted', 0, 0, NULL),
(1903, 272, 485, '', '2025-07-25 04:16:02', 'HW not submitted', 0, 0, NULL),
(1904, 409, 189, '', '2025-07-25 04:16:02', '', 0, 0, NULL),
(1905, 339, 189, '', '2025-07-25 04:16:02', '', 0, 0, NULL),
(1906, 276, 189, '', '2025-07-25 04:16:02', 'Incomplete HW.', 0, 0, NULL),
(1907, 210, 189, '', '2025-07-25 04:16:02', 'Good HW, just badminton need to be more careful in sketching. As here badminton and stick look broken.', 0, 1, NULL),
(1908, 410, 204, '', '2025-07-25 04:16:02', '', 0, 0, NULL),
(1909, 359, 204, '', '2025-07-25 04:16:02', '', 0, 0, NULL),
(1910, 311, 204, '', '2025-07-25 04:16:02', '', 0, 0, NULL),
(1911, 277, 204, '', '2025-07-25 04:16:02', '', 0, 0, NULL),
(1912, 254, 204, '', '2025-07-25 04:16:02', '', 0, 0, NULL),
(1913, 376, 495, '', '2025-07-25 04:16:02', '', 0, 0, NULL),
(1914, 292, 495, '', '2025-07-25 04:16:02', '', 0, 0, NULL),
(1915, 418, 181, '', '2025-07-25 04:16:02', '', 0, 0, NULL),
(1916, 344, 181, '', '2025-07-25 04:16:02', '', 0, 0, NULL),
(1917, 352, 183, '', '2025-07-25 04:16:02', '', 0, 0, NULL),
(1918, 347, 183, '', '2025-07-25 04:16:02', '', 0, 0, NULL),
(1919, 286, 183, '', '2025-07-25 04:16:02', 'Keep it up', 0, 1, NULL),
(1920, 250, 183, '', '2025-07-25 04:16:02', '', 0, 1, NULL),
(1921, 411, 205, '', '2025-07-25 04:16:02', '', 0, 0, NULL),
(1922, 360, 205, '', '2025-07-25 04:16:02', '', 0, 0, NULL),
(1923, 312, 205, '', '2025-07-25 04:16:02', '', 0, 1, NULL),
(1924, 278, 205, '', '2025-07-25 04:16:02', '', 0, 0, NULL),
(1925, 255, 205, '', '2025-07-25 04:16:02', '', 0, 1, NULL),
(1926, 390, 202, '', '2025-07-25 04:16:02', '', 0, 0, NULL),
(1927, 374, 202, '', '2025-07-25 04:16:02', '', 0, 0, NULL),
(1928, 303, 202, '', '2025-07-25 04:16:02', '', 0, 0, NULL),
(1929, 266, 202, '', '2025-07-25 04:16:02', '', 0, 1, NULL),
(1930, 404, 465, '', '2025-07-25 04:16:02', '', 0, 0, NULL),
(1931, 326, 465, '', '2025-07-25 04:16:02', '', 0, 0, NULL),
(1932, 225, 465, '', '2025-07-25 04:16:02', '', 0, 0, NULL),
(1933, 416, 320, '', '2025-07-25 04:16:02', '', 0, 0, NULL),
(1934, 340, 320, '', '2025-07-25 04:16:02', 'Very good', 1, 0, NULL),
(1935, 421, 466, '', '2025-07-25 04:16:02', '', 0, 0, NULL),
(1936, 334, 466, '', '2025-07-25 04:16:02', '', 0, 0, NULL),
(1937, 231, 466, '', '2025-07-25 04:16:02', '', 0, 0, NULL),
(1938, 367, 198, '', '2025-07-25 04:16:02', '', 0, 0, NULL),
(1939, 306, 198, '', '2025-07-25 04:16:02', 'The student didnt got the homework in portal', 0, 0, NULL),
(1940, 259, 198, '', '2025-07-25 04:16:02', '', 0, 1, NULL),
(1941, 398, 467, '', '2025-07-25 04:16:02', '', 0, 0, NULL),
(1942, 320, 467, '', '2025-07-25 04:16:02', '', 0, 0, NULL),
(1943, 220, 467, '', '2025-07-25 04:16:02', '', 0, 0, NULL),
(1944, 357, 450, 'uploads/homework/450_357_1753432244.jpg', '2025-07-25 08:30:44', NULL, 0, 0, NULL),
(1945, 361, 201, '', '2025-07-25 11:46:58', 'well done Extremely  happy to see great HW\'s', 0, 0, NULL),
(1946, 309, 201, '', '2025-07-25 11:46:58', '', 0, 1, NULL),
(1947, 262, 201, '', '2025-07-25 11:46:58', '', 0, 1, NULL),
(1948, 389, 197, '', '2025-07-25 11:46:58', '', 0, 0, NULL),
(1949, 369, 197, '', '2025-07-25 11:46:58', '', 0, 0, NULL),
(1950, 302, 197, '', '2025-07-25 11:46:58', 'Not submitted', 0, 0, NULL),
(1951, 265, 197, '', '2025-07-25 11:46:58', 'Can\'t do because of exams', 0, 0, NULL),
(1952, 362, 200, '', '2025-07-25 11:46:58', '', 0, 0, NULL),
(1953, 308, 200, '', '2025-07-25 11:46:58', 'Shading need to be improved', 0, 1, NULL),
(1954, 261, 200, '', '2025-07-25 11:46:58', '', 0, 0, NULL),
(1955, 363, 199, '', '2025-07-25 11:46:58', '', 0, 0, NULL),
(1956, 307, 199, '', '2025-07-25 11:46:58', 'Need to do shading more patience', 0, 1, NULL),
(1957, 260, 199, '', '2025-07-25 11:46:58', 'Feedback from students my mother is out of town can\'t do HW.', 0, 0, NULL),
(1958, 388, 194, '', '2025-07-25 11:46:58', '', 0, 0, NULL),
(1959, 372, 194, '', '2025-07-25 11:46:58', '', 0, 0, NULL),
(1960, 301, 194, '', '2025-07-25 11:46:58', '', 0, 0, NULL),
(1961, 264, 194, '', '2025-07-25 11:46:58', 'Not able to find the HW', 0, 0, NULL),
(1962, 364, 196, '', '2025-07-25 11:46:58', '', 0, 0, NULL),
(1963, 305, 196, '', '2025-07-25 11:46:58', '', 0, 1, NULL),
(1964, 258, 196, '', '2025-07-25 11:46:58', '', 0, 0, NULL),
(1965, 412, 451, '', '2025-07-25 11:46:58', '', 0, 0, NULL),
(1966, 358, 451, '', '2025-07-25 11:46:58', 'Very good', 0, 1, NULL),
(1967, 313, 451, '', '2025-07-25 11:46:58', 'Very good hw, keep it up.', 0, 1, NULL),
(1968, 279, 451, '', '2025-07-25 11:46:58', '', 0, 0, NULL),
(1969, 256, 451, '', '2025-07-25 11:46:58', 'Did the wrong drawing hw and have not followed proper directions for the coloring.Re-do the correct hw assigned.', 0, 1, NULL),
(1970, 357, 450, '', '2025-07-25 11:46:58', 'Good,always color the background as well', 0, 1, NULL),
(1971, 314, 450, '', '2025-07-25 11:46:58', 'Very good pls always complete the background coloring.', 0, 1, NULL),
(1972, 253, 450, '', '2025-07-25 11:46:58', '', 0, 0, NULL),
(1973, 424, 491, '', '2025-07-25 11:46:58', '', 0, 0, NULL),
(1974, 375, 491, '', '2025-07-25 11:46:58', '', 0, 0, NULL),
(1975, 350, 491, '', '2025-07-25 11:46:58', '', 0, 0, NULL),
(1976, 300, 491, '', '2025-07-25 11:46:58', '', 0, 0, NULL),
(1977, 365, 487, '', '2025-07-25 11:46:58', '', 0, 0, NULL),
(1978, 310, 487, '', '2025-07-25 11:46:58', '', 0, 0, NULL),
(1979, 263, 487, '', '2025-07-25 11:46:58', '', 0, 0, NULL),
(1980, 366, 195, '', '2025-07-25 11:46:58', '', 0, 0, NULL),
(1981, 304, 195, '', '2025-07-25 11:46:58', '', 0, 0, NULL),
(1982, 257, 195, '', '2025-07-25 11:46:58', '', 0, 0, NULL),
(1983, 410, 204, '', '2025-07-25 11:46:58', '', 0, 0, NULL),
(1984, 359, 204, '', '2025-07-25 11:46:58', 'Due to exams not able to do.', 0, 0, NULL),
(1985, 311, 204, '', '2025-07-25 11:46:58', '', 0, 0, NULL),
(1986, 277, 204, '', '2025-07-25 11:46:58', '', 0, 0, NULL),
(1987, 254, 204, '', '2025-07-25 11:46:58', '', 0, 0, NULL),
(1988, 411, 205, '', '2025-07-25 11:46:58', 'Very good', 0, 0, NULL),
(1989, 360, 205, '', '2025-07-25 11:46:58', '', 0, 0, NULL),
(1990, 312, 205, '', '2025-07-25 11:46:58', '', 0, 1, NULL),
(1991, 278, 205, '', '2025-07-25 11:46:58', '', 0, 0, NULL),
(1992, 255, 205, '', '2025-07-25 11:46:58', '', 0, 1, NULL),
(1993, 390, 202, '', '2025-07-25 11:46:58', '', 0, 0, NULL),
(1994, 374, 202, '', '2025-07-25 11:46:58', '', 0, 0, NULL),
(1995, 303, 202, '', '2025-07-25 11:46:58', '', 0, 0, NULL),
(1996, 266, 202, '', '2025-07-25 11:46:58', '', 0, 1, NULL),
(1997, 367, 198, '', '2025-07-25 11:46:58', '', 0, 0, NULL),
(1998, 306, 198, '', '2025-07-25 11:46:58', 'The student didnt got the homework in portal', 0, 0, NULL),
(1999, 259, 198, '', '2025-07-25 11:46:58', '', 0, 1, NULL),
(2000, 361, 201, '', '2025-07-25 12:54:51', 'well done Extremely  happy to see great HW\'s', 0, 0, NULL),
(2001, 309, 201, '', '2025-07-25 12:54:51', '', 0, 1, NULL),
(2002, 262, 201, '', '2025-07-25 12:54:51', '', 0, 1, NULL),
(2003, 362, 200, '', '2025-07-25 12:54:51', '', 0, 0, NULL),
(2004, 308, 200, '', '2025-07-25 12:54:51', 'Shading need to be improved', 0, 1, NULL),
(2005, 261, 200, '', '2025-07-25 12:54:51', '', 0, 0, NULL),
(2006, 363, 199, '', '2025-07-25 12:54:51', 'Student said dont have time to do the homework.', 0, 0, NULL),
(2007, 307, 199, '', '2025-07-25 12:54:51', 'Need to do shading more patience', 0, 1, NULL),
(2008, 260, 199, '', '2025-07-25 12:54:51', 'Feedback from students my mother is out of town can\'t do HW.', 0, 0, NULL),
(2009, 364, 196, '', '2025-07-25 12:54:51', 'Homework not done', 0, 0, NULL),
(2010, 305, 196, '', '2025-07-25 12:54:51', '', 0, 1, NULL),
(2011, 258, 196, '', '2025-07-25 12:54:51', '', 0, 0, NULL),
(2012, 365, 487, '', '2025-07-25 12:54:51', '', 0, 0, NULL),
(2013, 310, 487, '', '2025-07-25 12:54:51', '', 0, 0, NULL),
(2014, 263, 487, '', '2025-07-25 12:54:51', '', 0, 0, NULL),
(2015, 366, 195, '', '2025-07-25 12:54:51', '', 0, 0, NULL),
(2016, 304, 195, '', '2025-07-25 12:54:51', '', 0, 0, NULL),
(2017, 257, 195, '', '2025-07-25 12:54:51', '', 0, 0, NULL),
(2018, 367, 198, '', '2025-07-25 12:54:51', '', 0, 0, NULL),
(2019, 306, 198, '', '2025-07-25 12:54:51', 'The student didnt got the homework in portal', 0, 0, NULL),
(2020, 259, 198, '', '2025-07-25 12:54:51', '', 0, 1, NULL),
(2021, 385, 501, 'uploads/homework/501_385_1753456988.jpeg', '2025-07-25 15:23:08', NULL, 0, 0, NULL),
(2022, 379, 470, 'uploads/homework/470_379_1753461073.jpeg', '2025-07-25 16:31:13', NULL, 0, 0, NULL),
(2023, 428, 198, 'uploads/homework/198_428_1753500346.jpg', '2025-07-26 03:25:46', NULL, 0, 0, NULL),
(2024, 415, 472, 'uploads/homework/472_415_1753500845.jpg', '2025-07-26 03:34:05', NULL, 0, 0, NULL),
(2025, 385, 501, '', '2025-07-26 05:39:37', 'Very good,neat coloring.', 2, 0, NULL),
(2026, 387, 476, '', '2025-07-26 05:39:37', '', 0, 0, NULL),
(2027, 241, 476, '', '2025-07-26 05:39:37', '', 0, 1, NULL),
(2028, 392, 473, '', '2025-07-26 05:39:37', '', 0, 0, NULL),
(2029, 368, 473, '', '2025-07-26 05:39:37', '', 0, 0, NULL),
(2030, 242, 473, '', '2025-07-26 05:39:37', 'wow great HW.', 1, 1, NULL),
(2031, 386, 472, '', '2025-07-26 05:39:37', '', 0, 0, NULL),
(2032, 415, 472, '', '2025-07-26 05:39:37', '', 0, 0, NULL),
(2033, 280, 472, '', '2025-07-26 05:39:37', 'Good hw , drawing need to be more bigger.', 0, 1, NULL),
(2034, 239, 472, '', '2025-07-26 05:39:37', '', 0, 1, NULL),
(2035, 382, 468, '', '2025-07-26 05:39:37', '', 0, 0, NULL),
(2036, 237, 468, '', '2025-07-26 05:39:37', 'Good work after a while we found his HW , but make sure he does the same HW as CW', 0, 1, NULL),
(2037, 378, 469, '', '2025-07-26 05:39:37', '', 0, 0, NULL),
(2038, 235, 469, '', '2025-07-26 05:39:37', '', 0, 0, NULL),
(2039, 381, 498, '', '2025-07-26 05:39:37', '', 0, 0, NULL),
(2040, 383, 471, '', '2025-07-26 05:39:37', '', 0, 0, NULL),
(2041, 238, 471, '', '2025-07-26 05:39:37', '', 0, 0, NULL),
(2042, 379, 470, '', '2025-07-26 05:39:37', 'Good,need to follow proper direction.', 1, 0, NULL),
(2043, 236, 470, '', '2025-07-26 05:39:37', 'Homework not done.', 0, 0, NULL),
(2044, 380, 497, '', '2025-07-26 05:39:37', '', 0, 0, NULL),
(2045, 384, 499, '', '2025-07-26 05:39:37', '', 0, 0, NULL),
(2046, 399, 486, 'uploads/homework/486_399_1753523066.jpeg', '2025-07-26 09:44:26', NULL, 0, 0, NULL),
(2047, 420, 462, 'uploads/homework/462_420_1753552511.jpg', '2025-07-26 17:55:11', NULL, 0, 0, NULL),
(2048, 391, 452, 'uploads/homework/452_391_1753553653.jpg', '2025-07-26 18:14:13', NULL, 0, 0, NULL),
(2049, 395, 456, '', '2025-07-27 03:45:37', '', 0, 0, NULL),
(2050, 316, 456, '', '2025-07-27 03:45:37', '', 0, 1, NULL),
(2051, 216, 456, '', '2025-07-27 03:45:37', '', 0, 1, NULL),
(2052, 396, 461, '', '2025-07-27 03:45:37', '', 0, 0, NULL),
(2053, 317, 461, '', '2025-07-27 03:45:37', '', 0, 0, NULL),
(2054, 217, 461, '', '2025-07-27 03:45:37', '', 0, 0, NULL),
(2055, 399, 486, '', '2025-07-27 03:45:37', 'Very good,neat coloring', 3, 0, NULL),
(2056, 321, 486, '', '2025-07-27 03:45:37', 'Good keep it up', 0, 1, NULL),
(2057, 221, 486, '', '2025-07-27 03:45:37', '', 0, 1, NULL),
(2058, 397, 463, '', '2025-07-27 03:45:37', '', 0, 0, NULL),
(2059, 318, 463, '', '2025-07-27 03:45:37', 'Very good keep it up', 3, 0, NULL),
(2060, 218, 463, '', '2025-07-27 03:45:37', '', 0, 0, NULL),
(2061, 400, 490, '', '2025-07-27 03:45:37', '', 0, 0, NULL),
(2062, 322, 490, '', '2025-07-27 03:45:37', '', 0, 0, NULL),
(2063, 398, 467, '', '2025-07-27 03:45:37', '', 0, 0, NULL),
(2064, 320, 467, '', '2025-07-27 03:45:37', '', 0, 0, NULL),
(2065, 220, 467, '', '2025-07-27 03:45:37', '', 0, 0, NULL),
(2066, 419, 457, 'uploads/homework/457_419_1753592426.jpeg', '2025-07-27 05:00:26', NULL, 0, 0, NULL),
(2067, 455, 474, '', '2025-07-30 11:41:54', '', 0, 0, NULL),
(2068, 425, 474, '', '2025-07-30 11:41:54', 'Hw not done', 0, 0, NULL),
(2069, 338, 474, '', '2025-07-30 11:41:54', '', 0, 0, NULL),
(2070, 275, 474, '', '2025-07-30 11:41:54', 'Incomplete Hw', 0, 0, NULL),
(2071, 244, 474, '', '2025-07-30 11:41:54', '', 0, 0, NULL),
(2072, 209, 474, '', '2025-07-30 11:41:54', 'Half hw shown student have not attended that particular class offline', 0, 0, NULL),
(2073, 464, 189, '', '2025-07-30 11:41:54', '', 0, 0, NULL),
(2074, 409, 189, '', '2025-07-30 11:41:54', 'Homework not done needs to be regular with hw', 0, 0, NULL),
(2075, 339, 189, '', '2025-07-30 11:41:54', 'Excellent work', 0, 1, NULL),
(2076, 276, 189, '', '2025-07-30 11:41:54', 'Incomplete HW.', 0, 0, NULL),
(2077, 210, 189, '', '2025-07-30 11:41:54', 'Good HW, just badminton need to be more careful in sketching. As here badminton and stick look broken.', 0, 1, NULL),
(2078, 471, 320, '', '2025-07-30 11:41:54', '', 0, 0, NULL),
(2079, 416, 320, '', '2025-07-30 11:41:54', 'Keep it up.', 0, 0, NULL),
(2080, 340, 320, '', '2025-07-30 11:41:54', 'Very good', 1, 0, NULL),
(2081, 436, 183, 'uploads/homework/183_436_1753959849.jpg', '2025-07-31 11:04:09', NULL, 0, 0, NULL),
(2082, 472, 178, '', '2025-07-31 11:39:10', '', 0, 0, NULL),
(2083, 417, 178, '', '2025-07-31 11:39:10', '', 0, 0, NULL),
(2084, 343, 178, '', '2025-07-31 11:39:10', '', 0, 0, NULL),
(2085, 473, 181, '', '2025-07-31 11:39:10', '', 0, 0, NULL),
(2086, 418, 181, '', '2025-07-31 11:39:10', 'Very good,keep it up', 3, 1, NULL),
(2087, 344, 181, '', '2025-07-31 11:39:10', '', 0, 0, NULL),
(2088, 427, 196, 'uploads/homework/196_427_1754036794.jpg', '2025-08-01 08:26:34', NULL, 0, 0, NULL),
(2089, 462, 501, 'uploads/homework/501_462_1754060690.jpeg', '2025-08-01 15:04:50', NULL, 0, 0, NULL),
(2090, 462, 501, 'uploads/homework/501_462_1754060692.jpeg', '2025-08-01 15:04:52', NULL, 0, 0, NULL),
(2091, 440, 463, 'uploads/homework/463_440_1754127735.jpeg', '2025-08-02 09:42:15', NULL, 0, 0, NULL),
(2092, 444, 486, 'uploads/homework/486_444_1754145727.jpeg', '2025-08-02 14:42:07', NULL, 0, 0, NULL),
(2093, 435, 481, 'uploads/homework/481_435_1754146504.jpg', '2025-08-02 14:55:04', NULL, 0, 0, NULL),
(2094, 487, 480, 'uploads/homework/480_487_1754146870.jpg', '2025-08-02 15:01:10', NULL, 0, 0, NULL),
(2095, 485, 475, '', '2025-08-02 16:42:25', '', 0, 0, NULL),
(2096, 422, 475, '', '2025-08-02 16:42:25', '', 0, 0, NULL),
(2097, 335, 475, '', '2025-08-02 16:42:25', '', 0, 0, NULL),
(2098, 232, 475, '', '2025-08-02 16:42:25', 'very good ananya keep it up', 0, 1, NULL),
(2099, 449, 449, '', '2025-08-02 16:42:25', '', 0, 0, NULL),
(2100, 401, 449, '', '2025-08-02 16:42:25', '', 0, 0, NULL),
(2101, 323, 449, '', '2025-08-02 16:42:25', '', 0, 1, NULL),
(2102, 222, 449, '', '2025-08-02 16:42:25', '', 0, 0, NULL),
(2103, 391, 452, '', '2025-08-02 16:42:25', 'Awesome', 1, 1, NULL),
(2104, 370, 452, '', '2025-08-02 16:42:25', '', 0, 0, NULL),
(2105, 337, 452, '', '2025-08-02 16:42:25', '', 0, 0, NULL),
(2106, 234, 452, '', '2025-08-02 16:42:25', '', 0, 0, NULL),
(2107, 468, 453, '', '2025-08-02 16:42:25', '', 0, 0, NULL),
(2108, 413, 453, '', '2025-08-02 16:42:25', '', 0, 0, NULL),
(2109, 330, 453, '', '2025-08-02 16:42:25', '', 0, 0, NULL),
(2110, 227, 453, '', '2025-08-02 16:42:25', '', 0, 1, NULL),
(2111, 450, 454, '', '2025-08-02 16:42:25', '', 0, 0, NULL),
(2112, 402, 454, '', '2025-08-02 16:42:25', '', 0, 0, NULL),
(2113, 324, 454, '', '2025-08-02 16:42:25', '', 0, 1, NULL),
(2114, 223, 454, '', '2025-08-02 16:42:25', '', 0, 1, NULL),
(2115, 488, 483, '', '2025-08-02 16:42:25', '', 0, 0, NULL),
(2116, 423, 483, '', '2025-08-02 16:42:25', '', 0, 0, NULL),
(2117, 336, 483, '', '2025-08-02 16:42:25', '', 0, 0, NULL),
(2118, 233, 483, '', '2025-08-02 16:42:25', '', 0, 0, NULL),
(2119, 438, 456, '', '2025-08-02 16:42:25', '', 0, 0, NULL),
(2120, 395, 456, '', '2025-08-02 16:42:25', '', 0, 0, NULL),
(2121, 316, 456, '', '2025-08-02 16:42:25', '', 0, 1, NULL),
(2122, 216, 456, '', '2025-08-02 16:42:25', '', 0, 1, NULL),
(2123, 482, 457, '', '2025-08-02 16:42:25', '', 0, 0, NULL),
(2124, 419, 457, '', '2025-08-02 16:42:25', 'WOWW!! suppperrr', 0, 0, NULL),
(2125, 332, 457, '', '2025-08-02 16:42:25', '', 0, 0, NULL),
(2126, 229, 457, '', '2025-08-02 16:42:25', '', 0, 0, NULL),
(2127, 469, 459, '', '2025-08-02 16:42:25', '', 0, 0, NULL),
(2128, 414, 459, '', '2025-08-02 16:42:25', '', 0, 0, NULL),
(2129, 331, 459, '', '2025-08-02 16:42:25', '', 0, 0, NULL),
(2130, 228, 459, '', '2025-08-02 16:42:25', '', 0, 0, NULL),
(2131, 459, 489, '', '2025-08-02 16:42:25', '', 0, 0, NULL),
(2132, 406, 489, '', '2025-08-02 16:42:25', '', 0, 0, NULL),
(2133, 328, 489, '', '2025-08-02 16:42:25', '', 0, 0, NULL),
(2134, 458, 488, '', '2025-08-02 16:42:25', '', 0, 0, NULL),
(2135, 405, 488, '', '2025-08-02 16:42:25', '', 0, 0, NULL),
(2136, 327, 488, '', '2025-08-02 16:42:25', '', 0, 0, NULL),
(2137, 226, 488, '', '2025-08-02 16:42:25', '', 0, 0, NULL),
(2138, 461, 500, '', '2025-08-02 16:42:25', '', 0, 0, NULL),
(2139, 407, 500, '', '2025-08-02 16:42:25', '', 0, 0, NULL),
(2140, 329, 500, '', '2025-08-02 16:42:25', '', 0, 0, NULL),
(2145, 439, 461, '', '2025-08-02 16:42:25', '', 0, 0, NULL),
(2146, 396, 461, '', '2025-08-02 16:42:25', '', 0, 0, NULL),
(2147, 317, 461, '', '2025-08-02 16:42:25', '', 0, 0, NULL),
(2148, 217, 461, '', '2025-08-02 16:42:25', '', 0, 0, NULL),
(2149, 444, 486, '', '2025-08-02 16:42:25', 'Supper neat ..', 0, 1, NULL),
(2150, 399, 486, '', '2025-08-02 16:42:25', 'Very good,neat coloring', 3, 0, NULL),
(2151, 321, 486, '', '2025-08-02 16:42:25', 'Good keep it up', 0, 1, NULL),
(2152, 221, 486, '', '2025-08-02 16:42:25', '', 0, 1, NULL),
(2153, 440, 463, '', '2025-08-02 16:42:25', '', 0, 0, NULL),
(2154, 397, 463, '', '2025-08-02 16:42:25', '', 0, 0, NULL),
(2155, 318, 463, '', '2025-08-02 16:42:25', 'Very good keep it up', 3, 0, NULL),
(2156, 218, 463, '', '2025-08-02 16:42:25', '', 0, 0, NULL),
(2157, 463, 464, '', '2025-08-02 16:42:25', '', 0, 0, NULL),
(2158, 408, 464, '', '2025-08-02 16:42:25', '', 0, 0, NULL),
(2159, 445, 490, '', '2025-08-02 16:42:25', '', 0, 0, NULL),
(2160, 400, 490, '', '2025-08-02 16:42:25', '', 0, 0, NULL),
(2161, 322, 490, '', '2025-08-02 16:42:25', '', 0, 0, NULL),
(2162, 452, 465, '', '2025-08-02 16:42:25', '', 0, 0, NULL),
(2163, 404, 465, '', '2025-08-02 16:42:25', '', 0, 0, NULL),
(2164, 326, 465, '', '2025-08-02 16:42:25', '', 0, 0, NULL),
(2165, 225, 465, '', '2025-08-02 16:42:25', '', 0, 0, NULL),
(2166, 484, 466, '', '2025-08-02 16:42:25', '', 0, 0, NULL),
(2167, 421, 466, '', '2025-08-02 16:42:25', '', 0, 0, NULL),
(2168, 334, 466, '', '2025-08-02 16:42:25', '', 0, 0, NULL),
(2169, 231, 466, '', '2025-08-02 16:42:25', '', 0, 0, NULL),
(2170, 441, 467, '', '2025-08-02 16:42:25', '', 0, 0, NULL),
(2171, 398, 467, '', '2025-08-02 16:42:25', '', 0, 0, NULL),
(2172, 320, 467, '', '2025-08-02 16:42:25', '', 0, 0, NULL),
(2173, 220, 467, '', '2025-08-02 16:42:25', '', 0, 0, NULL),
(2174, 438, 456, '', '2025-08-03 03:51:25', '', 0, 0, NULL),
(2175, 395, 456, '', '2025-08-03 03:51:25', '', 0, 0, NULL),
(2176, 316, 456, '', '2025-08-03 03:51:25', '', 0, 1, NULL),
(2177, 216, 456, '', '2025-08-03 03:51:25', '', 0, 1, NULL),
(2178, 439, 461, '', '2025-08-03 03:51:25', '', 0, 0, NULL),
(2179, 396, 461, '', '2025-08-03 03:51:25', '', 0, 0, NULL),
(2180, 317, 461, '', '2025-08-03 03:51:25', '', 0, 0, NULL),
(2181, 217, 461, '', '2025-08-03 03:51:25', '', 0, 0, NULL),
(2182, 444, 486, '', '2025-08-03 03:51:25', 'Supper neat ..', 0, 1, NULL),
(2183, 399, 486, '', '2025-08-03 03:51:25', 'Very good,neat coloring', 3, 0, NULL),
(2184, 321, 486, '', '2025-08-03 03:51:25', 'Good keep it up', 0, 1, NULL),
(2185, 221, 486, '', '2025-08-03 03:51:25', '', 0, 1, NULL),
(2186, 440, 463, '', '2025-08-03 03:51:25', 'Wow neat coloring.keep it up', 3, 0, NULL),
(2187, 397, 463, '', '2025-08-03 03:51:25', '', 0, 0, NULL),
(2188, 318, 463, '', '2025-08-03 03:51:25', 'Very good keep it up', 3, 0, NULL),
(2189, 218, 463, '', '2025-08-03 03:51:25', '', 0, 0, NULL),
(2190, 445, 490, '', '2025-08-03 03:51:25', '', 0, 0, NULL),
(2191, 400, 490, '', '2025-08-03 03:51:25', '', 0, 0, NULL),
(2192, 322, 490, '', '2025-08-03 03:51:25', '', 0, 0, NULL),
(2193, 441, 467, '', '2025-08-03 03:51:25', '', 0, 0, NULL),
(2194, 398, 467, '', '2025-08-03 03:51:25', '', 0, 0, NULL),
(2195, 320, 467, '', '2025-08-03 03:51:25', '', 0, 0, NULL),
(2196, 220, 467, '', '2025-08-03 03:51:25', '', 0, 0, NULL),
(2197, 438, 456, 'uploads/homework/456_438_1754200060.jpeg', '2025-08-03 05:47:40', NULL, 0, 0, NULL);

-- --------------------------------------------------------

--
-- Table structure for table `notifications`
--

CREATE TABLE `notifications` (
  `id` int(11) NOT NULL,
  `student_id` int(11) NOT NULL,
  `title` varchar(150) NOT NULL,
  `message` text NOT NULL,
  `is_read` tinyint(1) NOT NULL DEFAULT 0,
  `created_at` datetime NOT NULL DEFAULT current_timestamp()
) ENGINE=InnoDB DEFAULT CHARSET=utf8mb4 COLLATE=utf8mb4_general_ci;

--
-- Dumping data for table `notifications`
--

INSERT INTO `notifications` (`id`, `student_id`, `title`, `message`, `is_read`, `created_at`) VALUES
(91, 148, 'Attendance Alert', 'You were marked *absent* on 2025-06-15.', 0, '2025-06-15 06:12:00'),
(92, 158, 'Attendance Alert', 'You were marked *absent* on 2025-06-15.', 0, '2025-06-15 06:12:00'),
(93, 149, 'Attendance Alert', 'You were marked *absent* on 2025-06-15.', 0, '2025-06-15 06:12:00'),
(94, 153, 'Attendance Alert', 'You were marked *absent* on 2025-06-15.', 0, '2025-06-15 06:12:00'),
(95, 160, 'Attendance Alert', 'You were marked *absent* on 2025-06-15.', 0, '2025-06-15 06:12:00'),
(97, 159, 'Attendance Update', 'You were marked *present* on 2025-06-15.', 0, '2025-06-15 06:21:34'),
(98, 154, 'Attendance Update', 'You were marked *present* on 2025-06-15.', 0, '2025-06-15 06:21:34'),
(100, 150, 'Attendance Update', 'You were marked *present* on 2025-06-15.', 0, '2025-06-15 06:21:34'),
(101, 156, 'Attendance Update', 'You were marked *present* on 2025-06-15.', 1, '2025-06-15 06:21:34'),
(102, 157, 'Attendance Update', 'You were marked *present* on 2025-06-15.', 0, '2025-06-15 06:21:34'),
(103, 164, 'Attendance Update', 'You were marked *present* on 2025-06-15.', 0, '2025-06-15 06:21:34'),
(104, 163, 'Attendance Update', 'You were marked *present* on 2025-06-15.', 0, '2025-06-15 06:21:34'),
(105, 152, 'Attendance Update', 'You were marked *present* on 2025-06-15.', 0, '2025-06-15 06:21:34'),
(106, 153, 'Attendance Update', 'You were marked *present* on 2025-06-15.', 0, '2025-06-15 06:21:34'),
(107, 161, 'Attendance Update', 'You were marked *present* on 2025-06-15.', 0, '2025-06-15 06:21:34'),
(109, 162, 'Attendance Alert', 'You were marked *absent* on 2025-06-15.', 0, '2025-06-15 06:21:34'),
(110, 148, 'Attendance Alert', 'You were marked *absent* on 2025-06-15.', 0, '2025-06-15 06:21:34'),
(111, 158, 'Attendance Alert', 'You were marked *absent* on 2025-06-15.', 0, '2025-06-15 06:21:34'),
(112, 149, 'Attendance Alert', 'You were marked *absent* on 2025-06-15.', 0, '2025-06-15 06:21:34'),
(113, 160, 'Attendance Alert', 'You were marked *absent* on 2025-06-15.', 0, '2025-06-15 06:21:34'),
(116, 159, 'Attendance Update', 'You were marked *present* on 2025-06-15.', 0, '2025-06-15 06:23:01'),
(117, 154, 'Attendance Update', 'You were marked *present* on 2025-06-15.', 0, '2025-06-15 06:23:01'),
(119, 150, 'Attendance Update', 'You were marked *present* on 2025-06-15.', 0, '2025-06-15 06:23:01'),
(120, 156, 'Attendance Update', 'You were marked *present* on 2025-06-15.', 1, '2025-06-15 06:23:01'),
(121, 157, 'Attendance Update', 'You were marked *present* on 2025-06-15.', 0, '2025-06-15 06:23:01'),
(122, 164, 'Attendance Update', 'You were marked *present* on 2025-06-15.', 0, '2025-06-15 06:23:01'),
(123, 163, 'Attendance Update', 'You were marked *present* on 2025-06-15.', 0, '2025-06-15 06:23:01'),
(124, 152, 'Attendance Update', 'You were marked *present* on 2025-06-15.', 0, '2025-06-15 06:23:01'),
(125, 153, 'Attendance Update', 'You were marked *present* on 2025-06-15.', 0, '2025-06-15 06:23:01'),
(126, 161, 'Attendance Update', 'You were marked *present* on 2025-06-15.', 0, '2025-06-15 06:23:01'),
(127, 162, 'Attendance Alert', 'You were marked *absent* on 2025-06-15.', 0, '2025-06-15 06:23:01'),
(128, 148, 'Attendance Alert', 'You were marked *absent* on 2025-06-15.', 0, '2025-06-15 06:23:01'),
(129, 158, 'Attendance Alert', 'You were marked *absent* on 2025-06-15.', 0, '2025-06-15 06:23:01'),
(130, 149, 'Attendance Alert', 'You were marked *absent* on 2025-06-15.', 0, '2025-06-15 06:23:01'),
(131, 160, 'Attendance Alert', 'You were marked *absent* on 2025-06-15.', 0, '2025-06-15 06:23:01'),
(142, 159, 'Attendance Update', 'You were marked *present* on 2025-06-16.', 0, '2025-06-16 09:59:40'),
(143, 169, 'Payment Approved', 'Your payment proof #86 for ₹1888.00 has been approved. Your updated total due is ₹1888.00.', 0, '2025-06-16 12:33:54'),
(144, 170, 'New Homework Assigned', 'You have a new homework assignment:\n“APJ ABDUL KALAM”\n1. Missile Man of India\r\nDr. Kalam played a key role in developing India’s missile programs, especially Agni and Prithvi. His work in DRDO and ISRO earned him the nickname “Missile Man of India.”\r\n\r\n2. Visionary President (2002–2007)\r\nAs the 11th President of India, Kalam was known as the “People’s President.” He inspired millions with his humility, accessibility, and forward-thinking vision for India’s future.\r\n\r\n3. Architect of Pokhran-II Nuclear Tests\r\nHe was the chief scientific advisor behind India\'s 1998 nuclear tests. This established India as a nuclear power and made him a national icon.\r\n\r\n4. A Teacher at Heart\r\nDespite his fame, Kalam always identified himself as a teacher first. He spent his final moments delivering a lecture to students at IIM Shillong in 2015. His message: “Dream, dream, dream. Dreams transform into thoughts and thoughts result in action.”\r\n\r\n5. Author & Youth Icon\r\nHe authored several best-selling books like:\r\n\r\nWings of Fire (autobiography)\r\n\r\nIgnited Minds\r\n\r\nIndia 2020\r\n\r\nThese works continue to motivate young Indians to dream big and serve the nation.', 0, '2025-06-16 16:45:32'),
(145, 170, 'Stars Awarded', 'You have been awarded 1 stars. Reason: Homework', 0, '2025-06-16 16:49:20'),
(146, 162, 'Attendance Alert', 'You were marked *absent* on 2025-06-17.', 0, '2025-06-17 05:00:24'),
(147, 148, 'Attendance Alert', 'You were marked *absent* on 2025-06-17.', 0, '2025-06-17 05:00:24'),
(148, 158, 'Attendance Alert', 'You were marked *absent* on 2025-06-17.', 0, '2025-06-17 05:00:24'),
(149, 159, 'Attendance Alert', 'You were marked *absent* on 2025-06-17.', 0, '2025-06-17 05:07:28'),
(150, 149, 'Attendance Alert', 'You were marked *absent* on 2025-06-17.', 0, '2025-06-17 05:10:39'),
(151, 160, 'Attendance Alert', 'You were marked *absent* on 2025-06-17.', 0, '2025-06-17 05:10:39'),
(152, 175, 'Payment Rejected', 'Your payment proof #87 has been rejected. Reason: This txn doesn\'t match, our database. Recheck and uplaod', 1, '2025-06-17 05:45:55'),
(153, 175, 'Payment Approved', 'Your payment proof #88 for ₹1946.00 has been approved. Your updated total due is ₹1946.41.', 0, '2025-06-17 05:50:05'),
(154, 169, 'Attendance Alert', 'You were marked *absent* on 2025-06-17.', 0, '2025-06-17 07:50:41'),
(158, 178, 'New Homework Assigned', 'You have a new homework assignment:\n“June Week 1 - World Environment Day – June 5th. Repeat the CW”\nWorld Environment Day – June 5th.\r\n\r\n\r\nWorld Environment Day is celebrated every year on June 5th to raise awareness and take action for the protection of our environment. It was started by the United Nations in 1972, and each year focuses on a different theme related to nature and the planet’s health.\r\n\r\nWhy It Matters:\r\n\r\nIt reminds us to reduce pollution, save trees, conserve water, and protect wildlife.\r\n\r\nEvery small step—like planting a tree, reducing plastic use, or saving electricity—can help.\r\n\r\nThe Earth is our only home. Keeping it clean and green is our responsibility.', 0, '2025-06-18 04:16:44'),
(159, 181, 'New Homework Assigned', 'You have a new homework assignment:\n“June Week 1 - World Environment Day – June 5th. Repeat the CW”\nWorld Environment Day – June 5th.\r\n\r\n\r\nWorld Environment Day is celebrated every year on June 5th to raise awareness and take action for the protection of our environment. It was started by the United Nations in 1972, and each year focuses on a different theme related to nature and the planet’s health.\r\n\r\nWhy It Matters:\r\n\r\nIt reminds us to reduce pollution, save trees, conserve water, and protect wildlife.\r\n\r\nEvery small step—like planting a tree, reducing plastic use, or saving electricity—can help.\r\n\r\nThe Earth is our only home. Keeping it clean and green is our responsibility.', 1, '2025-06-18 04:16:44'),
(160, 177, 'New Homework Assigned', 'You have a new homework assignment:\n“June Week 1 - Unicorn  - Print and color”\nMythical Creature\r\nA legendary animal that looks like a horse but has:\r\n\r\nA single spiraling horn on its forehead.\r\n\r\nOften associated with purity, grace, and magic.\r\n\r\nCommon in folklore, fantasy stories, and children’s media', 0, '2025-06-18 04:22:29'),
(161, 182, 'New Homework Assigned', 'You have a new homework assignment:\n“June Week 1 - Unicorn  - Print and color”\nMythical Creature\r\nA legendary animal that looks like a horse but has:\r\n\r\nA single spiraling horn on its forehead.\r\n\r\nOften associated with purity, grace, and magic.\r\n\r\nCommon in folklore, fantasy stories, and children’s media', 0, '2025-06-18 04:22:29'),
(164, 177, 'New Homework Assigned', 'New homework: “Next week hw”\nAssigned on 2025-06-25', 0, '2025-06-18 06:03:35'),
(165, 182, 'New Homework Assigned', 'New homework: “Next week hw”\nAssigned on 2025-06-25', 0, '2025-06-18 06:03:35'),
(166, 177, 'New Homework Assigned', 'New homework: “Next week hw”\nAssigned on 2025-06-25', 0, '2025-06-18 06:18:40'),
(167, 182, 'New Homework Assigned', 'New homework: “Next week hw”\nAssigned on 2025-06-25', 0, '2025-06-18 06:18:40'),
(168, 177, 'New Homework Assigned', 'New homework: “check for lock” assigned on 2025-06-18', 0, '2025-06-18 06:36:45'),
(169, 182, 'New Homework Assigned', 'New homework: “check for lock” assigned on 2025-06-18', 0, '2025-06-18 06:36:45'),
(171, 178, 'Payment Approved', 'Your payment proof #89 for ₹1770.00 has been approved. Your updated total due is ₹1770.00.', 0, '2025-06-18 09:14:56'),
(172, 185, 'New Homework Assigned', 'New homework: “ladybugs”\nAssigned on 2025-06-18', 1, '2025-06-18 11:01:42'),
(173, 187, 'New Homework Assigned', 'New homework: “ladybugs”\nAssigned on 2025-06-18', 0, '2025-06-18 11:01:42'),
(174, 177, 'Stars Awarded', 'You have been awarded 1 stars. Reason: good class work', 0, '2025-06-18 11:23:39'),
(175, 189, 'Attendance Update', 'You were marked *present* on 2025-06-18.', 0, '2025-06-18 11:56:29'),
(176, 188, 'Attendance Update', 'You were marked *present* on 2025-06-18.', 1, '2025-06-18 11:56:29'),
(177, 188, 'Stars Awarded', 'You have been awarded 22 stars. Reason: Older stars carry forwarded', 1, '2025-06-18 12:56:40'),
(178, 189, 'Stars Awarded', 'You have been awarded 1 stars. Reason: For Bird of Paradise', 0, '2025-06-18 13:12:12'),
(179, 188, 'Stars Awarded', 'You have been awarded 1 stars. Reason: Excellent drawing of rainbow loorkieet', 1, '2025-06-18 13:16:53'),
(180, 189, 'New Homework Assigned', 'New homework: “HW- Great Crested Grebe”\nAssigned on 2025-06-18', 0, '2025-06-18 14:59:07'),
(181, 185, 'New Homework Assigned', 'New homework: “Fred Flintstone  Cartoon Character”\nAssigned on 2025-06-19', 1, '2025-06-19 06:40:55'),
(182, 187, 'New Homework Assigned', 'New homework: “Fred Flintstone  Cartoon Character”\nAssigned on 2025-06-19', 0, '2025-06-19 06:40:55'),
(183, 185, 'New Homework Assigned', 'New homework: “HW- Boat”\nAssigned on 2025-06-26', 1, '2025-06-19 06:53:46'),
(184, 187, 'New Homework Assigned', 'New homework: “HW- Boat”\nAssigned on 2025-06-26', 0, '2025-06-19 06:53:46'),
(185, 178, 'New Homework Assigned', 'New homework: “HW - Draw Rainbow Lorikeet”\nAssigned on 2025-06-20', 0, '2025-06-19 07:00:04'),
(186, 181, 'New Homework Assigned', 'New homework: “HW - Draw Rainbow Lorikeet”\nAssigned on 2025-06-20', 1, '2025-06-19 07:00:04'),
(187, 183, 'New Homework Assigned', 'New homework: “HW - print & color Rainbow Lorikeet”\nAssigned on 2025-06-20', 1, '2025-06-19 07:04:52'),
(188, 188, 'New Homework Assigned', 'New homework: “HW - Draw and Color”\nAssigned on 2025-06-19', 1, '2025-06-19 07:10:53'),
(189, 190, 'New Homework Assigned', 'New homework: “HW - Draw and Color”\nAssigned on 2025-06-19', 0, '2025-06-19 07:10:53'),
(190, 187, 'Attendance Update', 'You were marked *present* on 2025-06-19.', 1, '2025-06-19 11:34:53'),
(191, 185, 'Attendance Update', 'You were marked *present* on 2025-06-19.', 1, '2025-06-19 11:34:53'),
(192, 178, 'Attendance Update', 'You were marked *present* on 2025-06-19.', 0, '2025-06-19 11:34:53'),
(193, 181, 'Attendance Update', 'You were marked *present* on 2025-06-19.', 1, '2025-06-19 11:34:53'),
(194, 183, 'Attendance Update', 'You were marked *present* on 2025-06-19.', 1, '2025-06-19 11:58:23'),
(195, 185, 'Stars Awarded', 'You have been awarded 3 stars. Reason: For last 3 Drawing', 1, '2025-06-19 12:16:25'),
(196, 185, 'Stars Awarded', 'You have been awarded 1 stars. Reason: For woody cartoon', 1, '2025-06-19 12:16:53'),
(197, 187, 'Stars Awarded', 'You have been awarded 4 stars. Reason: For last 4 Drawings', 1, '2025-06-19 12:17:58'),
(198, 181, 'Stars Awarded', 'You have been awarded 5 stars. Reason: For good class work', 1, '2025-06-19 12:30:06'),
(199, 178, 'Stars Awarded', 'You have been awarded 5 stars. Reason: For good class work', 0, '2025-06-19 12:31:10'),
(200, 183, 'Stars Awarded', 'You have been awarded 5 stars. Reason: For good class work', 1, '2025-06-19 12:31:45'),
(201, 192, 'New Homework Assigned', 'New homework: “HW Shading Nose and mouth”\nAssigned on 2025-06-21', 0, '2025-06-20 05:59:56'),
(202, 191, 'New Homework Assigned', 'New homework: “HW -ladybugs”\nAssigned on 2025-06-21', 0, '2025-06-20 10:00:54'),
(203, 195, 'New Homework Assigned', 'New homework: “HW -ladybugs”\nAssigned on 2025-06-21', 1, '2025-06-20 10:00:54'),
(204, 196, 'New Homework Assigned', 'New homework: “HW -ladybugs”\nAssigned on 2025-06-21', 1, '2025-06-20 10:00:54'),
(205, 198, 'New Homework Assigned', 'New homework: “HW -ladybugs”\nAssigned on 2025-06-21', 1, '2025-06-20 10:00:54'),
(206, 199, 'New Homework Assigned', 'New homework: “HW -ladybugs”\nAssigned on 2025-06-21', 0, '2025-06-20 10:00:54'),
(207, 200, 'New Homework Assigned', 'New homework: “HW -ladybugs”\nAssigned on 2025-06-21', 1, '2025-06-20 10:00:54'),
(208, 201, 'New Homework Assigned', 'New homework: “HW -ladybugs”\nAssigned on 2025-06-21', 1, '2025-06-20 10:00:54'),
(209, 191, 'Payment Approved', 'Your payment proof #90 for ₹5381.00 has been approved. Your updated total due is ₹5380.80.', 0, '2025-06-20 11:30:46'),
(210, 194, 'New Homework Assigned', 'New homework: “HW - portrait side View”\nAssigned on 2025-06-21', 1, '2025-06-20 16:07:41'),
(211, 197, 'New Homework Assigned', 'New homework: “HW - portrait side View”\nAssigned on 2025-06-21', 1, '2025-06-20 16:07:41'),
(212, 202, 'New Homework Assigned', 'New homework: “HW - portrait side View”\nAssigned on 2025-06-21', 1, '2025-06-20 16:07:41'),
(213, 189, 'New Homework Assigned', 'New homework: “HW - Draw A Goose”\nAssigned on 2025-06-21', 0, '2025-06-20 16:11:12'),
(214, 203, 'New Homework Assigned', 'New homework: “HW - Draw A Goose”\nAssigned on 2025-06-21', 0, '2025-06-20 16:11:12'),
(215, 204, 'New Homework Assigned', 'New homework: “HW - Draw A Goose”\nAssigned on 2025-06-21', 1, '2025-06-20 16:11:12'),
(216, 205, 'New Homework Assigned', 'New homework: “HW - Draw A Goose”\nAssigned on 2025-06-21', 1, '2025-06-20 16:11:12'),
(217, 211, 'Group Promotion', 'You have been promoted to “Color Pencil” effective 2025-06-24.', 0, '2025-06-24 10:17:25'),
(218, 84, 'Group Promotion', 'You have been promoted to “Color Pencil” effective 2025-06-24.', 0, '2025-06-24 12:34:33'),
(219, 210, 'Compensation Missed', 'Your compensation request for 2025-06-11 has been marked *missed*.', 0, '2025-06-24 13:41:46'),
(220, 450, 'Group Promotion', 'You have been promoted to “Oil Pastels-Smudging” effective 2025-06-25.', 1, '2025-06-25 04:04:16'),
(221, 448, 'Payment Approved', 'Your payment proof #91 for ₹2478.00 has been approved. Your updated total due is ₹2478.00.', 0, '2025-06-25 04:29:06'),
(222, 188, 'Stars Awarded', 'You have been awarded 1 stars. Reason: Excellent drawing of Enhanced group', 1, '2025-06-25 13:40:28'),
(223, 188, 'New Homework Assigned', 'New homework: “HW - Flame Bower Bird”\nAssigned on 2025-06-26', 0, '2025-06-26 03:19:17'),
(224, 474, 'New Homework Assigned', 'New homework: “HW - Flame Bower Bird”\nAssigned on 2025-06-26', 0, '2025-06-26 03:19:17'),
(225, 189, 'New Homework Assigned', 'New homework: “HW - Black Bird”\nAssigned on 2025-06-26', 1, '2025-06-26 03:35:32'),
(226, 472, 'New Homework Assigned', 'New homework: “HW - Black Bird”\nAssigned on 2025-06-26', 1, '2025-06-26 03:36:12'),
(227, 204, 'New Homework Assigned', 'New homework: “HW - Black Bird”\nAssigned on 2025-06-27', 1, '2025-06-26 03:51:10'),
(228, 205, 'New Homework Assigned', 'New homework: “HW - Black Bird”\nAssigned on 2025-06-27', 1, '2025-06-26 03:51:10'),
(229, 451, 'New Homework Assigned', 'New homework: “HW - Black Bird”\nAssigned on 2025-06-27', 1, '2025-06-26 03:51:10'),
(230, 450, 'New Homework Assigned', 'New homework: “HW - Bower Bird (Print and Color)”\nAssigned on 2025-06-26', 1, '2025-06-26 03:52:54'),
(231, 448, 'New Homework Assigned', 'New homework: “HW- Boat”\nAssigned on 2025-06-26', 0, '2025-06-26 04:47:31'),
(232, 457, 'New Homework Assigned', 'New homework: “HW- Boat”\nAssigned on 2025-06-26', 1, '2025-06-26 04:47:31'),
(233, 462, 'New Homework Assigned', 'New homework: “HW- Boat”\nAssigned on 2025-06-26', 0, '2025-06-26 04:47:31'),
(234, 466, 'New Homework Assigned', 'New homework: “HW- Boat”\nAssigned on 2025-06-26', 0, '2025-06-26 04:47:31'),
(235, 448, 'New Homework Assigned', 'New homework: “HW - Lady Bug”\nAssigned on 2025-06-29', 0, '2025-06-26 04:53:15'),
(236, 457, 'New Homework Assigned', 'New homework: “HW - Lady Bug”\nAssigned on 2025-06-29', 1, '2025-06-26 04:53:15'),
(237, 462, 'New Homework Assigned', 'New homework: “HW - Lady Bug”\nAssigned on 2025-06-29', 0, '2025-06-26 04:53:15'),
(238, 466, 'New Homework Assigned', 'New homework: “HW - Lady Bug”\nAssigned on 2025-06-29', 0, '2025-06-26 04:53:15'),
(239, 475, 'New Homework Assigned', 'New homework: “HW-Lady Bug”\nAssigned on 2025-06-29', 1, '2025-06-26 05:32:26'),
(240, 447, 'New Homework Assigned', 'New homework: “do this”\nAssigned on 2025-06-26', 0, '2025-06-26 06:11:23'),
(241, 181, 'Stars Awarded', 'You have been awarded 1 stars. Reason: For bower bird you deserve a star', 1, '2025-06-26 13:31:27'),
(242, 178, 'Stars Awarded', 'You have been awarded 1 stars. Reason: For bower bird, good work', 0, '2025-06-26 13:31:51'),
(243, 185, 'New Homework Assigned', 'New homework: “HW - Boat”\nAssigned on 2025-06-27', 1, '2025-06-27 03:37:08'),
(244, 187, 'New Homework Assigned', 'New homework: “HW - Boat”\nAssigned on 2025-06-27', 1, '2025-06-27 03:37:08'),
(245, 178, 'New Homework Assigned', 'New homework: “HW- Flame bower bird”\nAssigned on 2025-06-27', 0, '2025-06-27 03:48:06'),
(246, 181, 'New Homework Assigned', 'New homework: “HW- Flame bower bird”\nAssigned on 2025-06-27', 1, '2025-06-27 03:48:06'),
(247, 183, 'New Homework Assigned', 'New homework: “HW- Flame bower bird (Print & Color)”\nAssigned on 2025-06-27', 1, '2025-06-27 03:49:13'),
(248, 182, 'New Homework Assigned', 'New homework: “HW - Color the Direction of these two shapes.”\nAssigned on 2025-06-27', 0, '2025-06-27 04:21:13'),
(249, 451, 'Stars Awarded', 'You have been awarded 1 stars. Reason: Good classwork', 1, '2025-06-27 13:26:54'),
(250, 194, 'New Homework Assigned', 'New homework: “HW - Basic of portrait & S  jaishankar”\nAssigned on 2025-06-27', 1, '2025-06-27 15:11:16'),
(251, 197, 'New Homework Assigned', 'New homework: “HW - Basic of portrait & S  jaishankar”\nAssigned on 2025-06-27', 1, '2025-06-27 15:11:16'),
(252, 202, 'New Homework Assigned', 'New homework: “HW - Basic of portrait & S  jaishankar”\nAssigned on 2025-06-27', 1, '2025-06-27 15:11:16'),
(253, 195, 'New Homework Assigned', 'New homework: “HW-  Butterfly”\nAssigned on 2025-06-27', 1, '2025-06-27 15:14:14'),
(254, 196, 'New Homework Assigned', 'New homework: “HW-  Butterfly”\nAssigned on 2025-06-27', 1, '2025-06-27 15:14:14'),
(255, 198, 'New Homework Assigned', 'New homework: “HW-  Butterfly”\nAssigned on 2025-06-27', 1, '2025-06-27 15:14:14'),
(256, 199, 'New Homework Assigned', 'New homework: “HW-  Butterfly”\nAssigned on 2025-06-27', 0, '2025-06-27 15:14:14'),
(257, 200, 'New Homework Assigned', 'New homework: “HW-  Butterfly”\nAssigned on 2025-06-27', 1, '2025-06-27 15:14:14'),
(258, 201, 'New Homework Assigned', 'New homework: “HW-  Butterfly”\nAssigned on 2025-06-27', 1, '2025-06-27 15:14:14'),
(259, 450, 'New Homework Assigned', 'New homework: “HW - Print and color Rainbow Loorikeet”\nAssigned on 2025-06-27', 1, '2025-06-27 15:46:23'),
(260, 473, 'New Homework Assigned', 'New homework: “HW- S. Jaishankar Minister of External Affairs of India”\nAssigned on 2025-06-28', 1, '2025-06-28 03:37:36'),
(261, 450, 'Stars Awarded', 'You have been awarded 2 stars. Reason: Efforts in homework', 1, '2025-06-28 05:44:46'),
(262, 204, 'New Homework Assigned', 'New homework: “HW- Blackbird”\nAssigned on 2025-06-28', 1, '2025-06-28 06:09:45'),
(263, 205, 'New Homework Assigned', 'New homework: “HW- Blackbird”\nAssigned on 2025-06-28', 1, '2025-06-28 06:09:45'),
(264, 451, 'New Homework Assigned', 'New homework: “HW- Blackbird”\nAssigned on 2025-06-28', 1, '2025-06-28 06:09:45'),
(265, 468, 'Stars Awarded', 'You have been awarded 1 stars. Reason: For neat coloring', 1, '2025-06-28 07:47:13'),
(266, 188, 'Group Promotion', 'You have been promoted to “Oil Pastels-Enhanced” effective 2025-06-28.', 0, '2025-06-28 10:27:16'),
(267, 469, 'New Homework Assigned', 'New homework: “HW - Print & Color (Flame Bower Bird)”\nAssigned on 2025-06-28', 0, '2025-06-28 11:01:24'),
(268, 470, 'New Homework Assigned', 'New homework: “HW - Print & Color (Flame Bower Bird)”\nAssigned on 2025-06-28', 1, '2025-06-28 11:01:24'),
(269, 468, 'New Homework Assigned', 'New homework: “HW - Drawng & Color (Flame Bower Bird)”\nAssigned on 2025-06-28', 1, '2025-06-28 11:02:22'),
(270, 471, 'New Homework Assigned', 'New homework: “HW - Drawng & Color (Flame Bower Bird)”\nAssigned on 2025-06-28', 1, '2025-06-28 11:02:22'),
(271, 476, 'New Homework Assigned', 'New homework: “HW - Drawng & Shade Butterfly”\nAssigned on 2025-06-28', 1, '2025-06-28 11:03:58'),
(272, 472, 'New Homework Assigned', 'New homework: “HW -DRAW & Color Sparrow”\nAssigned on 2025-06-28', 1, '2025-06-28 11:05:40'),
(273, 448, 'New Homework Assigned', 'New homework: “hw”\nAssigned on 2025-06-28', 0, '2025-06-28 11:15:48'),
(274, 447, 'Stars Awarded', 'You have been awarded 10 stars. Reason: test', 0, '2025-06-28 12:06:30'),
(275, 447, 'Stars Awarded', 'You have been awarded 20 stars. Reason: good app build', 0, '2025-06-28 12:11:22'),
(276, 447, 'Stars Awarded', 'You have been awarded 50 stars. Reason: For Regular HW', 0, '2025-06-28 12:18:17'),
(277, 447, 'Redemption Approved', 'Your redemption request #4 has been approved and 25 stars deducted.', 0, '2025-06-28 12:19:09'),
(278, 482, 'New Homework Assigned', 'New homework: “HW - Portrait of an Lady with Expression”\nAssigned on 2025-06-29', 0, '2025-06-29 02:00:01'),
(279, 452, 'New Homework Assigned', 'New homework: “HW - Gukesh Dommaraju”\nAssigned on 2025-06-30', 1, '2025-06-30 03:12:04'),
(280, 455, 'New Homework Assigned', 'New homework: “HW - Print & Color”\nAssigned on 2025-06-30', 0, '2025-06-30 03:17:19'),
(281, 456, 'New Homework Assigned', 'New homework: “HW - Print & Color”\nAssigned on 2025-06-30', 1, '2025-06-30 03:17:19'),
(282, 461, 'New Homework Assigned', 'New homework: “HW - Print & Color”\nAssigned on 2025-06-30', 0, '2025-06-30 03:17:19'),
(283, 463, 'New Homework Assigned', 'New homework: “HW - Print & Color”\nAssigned on 2025-06-30', 0, '2025-06-30 03:17:19'),
(284, 464, 'New Homework Assigned', 'New homework: “HW - Print & Color”\nAssigned on 2025-06-30', 0, '2025-06-30 03:17:19'),
(285, 467, 'New Homework Assigned', 'New homework: “HW - Print & Color”\nAssigned on 2025-06-30', 1, '2025-06-30 03:17:19'),
(286, 449, 'New Homework Assigned', 'New homework: “HW - Draw and color”\nAssigned on 2025-06-30', 1, '2025-06-30 03:23:07'),
(287, 454, 'New Homework Assigned', 'New homework: “HW - Draw and color”\nAssigned on 2025-06-30', 1, '2025-06-30 03:23:07'),
(288, 460, 'New Homework Assigned', 'New homework: “HW - Draw and color”\nAssigned on 2025-06-30', 0, '2025-06-30 03:23:07'),
(289, 465, 'New Homework Assigned', 'New homework: “HW - Draw and color”\nAssigned on 2025-06-30', 0, '2025-06-30 03:23:07'),
(290, 453, 'New Homework Assigned', 'New homework: “HW -  Homework Topic: Shuttle & Cock (Badminton)”\nAssigned on 2025-06-30', 1, '2025-06-30 03:33:12'),
(291, 459, 'New Homework Assigned', 'New homework: “HW -  Homework Topic: Shuttle & Cock (Badminton)”\nAssigned on 2025-06-30', 1, '2025-06-30 03:33:12'),
(292, 477, 'New Homework Assigned', 'New homework: “HW - Indian GM Gukesh Dommaraju”\nAssigned on 2025-06-30', 0, '2025-06-30 04:07:48'),
(293, 480, 'New Homework Assigned', 'New homework: “HW -Lady Bug”\nAssigned on 2025-06-30', 1, '2025-06-30 04:10:15'),
(294, 481, 'New Homework Assigned', 'New homework: “HW -print and color the shapes.”\nAssigned on 2025-06-30', 1, '2025-06-30 04:11:22'),
(295, 478, 'New Homework Assigned', 'New homework: “HW -Draw and color Table Tennis”\nAssigned on 2025-06-30', 0, '2025-06-30 04:12:34'),
(296, 479, 'New Homework Assigned', 'New homework: “HW -Draw and color Table Tennis”\nAssigned on 2025-06-30', 1, '2025-06-30 04:12:34'),
(297, 457, 'New Homework Assigned', 'New homework: “HW - Boat”\nAssigned on 2025-06-30', 1, '2025-06-30 04:20:15'),
(298, 462, 'New Homework Assigned', 'New homework: “HW - Boat”\nAssigned on 2025-06-30', 1, '2025-06-30 04:20:15'),
(299, 466, 'New Homework Assigned', 'New homework: “HW - Boat”\nAssigned on 2025-06-30', 0, '2025-06-30 04:20:15'),
(300, 475, 'New Homework Assigned', 'New homework: “HW - Boat”\nAssigned on 2025-06-30', 1, '2025-06-30 04:20:15'),
(301, 483, 'New Homework Assigned', 'New homework: “HW - Boat”\nAssigned on 2025-06-30', 1, '2025-06-30 04:20:15'),
(302, 447, 'Payment Approved', 'Your payment proof #92 for ₹2.00 has been approved. Your updated total due is ₹2122.82.', 0, '2025-06-30 04:27:35'),
(303, 447, 'Payment Approved', 'Your payment proof #93 for ₹2.00 has been approved. Your updated total due is ₹2004.82.', 0, '2025-06-30 08:00:04'),
(304, 447, 'Payment Approved', 'Your payment proof #94 for ₹2004.82 has been approved. Your updated total due is ₹2004.82.', 0, '2025-06-30 08:51:29'),
(305, 447, 'Payment Rejected', 'Your proof #95 was rejected: wrong amt paid', 0, '2025-06-30 14:11:43'),
(306, 487, 'Payment Approved', 'Your payment proof #96 for ₹7882.00 has been approved. Your updated total due is ₹7882.40.', 0, '2025-07-01 06:03:10'),
(307, 484, 'Payment Approved', 'Your payment proof #98 for ₹7122.48 has been approved. Thank you!', 0, '2025-07-01 14:47:14'),
(308, 447, 'Payment Approved', 'Your payment proof #100 for ₹2004.82 has been approved. Your total paid is ₹2004.82.', 0, '2025-07-02 12:24:16'),
(309, 188, 'New Homework Assigned', 'New homework: “HW- Table tennis”\nAssigned on 2025-07-02', 0, '2025-07-02 15:01:40'),
(310, 474, 'New Homework Assigned', 'New homework: “HW- Table tennis”\nAssigned on 2025-07-02', 0, '2025-07-02 15:01:40'),
(311, 189, 'New Homework Assigned', 'New homework: “HW- badminton”\nAssigned on 2025-07-02', 0, '2025-07-02 15:03:22'),
(312, 448, 'Payment Approved', 'Your payment proof #101 for ₹1770.00 has been approved. Your total paid is ₹1770.00.', 0, '2025-07-03 09:57:28'),
(313, 448, 'Payment Approved', 'Your payment proof #102 for ₹1770.00 has been approved. Your total paid is ₹1770.00.', 0, '2025-07-03 10:00:10'),
(314, 447, 'Payment Approved', 'Your payment proof #103 for ₹2004.82 has been approved. Your total paid is ₹2004.82.', 0, '2025-07-03 10:06:52'),
(315, 448, 'Payment Approved', 'Your payment proof #104 for ₹1770.00 has been approved. Your total paid is ₹1770.00.', 0, '2025-07-03 10:06:59'),
(316, 447, 'Payment Approved', 'Your payment proof #107 for ₹2004.82 has been approved. Your total paid is ₹2004.82.', 0, '2025-07-03 12:28:40'),
(317, 448, 'Payment Approved', 'Your payment proof #108 for ₹2478.00 has been approved. Your total paid is ₹2478.00.', 0, '2025-07-03 14:04:45'),
(318, 447, 'Payment Approved', 'Your payment proof #110 for ₹2004.82 has been approved. Your total paid is ₹2004.82.', 0, '2025-07-04 06:54:03'),
(319, 181, 'Payment Approved', 'Your payment proof #109 for ₹3186.00 has been approved. Your total paid is ₹3186.00.', 1, '2025-07-04 06:55:47'),
(320, 230, 'Compensation Missed', 'Your compensation request for 2025-07-04 has been marked *missed*.', 0, '2025-07-06 04:23:25'),
(321, 484, 'Payment Approved', 'Your payment proof #113 for ₹7122.48 has been approved. Your total paid is ₹7122.48.', 0, '2025-07-06 12:54:22'),
(322, 447, 'New Homework', 'You have a new homework “tesy” dated 2025-07-08.', 0, '2025-07-07 11:46:39'),
(323, 447, 'New Homework', 'You have a new homework “try this out” dated 2025-07-07.', 0, '2025-07-07 11:51:29'),
(324, 456, 'New Homework', 'You have a new homework “HW- Print and color the Drawing” dated 2025-07-07.', 1, '2025-07-07 14:51:11'),
(325, 461, 'New Homework', 'You have a new homework “HW- Print and color the Drawing” dated 2025-07-07.', 0, '2025-07-07 14:51:11'),
(326, 463, 'New Homework', 'You have a new homework “HW- Print and color the Drawing” dated 2025-07-07.', 0, '2025-07-07 14:51:11'),
(327, 464, 'New Homework', 'You have a new homework “HW- Print and color the Drawing” dated 2025-07-07.', 1, '2025-07-07 14:51:11'),
(328, 467, 'New Homework', 'You have a new homework “HW- Print and color the Drawing” dated 2025-07-07.', 0, '2025-07-07 14:51:11'),
(329, 486, 'New Homework', 'You have a new homework “HW- Print and color the Drawing” dated 2025-07-07.', 1, '2025-07-07 14:51:11'),
(330, 449, 'New Homework', 'You have a new homework “HW- Drawing and coloring” dated 2025-07-07.', 1, '2025-07-07 14:52:17'),
(331, 454, 'New Homework', 'You have a new homework “HW- Drawing and coloring” dated 2025-07-07.', 1, '2025-07-07 14:52:17'),
(332, 460, 'New Homework', 'You have a new homework “HW- Drawing and coloring” dated 2025-07-07.', 0, '2025-07-07 14:52:17'),
(333, 465, 'New Homework', 'You have a new homework “HW- Drawing and coloring” dated 2025-07-07.', 0, '2025-07-07 14:52:17'),
(334, 488, 'New Homework', 'You have a new homework “HW- Drawing and coloring” dated 2025-07-07.', 0, '2025-07-07 14:52:17'),
(335, 453, 'New Homework', 'You have a new homework “HW- Drawing and coloring” dated 2025-07-07.', 1, '2025-07-07 14:53:37'),
(336, 459, 'New Homework', 'You have a new homework “HW- Drawing and coloring” dated 2025-07-07.', 1, '2025-07-07 14:53:37'),
(337, 457, 'New Homework', 'You have a new homework “HW- Drawing and Shade” dated 2025-07-07.', 1, '2025-07-07 14:54:17'),
(338, 462, 'New Homework', 'You have a new homework “HW- Drawing and Shade” dated 2025-07-07.', 1, '2025-07-07 14:54:17'),
(339, 466, 'New Homework', 'You have a new homework “HW- Drawing and Shade” dated 2025-07-07.', 0, '2025-07-07 14:54:17'),
(340, 475, 'New Homework', 'You have a new homework “HW- Drawing and Shade” dated 2025-07-07.', 1, '2025-07-07 14:54:17'),
(341, 483, 'New Homework', 'You have a new homework “HW- Drawing and Shade” dated 2025-07-07.', 1, '2025-07-07 14:54:17'),
(342, 452, 'New Homework', 'You have a new homework “HW- capture the Expression” dated 2025-07-07.', 1, '2025-07-07 14:56:18'),
(343, 469, 'New Homework', 'You have a new homework “HW- Print and coloring.” dated 2025-07-07.', 0, '2025-07-07 15:53:02'),
(344, 470, 'New Homework', 'You have a new homework “HW- Print and coloring.” dated 2025-07-07.', 1, '2025-07-07 15:53:02'),
(345, 468, 'New Homework', 'You have a new homework “HW- Draw and Color” dated 2025-07-07.', 1, '2025-07-07 15:53:53'),
(346, 471, 'New Homework', 'You have a new homework “HW- Draw and Color” dated 2025-07-07.', 1, '2025-07-07 15:53:53'),
(347, 472, 'New Homework', 'You have a new homework “HW- Draw and Color” dated 2025-07-07.', 1, '2025-07-07 15:56:11'),
(348, 484, 'New Homework', 'You have a new homework “HW- Draw and Color” dated 2025-07-07.', 0, '2025-07-07 15:56:11'),
(349, 476, 'New Homework', 'You have a new homework “HW- Draw & Shade” dated 2025-07-07.', 1, '2025-07-07 16:15:56'),
(350, 473, 'New Homework', 'You have a new homework “HW- Draw & Shade” dated 2025-07-07.', 1, '2025-07-07 16:18:02'),
(351, 188, 'New Homework', 'You have a new homework “HW- Draw & Color” dated 2025-07-07.', 0, '2025-07-07 16:23:59'),
(352, 474, 'New Homework', 'You have a new homework “HW- Draw & Color” dated 2025-07-07.', 0, '2025-07-07 16:23:59'),
(353, 185, 'New Homework', 'You have a new homework “HW- Draw & Shade” dated 2025-07-07.', 1, '2025-07-07 16:27:04'),
(354, 187, 'New Homework', 'You have a new homework “HW- Draw & Shade” dated 2025-07-07.', 0, '2025-07-07 16:27:04'),
(355, 178, 'New Homework', 'You have a new homework “HW- Draw & COlor” dated 2025-07-07.', 1, '2025-07-07 16:29:54'),
(356, 181, 'New Homework', 'You have a new homework “HW- Draw & COlor” dated 2025-07-07.', 1, '2025-07-07 16:29:54'),
(357, 183, 'New Homework', 'You have a new homework “HW- Print & COlor” dated 2025-07-07.', 1, '2025-07-07 16:30:35'),
(358, 187, 'New Homework', 'You have a new homework “HW- Print & COlor” dated 2025-07-07.', 0, '2025-07-07 16:30:35'),
(359, 447, 'New Homework', 'You have a new homework “test” dated 2025-07-08.', 0, '2025-07-08 04:07:35'),
(360, 462, 'Payment Approved', 'Your payment proof #112 for ₹2124.00 has been approved. Your total paid is ₹2124.00.', 0, '2025-07-08 04:34:44'),
(361, 474, 'Payment Approved', 'Your payment proof #114 for ₹4812.00 has been approved. Your total paid is ₹4812.00.', 0, '2025-07-08 04:40:21'),
(362, 488, 'Payment Approved', 'Your payment proof #111 for ₹2714.00 has been approved. Your total paid is ₹2714.00.', 0, '2025-07-08 05:22:38'),
(363, 450, 'New Homework', 'You have new homework “HW - Print and color - Basketball” dated 2025-07-08.', 1, '2025-07-08 11:41:34'),
(364, 204, 'New Homework', 'You have new homework “HW - Draw and color - badminton” dated 2025-07-08.', 1, '2025-07-08 11:43:41'),
(365, 205, 'New Homework', 'You have new homework “HW - Draw and color - badminton” dated 2025-07-08.', 1, '2025-07-08 11:43:41'),
(366, 451, 'New Homework', 'You have new homework “HW - Draw and color - badminton” dated 2025-07-08.', 1, '2025-07-08 11:43:41'),
(367, 195, 'New Homework', 'You have new homework “HW - Draw and shade.” dated 2025-07-08.', 1, '2025-07-08 11:44:31'),
(368, 196, 'New Homework', 'You have new homework “HW - Draw and shade.” dated 2025-07-08.', 1, '2025-07-08 11:44:31'),
(369, 198, 'New Homework', 'You have new homework “HW - Draw and shade.” dated 2025-07-08.', 0, '2025-07-08 11:44:31'),
(370, 199, 'New Homework', 'You have new homework “HW - Draw and shade.” dated 2025-07-08.', 0, '2025-07-08 11:44:31'),
(371, 200, 'New Homework', 'You have new homework “HW - Draw and shade.” dated 2025-07-08.', 1, '2025-07-08 11:44:31'),
(372, 201, 'New Homework', 'You have new homework “HW - Draw and shade.” dated 2025-07-08.', 1, '2025-07-08 11:44:31'),
(373, 487, 'New Homework', 'You have new homework “HW - Draw and shade.” dated 2025-07-08.', 0, '2025-07-08 11:44:31'),
(374, 194, 'New Homework', 'You have new homework “HW - Draw and shade.” dated 2025-07-08.', 1, '2025-07-08 11:50:53'),
(375, 197, 'New Homework', 'You have new homework “HW - Draw and shade.” dated 2025-07-08.', 1, '2025-07-08 11:50:53'),
(376, 202, 'New Homework', 'You have new homework “HW - Draw and shade.” dated 2025-07-08.', 1, '2025-07-08 11:50:53'),
(377, 481, 'New Homework', 'You have new homework “HW - Print and color” dated 2025-07-08.', 1, '2025-07-08 11:57:06'),
(378, 478, 'New Homework', 'You have new homework “HW - Draw and color” dated 2025-07-08.', 0, '2025-07-08 11:57:55'),
(379, 479, 'New Homework', 'You have new homework “HW - Draw and color” dated 2025-07-08.', 1, '2025-07-08 11:57:55'),
(380, 480, 'New Homework', 'You have new homework “HW - Draw and Shade” dated 2025-07-08.', 1, '2025-07-08 12:16:42'),
(381, 477, 'New Homework', 'You have new homework “HW - Draw and Shade” dated 2025-07-08.', 0, '2025-07-08 12:17:57'),
(382, 485, 'New Homework', 'You have new homework “HW - Draw and Shade” dated 2025-07-08.', 0, '2025-07-08 12:18:32'),
(383, 448, 'New Homework', 'You have new homework “HW - Draw and Shade” dated 2025-07-08.', 0, '2025-07-08 12:19:40'),
(384, 182, 'New Homework', 'You have new homework “HW - Print and color” dated 2025-07-08.', 0, '2025-07-08 12:20:55'),
(385, 189, 'Stars Awarded', 'You have been awarded 1 stars. Reason: Excellent HW black Bird', 0, '2025-07-09 13:30:21'),
(386, 448, 'Payment Approved', 'Your payment proof #118 for ₹2478.00 has been approved. Your total paid is ₹2478.00.', 0, '2025-07-10 04:25:33'),
(387, 492, 'Payment Approved', 'Your payment proof #119 for ₹4717.64 has been approved. Your total paid is ₹4717.64.', 0, '2025-07-10 04:29:52'),
(388, 448, 'Payment Approved', 'Your payment proof #120 for ₹3540.00 has been approved. Your total paid is ₹3540.00.', 0, '2025-07-10 05:13:24'),
(389, 492, 'Payment Approved', 'Your payment proof #121 for ₹4717.64 has been approved. Your total paid is ₹4717.64.', 0, '2025-07-10 05:54:37'),
(390, 308, 'Compensation Missed', 'Your compensation request for 2025-07-04 has been marked *missed*.', 0, '2025-07-10 09:36:34'),
(391, 490, 'Payment Approved', 'Your payment proof #123 for ₹1770.00 has been approved. Your total paid is ₹1770.00.', 0, '2025-07-10 10:16:22'),
(392, 475, 'Payment Approved', 'Your payment proof #125 for ₹2006.00 has been approved. Your total paid is ₹2006.00.', 0, '2025-07-10 10:48:02'),
(393, 447, 'Payment Approved', 'Your payment proof #128 for ₹2004.82 has been approved. Your total paid is ₹2004.82.', 0, '2025-07-10 12:25:10'),
(394, 447, 'Payment Approved', 'Your payment proof #129 for ₹2004.82 has been approved. Your total paid is ₹2004.82.', 0, '2025-07-10 12:35:24'),
(395, 447, 'Payment Approved', 'Your payment proof #130 for ₹2004.82 has been approved. Your total paid is ₹2004.82.', 0, '2025-07-10 13:16:36'),
(396, 181, 'Stars Awarded', 'You have been awarded 1 stars. Reason: Basketball Drawing CW', 1, '2025-07-10 14:47:27'),
(397, 183, 'Stars Awarded', 'You have been awarded 1 stars. Reason: Basketball Drawing CW', 1, '2025-07-10 14:48:00'),
(398, 178, 'Stars Awarded', 'You have been awarded 1 stars. Reason: Basketball CW', 0, '2025-07-10 14:48:22'),
(399, 182, 'Stars Awarded', 'You have been awarded 1 stars. Reason: Table tennis CW', 0, '2025-07-10 14:49:15'),
(400, 474, 'New Homework', 'You have new homework “HW - Same as CW” dated 2025-07-11.', 0, '2025-07-11 14:56:27'),
(401, 189, 'New Homework', 'You have new homework “HW - Same as CW” dated 2025-07-11.', 0, '2025-07-11 15:01:31'),
(402, 204, 'New Homework', 'You have new homework “HW - Football” dated 2025-07-11.', 1, '2025-07-11 15:02:06'),
(403, 205, 'New Homework', 'You have new homework “HW - Football” dated 2025-07-11.', 1, '2025-07-11 15:02:06'),
(404, 451, 'New Homework', 'You have new homework “HW - Football” dated 2025-07-11.', 1, '2025-07-11 15:02:06'),
(405, 472, 'New Homework', 'You have new homework “HW - Football” dated 2025-07-11.', 1, '2025-07-11 15:02:27'),
(406, 484, 'New Homework', 'You have new homework “HW - Football” dated 2025-07-11.', 0, '2025-07-11 15:02:27'),
(407, 500, 'Payment Approved', 'Your payment proof #327 for ₹2478.00 has been approved. Your total paid is ₹2478.00.', 1, '2025-07-14 04:03:54'),
(408, 499, 'Payment Approved', 'Your payment proof #326 for ₹7122.48 has been approved. Your total paid is ₹7122.48.', 1, '2025-07-14 07:32:53'),
(409, 498, 'Payment Approved', 'Your payment proof #325 for ₹7122.48 has been approved. Your total paid is ₹7122.48.', 1, '2025-07-14 07:33:50'),
(410, 497, 'Payment Approved', 'Your payment proof #324 for ₹7122.48 has been approved. Your total paid is ₹7122.48.', 0, '2025-07-14 07:34:07'),
(411, 185, 'New Homework', 'You have new homework “HW - Draw and shade” dated 2025-07-14.', 1, '2025-07-14 07:50:56'),
(412, 187, 'New Homework', 'You have new homework “HW - Draw and shade” dated 2025-07-14.', 0, '2025-07-14 07:50:56'),
(413, 178, 'New Homework', 'You have new homework “HW - Draw the same as Classwork” dated 2025-07-14.', 0, '2025-07-14 08:01:40'),
(414, 181, 'New Homework', 'You have new homework “HW - Draw the same as Classwork” dated 2025-07-14.', 0, '2025-07-14 08:01:40'),
(415, 183, 'New Homework', 'You have new homework “HW - Draw the same as Classwork” dated 2025-07-14.', 1, '2025-07-14 08:03:03'),
(416, 187, 'New Homework', 'You have new homework “HW - Draw the same as Classwork” dated 2025-07-14.', 0, '2025-07-14 08:03:03'),
(417, 182, 'New Homework', 'You have new homework “HW - Draw the same as Classwork” dated 2025-07-14.', 0, '2025-07-14 09:14:40'),
(418, 493, 'New Homework', 'You have new homework “HW- helicopter” dated 2025-07-15.', 0, '2025-07-15 03:02:41'),
(419, 495, 'New Homework', 'You have new homework “HW- Watercolor painting” dated 2025-07-15.', 0, '2025-07-15 03:06:46'),
(420, 485, 'New Homework', 'You have new homework “HW- A boy with expression.” dated 2025-07-15.', 0, '2025-07-15 03:08:20'),
(421, 494, 'New Homework', 'You have new homework “HW- A butterfly” dated 2025-07-15.', 0, '2025-07-15 03:09:44'),
(422, 481, 'New Homework', 'You have new homework “HW- Print and color” dated 2025-07-15.', 1, '2025-07-15 03:15:02'),
(423, 478, 'New Homework', 'You have new homework “HW- Draw same as CW” dated 2025-07-15.', 0, '2025-07-15 03:18:25'),
(424, 479, 'New Homework', 'You have new homework “HW- Draw same as CW” dated 2025-07-15.', 0, '2025-07-15 03:18:25'),
(425, 480, 'New Homework', 'You have new homework “HW- Draw and shade Hockey” dated 2025-07-15.', 1, '2025-07-15 03:23:41'),
(426, 477, 'New Homework', 'You have new homework “HW- Draw and shade This Happy boy” dated 2025-07-15.', 0, '2025-07-15 03:26:19'),
(427, 491, 'New Homework', 'You have new homework “HW - Food” dated 2025-07-15.', 0, '2025-07-15 03:29:37'),
(428, 194, 'New Homework', 'You have new homework “HW - Smiling boy” dated 2025-07-15.', 1, '2025-07-15 03:37:49'),
(429, 197, 'New Homework', 'You have new homework “HW - Smiling boy” dated 2025-07-15.', 0, '2025-07-15 03:37:49'),
(430, 202, 'New Homework', 'You have new homework “HW - Smiling boy” dated 2025-07-15.', 1, '2025-07-15 03:37:49'),
(431, 195, 'New Homework', 'You have new homework “HW - Hockey” dated 2025-07-15.', 1, '2025-07-15 03:38:54'),
(432, 196, 'New Homework', 'You have new homework “HW - Hockey” dated 2025-07-15.', 1, '2025-07-15 03:38:54'),
(433, 198, 'New Homework', 'You have new homework “HW - Hockey” dated 2025-07-15.', 0, '2025-07-15 03:38:54'),
(434, 199, 'New Homework', 'You have new homework “HW - Hockey” dated 2025-07-15.', 1, '2025-07-15 03:38:54'),
(435, 200, 'New Homework', 'You have new homework “HW - Hockey” dated 2025-07-15.', 1, '2025-07-15 03:38:54'),
(436, 201, 'New Homework', 'You have new homework “HW - Hockey” dated 2025-07-15.', 1, '2025-07-15 03:38:54'),
(437, 487, 'New Homework', 'You have new homework “HW - Hockey” dated 2025-07-15.', 0, '2025-07-15 03:38:54'),
(438, 204, 'New Homework', 'You have new homework “HW - Football” dated 2025-07-15.', 1, '2025-07-15 03:41:20'),
(439, 205, 'New Homework', 'You have new homework “HW - Football” dated 2025-07-15.', 1, '2025-07-15 03:41:20'),
(440, 451, 'New Homework', 'You have new homework “HW - Football” dated 2025-07-15.', 1, '2025-07-15 03:41:20'),
(441, 450, 'New Homework', 'You have new homework “HW - Print and color Classwork” dated 2025-07-15.', 1, '2025-07-15 03:43:02'),
(442, 492, 'New Homework', 'You have new homework “HW - Print and color” dated 2025-07-15.', 0, '2025-07-15 03:43:58'),
(443, 447, 'Group Promotion', 'You have been promoted to “Color Pencil” effective 2025-06-24.', 0, '2025-07-18 04:45:21'),
(444, 492, 'Group Promotion', 'You have been promoted to “Oil Pastels-Enhanced” effective 2025-07-18.', 0, '2025-07-18 04:46:26'),
(445, 503, 'Group Promotion', 'You have been promoted to “Oil Pastels-Enhanced” effective 2025-07-18.', 0, '2025-07-18 05:29:01'),
(446, 178, 'Group Promotion', 'You have been promoted to “Oil Pastels-Enhanced” effective 2025-07-17.', 0, '2025-07-18 05:39:29'),
(447, 181, 'Group Promotion', 'You have been promoted to “Oil Pastels-Enhanced” effective 2025-07-17.', 0, '2025-07-18 05:48:46'),
(448, 456, 'New Homework', 'You have new homework “HW - Print and color” dated 2025-07-18.', 1, '2025-07-18 06:03:48'),
(449, 461, 'New Homework', 'You have new homework “HW - Print and color” dated 2025-07-18.', 0, '2025-07-18 06:03:48'),
(450, 463, 'New Homework', 'You have new homework “HW - Print and color” dated 2025-07-18.', 0, '2025-07-18 06:03:48'),
(451, 464, 'New Homework', 'You have new homework “HW - Print and color” dated 2025-07-18.', 0, '2025-07-18 06:03:48'),
(452, 467, 'New Homework', 'You have new homework “HW - Print and color” dated 2025-07-18.', 0, '2025-07-18 06:03:48'),
(453, 486, 'New Homework', 'You have new homework “HW - Print and color” dated 2025-07-18.', 1, '2025-07-18 06:03:48'),
(454, 490, 'New Homework', 'You have new homework “HW - Print and color” dated 2025-07-18.', 0, '2025-07-18 06:03:48'),
(455, 449, 'New Homework', 'You have new homework “HW - Draw same as CW” dated 2025-07-18.', 1, '2025-07-18 06:06:29'),
(456, 454, 'New Homework', 'You have new homework “HW - Draw same as CW” dated 2025-07-18.', 1, '2025-07-18 06:06:29'),
(457, 460, 'New Homework', 'You have new homework “HW - Draw same as CW” dated 2025-07-18.', 0, '2025-07-18 06:06:29'),
(458, 465, 'New Homework', 'You have new homework “HW - Draw same as CW” dated 2025-07-18.', 0, '2025-07-18 06:06:29'),
(459, 488, 'New Homework', 'You have new homework “HW - Draw same as CW” dated 2025-07-18.', 0, '2025-07-18 06:06:29'),
(460, 489, 'New Homework', 'You have new homework “HW - Draw same as CW” dated 2025-07-18.', 0, '2025-07-18 06:06:29'),
(461, 500, 'New Homework', 'You have new homework “HW - Draw same as CW” dated 2025-07-18.', 1, '2025-07-18 06:06:29'),
(462, 453, 'New Homework', 'You have new homework “HW - Draw and color” dated 2025-07-18.', 1, '2025-07-18 06:09:41'),
(463, 459, 'New Homework', 'You have new homework “HW - Draw and color” dated 2025-07-18.', 1, '2025-07-18 06:09:41'),
(464, 457, 'New Homework', 'You have new homework “HW - Draw and shade” dated 2025-07-18.', 1, '2025-07-18 06:10:17'),
(465, 462, 'New Homework', 'You have new homework “HW - Draw and shade” dated 2025-07-18.', 0, '2025-07-18 06:10:17'),
(466, 466, 'New Homework', 'You have new homework “HW - Draw and shade” dated 2025-07-18.', 0, '2025-07-18 06:10:17'),
(467, 475, 'New Homework', 'You have new homework “HW - Draw and shade” dated 2025-07-18.', 0, '2025-07-18 06:10:17'),
(468, 483, 'New Homework', 'You have new homework “HW - Draw and shade” dated 2025-07-18.', 1, '2025-07-18 06:10:17'),
(469, 452, 'New Homework', 'You have new homework “HW - Draw and shade” dated 2025-07-18.', 1, '2025-07-18 06:11:25'),
(470, 474, 'New Homework', 'You have new homework “HW- Golf” dated 2025-07-18.', 0, '2025-07-18 07:12:50'),
(471, 189, 'New Homework', 'You have new homework “HW-Hockey” dated 2025-07-18.', 0, '2025-07-18 07:21:23'),
(472, 320, 'New Homework', 'You have new homework “HW-Hockey” dated 2025-07-18.', 0, '2025-07-18 07:21:23'),
(473, 185, 'New Homework', 'You have new homework “Hw- snow skiing” dated 2025-07-18.', 1, '2025-07-18 07:38:17'),
(474, 187, 'New Homework', 'You have new homework “Hw- snow skiing” dated 2025-07-18.', 0, '2025-07-18 07:38:17'),
(475, 178, 'New Homework', 'You have new homework “hw - Hockey” dated 2025-07-18.', 0, '2025-07-18 07:40:12'),
(476, 181, 'New Homework', 'You have new homework “hw - Hockey” dated 2025-07-18.', 0, '2025-07-18 07:40:12'),
(477, 178, 'New Homework', 'You have new homework “hw - golf” dated 2025-07-18.', 0, '2025-07-18 07:41:46'),
(478, 181, 'New Homework', 'You have new homework “hw - golf” dated 2025-07-18.', 0, '2025-07-18 07:41:46'),
(479, 183, 'New Homework', 'You have new homework “HW- Print and color (Golf)” dated 2025-07-18.', 1, '2025-07-18 07:49:35'),
(480, 187, 'New Homework', 'You have new homework “HW- Print and color (Golf)” dated 2025-07-18.', 0, '2025-07-18 07:49:35'),
(481, 182, 'New Homework', 'You have new homework “HW- Print and color yellow theme.” dated 2025-07-18.', 0, '2025-07-18 07:53:47'),
(482, 491, 'New Homework', 'You have new homework “HW - Landscape Scenery” dated 2025-07-19.', 0, '2025-07-19 04:20:14'),
(483, 464, 'Group Promotion', 'You have been promoted to “Oil Pastels-Basic Drawing” effective 2025-07-06.', 0, '2025-07-22 12:28:48'),
(484, 182, 'New Homework Assignment', 'You have been assigned: \'HW - Print and color the Image.\' for 2025-07-22', 0, '2025-07-22 13:13:08'),
(485, 183, 'New Homework Assignment', 'You have been assigned: \'HW - Print and color\' for 2025-07-22', 1, '2025-07-22 13:17:19'),
(486, 178, 'New Homework Assignment', 'You have been assigned: \'HW - golf Repeat the CW\' for 2025-07-22', 0, '2025-07-22 13:20:10'),
(487, 181, 'New Homework Assignment', 'You have been assigned: \'HW - golf Repeat the CW\' for 2025-07-22', 1, '2025-07-22 13:20:10'),
(488, 178, 'New Homework Assignment', 'You have been assigned: \'HW - Hockey\' for 2025-07-22', 0, '2025-07-22 13:36:35'),
(489, 181, 'New Homework Assignment', 'You have been assigned: \'HW - Hockey\' for 2025-07-22', 1, '2025-07-22 13:36:35'),
(490, 450, 'New Homework Assignment', 'You have been assigned: \'HW - Print and color Golf\' for 2025-07-22', 1, '2025-07-22 13:41:38'),
(491, 451, 'New Homework Assignment', 'You have been assigned: \'HW- Draw and Hockey\' for 2025-07-22', 1, '2025-07-22 13:48:14'),
(492, 204, 'New Homework Assignment', 'You have been assigned: \'HW- Draw and Hockey\' for 2025-07-22', 1, '2025-07-22 13:48:14'),
(493, 205, 'New Homework Assignment', 'You have been assigned: \'HW- Draw and Hockey\' for 2025-07-22', 1, '2025-07-22 13:48:14'),
(494, 201, 'New Homework Assignment', 'You have been assigned: \'HW - Snow skiing.\' for 2025-07-22', 1, '2025-07-22 13:53:44'),
(495, 200, 'New Homework Assignment', 'You have been assigned: \'HW - Snow skiing.\' for 2025-07-22', 0, '2025-07-22 13:53:44'),
(496, 199, 'New Homework Assignment', 'You have been assigned: \'HW - Snow skiing.\' for 2025-07-22', 0, '2025-07-22 13:53:44'),
(497, 196, 'New Homework Assignment', 'You have been assigned: \'HW - Snow skiing.\' for 2025-07-22', 1, '2025-07-22 13:53:44'),
(498, 487, 'New Homework Assignment', 'You have been assigned: \'HW - Snow skiing.\' for 2025-07-22', 0, '2025-07-22 13:53:44'),
(499, 195, 'New Homework Assignment', 'You have been assigned: \'HW - Snow skiing.\' for 2025-07-22', 1, '2025-07-22 13:53:44'),
(500, 198, 'New Homework Assignment', 'You have been assigned: \'HW - Snow skiing.\' for 2025-07-22', 0, '2025-07-22 13:53:44');
INSERT INTO `notifications` (`id`, `student_id`, `title`, `message`, `is_read`, `created_at`) VALUES
(501, 473, 'New Homework Assignment', 'You have been assigned: \'HW -  Front face women\'s portrait\' for 2025-07-22', 0, '2025-07-22 13:56:11'),
(502, 197, 'New Homework Assignment', 'You have been assigned: \'HW -  Front face women\'s portrait\' for 2025-07-22', 0, '2025-07-22 13:56:11'),
(503, 452, 'New Homework Assignment', 'You have been assigned: \'HW -  Front face women\'s portrait\' for 2025-07-22', 1, '2025-07-22 13:56:11'),
(504, 477, 'New Homework Assignment', 'You have been assigned: \'HW -  Front face women\'s portrait\' for 2025-07-22', 0, '2025-07-22 13:56:11'),
(505, 194, 'New Homework Assignment', 'You have been assigned: \'HW -  Front face women\'s portrait\' for 2025-07-22', 0, '2025-07-22 13:56:11'),
(506, 485, 'New Homework Assignment', 'You have been assigned: \'HW -  Front face women\'s portrait\' for 2025-07-22', 0, '2025-07-22 13:56:11'),
(507, 202, 'New Homework Assignment', 'You have been assigned: \'HW -  Front face women\'s portrait\' for 2025-07-22', 1, '2025-07-22 13:56:11'),
(508, 491, 'New Homework Assignment', 'You have been assigned: \'HW - Food .\' for 2025-07-22', 0, '2025-07-22 13:58:18'),
(509, 495, 'New Homework Assignment', 'You have been assigned: \'HW - Food .\' for 2025-07-22', 0, '2025-07-22 13:58:18'),
(510, 493, 'New Homework Assignment', 'You have been assigned: \'HW - Beach Drawing.\' for 2025-07-22', 0, '2025-07-22 13:59:10'),
(511, 469, 'New Homework Assignment', 'You have new homework assigned: \'HW - Print and color golf\' for 2025-07-23.', 0, '2025-07-23 14:55:15'),
(512, 470, 'New Homework Assignment', 'You have new homework assigned: \'HW - Print and color golf\' for 2025-07-23.', 1, '2025-07-23 14:55:15'),
(513, 497, 'New Homework Assignment', 'You have new homework assigned: \'HW - Print and color golf\' for 2025-07-23.', 0, '2025-07-23 14:55:15'),
(514, 498, 'New Homework Assignment', 'You have new homework assigned: \'HW - Print and color golf\' for 2025-07-23.', 0, '2025-07-23 14:55:15'),
(515, 468, 'New Homework Assignment', 'You have new homework assigned: \'HW - Repeat the golf HW .\' for 2025-07-23.', 1, '2025-07-23 14:56:06'),
(516, 471, 'New Homework Assignment', 'You have new homework assigned: \'HW - Repeat the golf HW .\' for 2025-07-23.', 0, '2025-07-23 14:56:06'),
(517, 499, 'New Homework Assignment', 'You have new homework assigned: \'HW - Repeat the golf HW .\' for 2025-07-23.', 0, '2025-07-23 14:56:06'),
(518, 501, 'New Homework Assignment', 'You have new homework assigned: \'HW - Repeat the golf HW .\' for 2025-07-23.', 1, '2025-07-23 14:56:06'),
(519, 472, 'New Homework Assignment', 'You have new homework assigned: \'HW -  Draw and color Hockey\' for 2025-07-23.', 1, '2025-07-23 14:56:50'),
(520, 476, 'New Homework Assignment', 'You have new homework assigned: \'HW - Draw and Shade hockey\' for 2025-07-23.', 0, '2025-07-23 14:58:11'),
(521, 194, 'New Homework Assignment', 'You have new homework assigned: \'HW old lady\' for 2025-07-23.', 0, '2025-07-23 15:02:08'),
(522, 197, 'New Homework Assignment', 'You have new homework assigned: \'HW old lady\' for 2025-07-23.', 0, '2025-07-23 15:02:08'),
(523, 202, 'New Homework Assignment', 'You have new homework assigned: \'HW old lady\' for 2025-07-23.', 1, '2025-07-23 15:02:08'),
(524, 452, 'New Homework Assignment', 'You have new homework assigned: \'HW old lady\' for 2025-07-23.', 1, '2025-07-23 15:02:08'),
(525, 473, 'New Homework Assignment', 'You have new homework assigned: \'HW old lady\' for 2025-07-23.', 0, '2025-07-23 15:02:08'),
(526, 477, 'New Homework Assignment', 'You have new homework assigned: \'HW old lady\' for 2025-07-23.', 0, '2025-07-23 15:02:08'),
(527, 485, 'New Homework Assignment', 'You have new homework assigned: \'HW old lady\' for 2025-07-23.', 0, '2025-07-23 15:02:08'),
(528, 456, 'New Homework Assignment', 'You have new homework assigned: \'HW - Print and color same as CW\' for 2025-07-23.', 1, '2025-07-23 15:10:11'),
(529, 461, 'New Homework Assignment', 'You have new homework assigned: \'HW - Print and color same as CW\' for 2025-07-23.', 0, '2025-07-23 15:10:11'),
(530, 463, 'New Homework Assignment', 'You have new homework assigned: \'HW - Print and color same as CW\' for 2025-07-23.', 0, '2025-07-23 15:10:11'),
(531, 467, 'New Homework Assignment', 'You have new homework assigned: \'HW - Print and color same as CW\' for 2025-07-23.', 0, '2025-07-23 15:10:11'),
(532, 486, 'New Homework Assignment', 'You have new homework assigned: \'HW - Print and color same as CW\' for 2025-07-23.', 1, '2025-07-23 15:10:11'),
(533, 490, 'New Homework Assignment', 'You have new homework assigned: \'HW - Print and color same as CW\' for 2025-07-23.', 0, '2025-07-23 15:10:11'),
(534, 449, 'New Homework Assignment', 'You have new homework assigned: \'HW - DRAW AND COLOR CYCLING\' for 2025-07-23.', 1, '2025-07-23 15:12:04'),
(535, 454, 'New Homework Assignment', 'You have new homework assigned: \'HW - DRAW AND COLOR CYCLING\' for 2025-07-23.', 1, '2025-07-23 15:12:04'),
(536, 460, 'New Homework Assignment', 'You have new homework assigned: \'HW - DRAW AND COLOR CYCLING\' for 2025-07-23.', 0, '2025-07-23 15:12:04'),
(537, 465, 'New Homework Assignment', 'You have new homework assigned: \'HW - DRAW AND COLOR CYCLING\' for 2025-07-23.', 0, '2025-07-23 15:12:04'),
(538, 488, 'New Homework Assignment', 'You have new homework assigned: \'HW - DRAW AND COLOR CYCLING\' for 2025-07-23.', 0, '2025-07-23 15:12:04'),
(539, 489, 'New Homework Assignment', 'You have new homework assigned: \'HW - DRAW AND COLOR CYCLING\' for 2025-07-23.', 0, '2025-07-23 15:12:04'),
(540, 500, 'New Homework Assignment', 'You have new homework assigned: \'HW - DRAW AND COLOR CYCLING\' for 2025-07-23.', 1, '2025-07-23 15:12:04'),
(541, 464, 'New Homework Assignment', 'You have new homework assigned: \'HW - DRAW AND COLOR CYCLING\' for 2025-07-23.', 0, '2025-07-23 15:12:04'),
(542, 189, 'New Homework Assignment', 'You have new homework assigned: \'HW - Skating\' for 2025-07-23.', 0, '2025-07-23 15:15:55'),
(543, 204, 'New Homework Assignment', 'You have new homework assigned: \'HW - Skating\' for 2025-07-23.', 1, '2025-07-23 15:15:55'),
(544, 205, 'New Homework Assignment', 'You have new homework assigned: \'HW - Skating\' for 2025-07-23.', 1, '2025-07-23 15:15:55'),
(545, 451, 'New Homework Assignment', 'You have new homework assigned: \'HW - Skating\' for 2025-07-23.', 1, '2025-07-23 15:15:55'),
(546, 453, 'New Homework Assignment', 'You have new homework assigned: \'HW - Skating\' for 2025-07-23.', 0, '2025-07-23 15:15:55'),
(547, 459, 'New Homework Assignment', 'You have new homework assigned: \'HW - Skating\' for 2025-07-23.', 1, '2025-07-23 15:15:55'),
(548, 472, 'New Homework Assignment', 'You have new homework assigned: \'HW - Skating\' for 2025-07-23.', 1, '2025-07-23 15:15:55'),
(549, 320, 'New Homework Assignment', 'You have new homework assigned: \'HW - Skating\' for 2025-07-23.', 0, '2025-07-23 15:15:55'),
(550, 178, 'New Homework Assignment', 'You have new homework assigned: \'HW - Skating\' for 2025-07-23.', 0, '2025-07-23 15:15:55'),
(551, 181, 'New Homework Assignment', 'You have new homework assigned: \'HW - Skating\' for 2025-07-23.', 1, '2025-07-23 15:15:55'),
(552, 457, 'New Homework Assignment', 'You have new homework assigned: \'HW - snow skiing\' for 2025-07-23.', 1, '2025-07-23 15:17:21'),
(553, 462, 'New Homework Assignment', 'You have new homework assigned: \'HW - snow skiing\' for 2025-07-23.', 0, '2025-07-23 15:17:21'),
(554, 466, 'New Homework Assignment', 'You have new homework assigned: \'HW - snow skiing\' for 2025-07-23.', 0, '2025-07-23 15:17:21'),
(555, 475, 'New Homework Assignment', 'You have new homework assigned: \'HW - snow skiing\' for 2025-07-23.', 0, '2025-07-23 15:17:21'),
(556, 483, 'New Homework Assignment', 'You have new homework assigned: \'HW - snow skiing\' for 2025-07-23.', 1, '2025-07-23 15:17:21'),
(557, 491, 'New Homework Assignment', 'You have new homework assigned: \'HW - Draw and paint the Monument\' for 2025-07-23.', 0, '2025-07-23 15:22:59'),
(558, 474, 'New Homework Assignment', 'You have new homework assigned: \'HW -Cycling\' for 2025-07-23.', 0, '2025-07-23 15:39:18'),
(559, 185, 'Stars Awarded', 'You have been awarded 1 stars. Reason: Great Monument', 1, '2025-07-24 13:31:10'),
(560, 195, 'New Homework Assignment', 'You have new homework assigned: \'HW - Boxing\' for 2025-07-25.', 1, '2025-07-25 14:42:57'),
(561, 196, 'New Homework Assignment', 'You have new homework assigned: \'HW - Boxing\' for 2025-07-25.', 1, '2025-07-25 14:42:57'),
(562, 198, 'New Homework Assignment', 'You have new homework assigned: \'HW - Boxing\' for 2025-07-25.', 0, '2025-07-25 14:42:57'),
(563, 199, 'New Homework Assignment', 'You have new homework assigned: \'HW - Boxing\' for 2025-07-25.', 0, '2025-07-25 14:42:57'),
(564, 200, 'New Homework Assignment', 'You have new homework assigned: \'HW - Boxing\' for 2025-07-25.', 0, '2025-07-25 14:42:57'),
(565, 201, 'New Homework Assignment', 'You have new homework assigned: \'HW - Boxing\' for 2025-07-25.', 1, '2025-07-25 14:42:57'),
(566, 487, 'New Homework Assignment', 'You have new homework assigned: \'HW - Boxing\' for 2025-07-25.', 0, '2025-07-25 14:42:57'),
(567, 450, 'New Homework Assignment', 'You have new homework assigned: \'HW - Print and color Cycling\' for 2025-07-25.', 1, '2025-07-25 14:44:05'),
(568, 182, 'New Homework Assignment', 'You have new homework assigned: \'HW- Print and color Brown\' for 2025-07-30.', 0, '2025-07-30 07:19:56'),
(569, 481, 'New Homework Assignment', 'You have new homework assigned: \'HW- Print and color Brown\' for 2025-07-30.', 1, '2025-07-30 07:19:56'),
(570, 183, 'New Homework Assignment', 'You have new homework assigned: \'HW - Print and Color Bhil folk Art\' for 2025-07-30.', 1, '2025-07-30 07:21:52'),
(571, 450, 'New Homework Assignment', 'You have new homework assigned: \'HW - Print and Color Bhil folk Art\' for 2025-07-30.', 1, '2025-07-30 07:21:52'),
(572, 456, 'New Homework Assignment', 'You have new homework assigned: \'HW - Print and Color Bhil folk Art\' for 2025-07-30.', 1, '2025-07-30 07:21:52'),
(573, 461, 'New Homework Assignment', 'You have new homework assigned: \'HW - Print and Color Bhil folk Art\' for 2025-07-30.', 0, '2025-07-30 07:21:52'),
(574, 463, 'New Homework Assignment', 'You have new homework assigned: \'HW - Print and Color Bhil folk Art\' for 2025-07-30.', 0, '2025-07-30 07:21:52'),
(575, 467, 'New Homework Assignment', 'You have new homework assigned: \'HW - Print and Color Bhil folk Art\' for 2025-07-30.', 0, '2025-07-30 07:21:52'),
(576, 469, 'New Homework Assignment', 'You have new homework assigned: \'HW - Print and Color Bhil folk Art\' for 2025-07-30.', 0, '2025-07-30 07:21:52'),
(577, 470, 'New Homework Assignment', 'You have new homework assigned: \'HW - Print and Color Bhil folk Art\' for 2025-07-30.', 1, '2025-07-30 07:21:52'),
(578, 486, 'New Homework Assignment', 'You have new homework assigned: \'HW - Print and Color Bhil folk Art\' for 2025-07-30.', 1, '2025-07-30 07:21:52'),
(579, 490, 'New Homework Assignment', 'You have new homework assigned: \'HW - Print and Color Bhil folk Art\' for 2025-07-30.', 1, '2025-07-30 07:21:52'),
(580, 497, 'New Homework Assignment', 'You have new homework assigned: \'HW - Print and Color Bhil folk Art\' for 2025-07-30.', 0, '2025-07-30 07:21:52'),
(581, 498, 'New Homework Assignment', 'You have new homework assigned: \'HW - Print and Color Bhil folk Art\' for 2025-07-30.', 0, '2025-07-30 07:21:52'),
(582, 503, 'New Homework Assignment', 'You have new homework assigned: \'HW - Print and Color Bhil folk Art\' for 2025-07-30.', 0, '2025-07-30 07:21:52'),
(583, 449, 'New Homework Assignment', 'You have new homework assigned: \'HW - Draw and color Bhil art same as CW\' for 2025-07-30.', 0, '2025-07-30 07:23:30'),
(584, 454, 'New Homework Assignment', 'You have new homework assigned: \'HW - Draw and color Bhil art same as CW\' for 2025-07-30.', 1, '2025-07-30 07:23:30'),
(585, 460, 'New Homework Assignment', 'You have new homework assigned: \'HW - Draw and color Bhil art same as CW\' for 2025-07-30.', 0, '2025-07-30 07:23:30'),
(586, 465, 'New Homework Assignment', 'You have new homework assigned: \'HW - Draw and color Bhil art same as CW\' for 2025-07-30.', 0, '2025-07-30 07:23:30'),
(587, 468, 'New Homework Assignment', 'You have new homework assigned: \'HW - Draw and color Bhil art same as CW\' for 2025-07-30.', 1, '2025-07-30 07:23:30'),
(588, 471, 'New Homework Assignment', 'You have new homework assigned: \'HW - Draw and color Bhil art same as CW\' for 2025-07-30.', 0, '2025-07-30 07:23:30'),
(589, 474, 'New Homework Assignment', 'You have new homework assigned: \'HW - Draw and color Bhil art same as CW\' for 2025-07-30.', 0, '2025-07-30 07:23:30'),
(590, 478, 'New Homework Assignment', 'You have new homework assigned: \'HW - Draw and color Bhil art same as CW\' for 2025-07-30.', 0, '2025-07-30 07:23:30'),
(591, 479, 'New Homework Assignment', 'You have new homework assigned: \'HW - Draw and color Bhil art same as CW\' for 2025-07-30.', 0, '2025-07-30 07:23:30'),
(592, 488, 'New Homework Assignment', 'You have new homework assigned: \'HW - Draw and color Bhil art same as CW\' for 2025-07-30.', 0, '2025-07-30 07:23:30'),
(593, 489, 'New Homework Assignment', 'You have new homework assigned: \'HW - Draw and color Bhil art same as CW\' for 2025-07-30.', 0, '2025-07-30 07:23:30'),
(594, 499, 'New Homework Assignment', 'You have new homework assigned: \'HW - Draw and color Bhil art same as CW\' for 2025-07-30.', 0, '2025-07-30 07:23:30'),
(595, 500, 'New Homework Assignment', 'You have new homework assigned: \'HW - Draw and color Bhil art same as CW\' for 2025-07-30.', 1, '2025-07-30 07:23:30'),
(596, 501, 'New Homework Assignment', 'You have new homework assigned: \'HW - Draw and color Bhil art same as CW\' for 2025-07-30.', 1, '2025-07-30 07:23:30'),
(597, 464, 'New Homework Assignment', 'You have new homework assigned: \'HW - Draw and color Bhil art same as CW\' for 2025-07-30.', 0, '2025-07-30 07:23:30'),
(598, 189, 'New Homework Assignment', 'You have new homework assigned: \'HW - Draw and color Madubani art HW\' for 2025-07-30.', 0, '2025-07-30 07:31:27'),
(599, 204, 'New Homework Assignment', 'You have new homework assigned: \'HW - Draw and color Madubani art HW\' for 2025-07-30.', 1, '2025-07-30 07:31:27'),
(600, 205, 'New Homework Assignment', 'You have new homework assigned: \'HW - Draw and color Madubani art HW\' for 2025-07-30.', 0, '2025-07-30 07:31:27'),
(601, 451, 'New Homework Assignment', 'You have new homework assigned: \'HW - Draw and color Madubani art HW\' for 2025-07-30.', 1, '2025-07-30 07:31:27'),
(602, 453, 'New Homework Assignment', 'You have new homework assigned: \'HW - Draw and color Madubani art HW\' for 2025-07-30.', 0, '2025-07-30 07:31:27'),
(603, 459, 'New Homework Assignment', 'You have new homework assigned: \'HW - Draw and color Madubani art HW\' for 2025-07-30.', 1, '2025-07-30 07:31:27'),
(604, 472, 'New Homework Assignment', 'You have new homework assigned: \'HW - Draw and color Madubani art HW\' for 2025-07-30.', 1, '2025-07-30 07:31:27'),
(605, 320, 'New Homework Assignment', 'You have new homework assigned: \'HW - Draw and color Madubani art HW\' for 2025-07-30.', 0, '2025-07-30 07:31:27'),
(606, 178, 'New Homework Assignment', 'You have new homework assigned: \'HW - Draw and color Madubani art HW\' for 2025-07-30.', 0, '2025-07-30 07:31:27'),
(607, 181, 'New Homework Assignment', 'You have new homework assigned: \'HW - Draw and color Madubani art HW\' for 2025-07-30.', 1, '2025-07-30 07:31:27'),
(608, 185, 'New Homework Assignment', 'You have new homework assigned: \'HW- Modern art Suprematism\' for 2025-07-30.', 1, '2025-07-30 07:40:32'),
(609, 187, 'New Homework Assignment', 'You have new homework assigned: \'HW- Modern art Suprematism\' for 2025-07-30.', 0, '2025-07-30 07:40:32'),
(610, 195, 'New Homework Assignment', 'You have new homework assigned: \'HW- Modern art Suprematism\' for 2025-07-30.', 0, '2025-07-30 07:40:32'),
(611, 196, 'New Homework Assignment', 'You have new homework assigned: \'HW- Modern art Suprematism\' for 2025-07-30.', 1, '2025-07-30 07:40:32'),
(612, 198, 'New Homework Assignment', 'You have new homework assigned: \'HW- Modern art Suprematism\' for 2025-07-30.', 0, '2025-07-30 07:40:32'),
(613, 199, 'New Homework Assignment', 'You have new homework assigned: \'HW- Modern art Suprematism\' for 2025-07-30.', 0, '2025-07-30 07:40:32'),
(614, 200, 'New Homework Assignment', 'You have new homework assigned: \'HW- Modern art Suprematism\' for 2025-07-30.', 0, '2025-07-30 07:40:32'),
(615, 201, 'New Homework Assignment', 'You have new homework assigned: \'HW- Modern art Suprematism\' for 2025-07-30.', 0, '2025-07-30 07:40:32'),
(616, 457, 'New Homework Assignment', 'You have new homework assigned: \'HW- Modern art Suprematism\' for 2025-07-30.', 1, '2025-07-30 07:40:32'),
(617, 462, 'New Homework Assignment', 'You have new homework assigned: \'HW- Modern art Suprematism\' for 2025-07-30.', 0, '2025-07-30 07:40:32'),
(618, 466, 'New Homework Assignment', 'You have new homework assigned: \'HW- Modern art Suprematism\' for 2025-07-30.', 0, '2025-07-30 07:40:32'),
(619, 475, 'New Homework Assignment', 'You have new homework assigned: \'HW- Modern art Suprematism\' for 2025-07-30.', 0, '2025-07-30 07:40:32'),
(620, 476, 'New Homework Assignment', 'You have new homework assigned: \'HW- Modern art Suprematism\' for 2025-07-30.', 0, '2025-07-30 07:40:32'),
(621, 480, 'New Homework Assignment', 'You have new homework assigned: \'HW- Modern art Suprematism\' for 2025-07-30.', 0, '2025-07-30 07:40:32'),
(622, 483, 'New Homework Assignment', 'You have new homework assigned: \'HW- Modern art Suprematism\' for 2025-07-30.', 1, '2025-07-30 07:40:32'),
(623, 487, 'New Homework Assignment', 'You have new homework assigned: \'HW- Modern art Suprematism\' for 2025-07-30.', 0, '2025-07-30 07:40:32'),
(624, 494, 'New Homework Assignment', 'You have new homework assigned: \'HW- Modern art Suprematism\' for 2025-07-30.', 0, '2025-07-30 07:40:32'),
(625, 185, 'Group Promotion', 'You have been promoted to “Pencil Sketch” effective 2025-07-24.', 0, '2025-07-31 11:58:00'),
(626, 462, 'Group Promotion', 'You have been promoted to “Pencil Sketch” effective 2025-07-27.', 0, '2025-08-01 03:59:56'),
(627, 495, 'Payment Approved', 'Your payment proof #331 for ₹3540.00 has been approved. Your total paid is ₹3540.00.', 0, '2025-08-01 07:42:52'),
(628, 504, 'Payment Approved', 'Your payment proof #332 for ₹11693.80 has been approved. Your total paid is ₹11693.80.', 1, '2025-08-01 09:10:49'),
(629, 505, 'Payment Approved', 'Your payment proof #335 for ₹7122.48 has been approved. Your total paid is ₹7122.48.', 0, '2025-08-02 13:45:43'),
(630, 501, 'Stars Awarded', 'You have been awarded 4 stars. Reason: Rewarded for month of july', 0, '2025-08-03 10:30:27'),
(631, 187, 'Stars Awarded', 'You have been awarded 4 stars. Reason: Rewarded for the month of July', 0, '2025-08-03 10:30:44'),
(632, 476, 'Stars Awarded', 'You have been awarded 4 stars. Reason: Rewarded for July month.', 0, '2025-08-03 10:31:11'),
(633, 473, 'Stars Awarded', 'You have been awarded 4 stars. Reason: Rewarded for July month', 0, '2025-08-03 10:31:24'),
(634, 201, 'Stars Awarded', 'You have been awarded 4 stars. Reason: For an excellent july month', 0, '2025-08-03 10:35:19'),
(635, 475, 'Stars Awarded', 'You have been awarded 4 stars. Reason: For July month', 0, '2025-08-03 10:37:11'),
(636, 197, 'Stars Awarded', 'You have been awarded 4 stars. Reason: For July month', 0, '2025-08-03 10:37:28'),
(637, 185, 'Stars Awarded', 'You have been awarded 4 stars. Reason: For July 25', 0, '2025-08-03 10:37:54'),
(638, 200, 'Stars Awarded', 'You have been awarded 4 stars. Reason: For July CW', 0, '2025-08-03 10:38:13'),
(639, 449, 'Stars Awarded', 'You have been awarded 4 stars. Reason: For July 25', 0, '2025-08-03 10:38:24'),
(640, 503, 'Payment Approved', 'Your payment proof #336 for ₹2950.00 has been approved. Your total paid is ₹2950.00.', 0, '2025-08-03 12:03:40'),
(641, 456, 'New Homework Assignment', 'You have new homework assigned: \'Hw- Print and color Madhubani art\' for 2025-08-04.', 1, '2025-08-04 07:46:57'),
(642, 461, 'New Homework Assignment', 'You have new homework assigned: \'Hw- Print and color Madhubani art\' for 2025-08-04.', 0, '2025-08-04 07:46:57'),
(643, 463, 'New Homework Assignment', 'You have new homework assigned: \'Hw- Print and color Madhubani art\' for 2025-08-04.', 0, '2025-08-04 07:46:57'),
(644, 467, 'New Homework Assignment', 'You have new homework assigned: \'Hw- Print and color Madhubani art\' for 2025-08-04.', 0, '2025-08-04 07:46:57'),
(645, 486, 'New Homework Assignment', 'You have new homework assigned: \'Hw- Print and color Madhubani art\' for 2025-08-04.', 0, '2025-08-04 07:46:57'),
(646, 490, 'New Homework Assignment', 'You have new homework assigned: \'Hw- Print and color Madhubani art\' for 2025-08-04.', 0, '2025-08-04 07:46:57'),
(647, 449, 'New Homework Assignment', 'You have new homework assigned: \'HW - Draw & color Madhubani art\' for 2025-08-04.', 0, '2025-08-04 07:49:35'),
(648, 454, 'New Homework Assignment', 'You have new homework assigned: \'HW - Draw & color Madhubani art\' for 2025-08-04.', 0, '2025-08-04 07:49:35'),
(649, 464, 'New Homework Assignment', 'You have new homework assigned: \'HW - Draw & color Madhubani art\' for 2025-08-04.', 0, '2025-08-04 07:49:35'),
(650, 465, 'New Homework Assignment', 'You have new homework assigned: \'HW - Draw & color Madhubani art\' for 2025-08-04.', 0, '2025-08-04 07:49:35'),
(651, 488, 'New Homework Assignment', 'You have new homework assigned: \'HW - Draw & color Madhubani art\' for 2025-08-04.', 0, '2025-08-04 07:49:35'),
(652, 489, 'New Homework Assignment', 'You have new homework assigned: \'HW - Draw & color Madhubani art\' for 2025-08-04.', 0, '2025-08-04 07:49:35'),
(653, 500, 'New Homework Assignment', 'You have new homework assigned: \'HW - Draw & color Madhubani art\' for 2025-08-04.', 0, '2025-08-04 07:49:35'),
(654, 452, 'Stars Awarded', 'You have been awarded 4 stars. Reason: Recognized with 4 stars for outstanding July CW submission.', 0, '2025-08-04 11:53:34'),
(655, 479, 'Stars Awarded', 'You have been awarded 2 stars. Reason: July CW excellence', 0, '2025-08-04 11:54:30'),
(656, 472, 'Stars Awarded', 'You have been awarded 4 stars. Reason: July CW excellence well earned', 0, '2025-08-04 11:55:02'),
(657, 453, 'Stars Awarded', 'You have been awarded 3 stars. Reason: July CW excellence', 0, '2025-08-04 11:55:51'),
(658, 454, 'Stars Awarded', 'You have been awarded 3 stars. Reason: July CW excellence well earned', 0, '2025-08-04 11:56:10'),
(659, 483, 'Stars Awarded', 'You have been awarded 3 stars. Reason: Recognition for consistent quality in July CW', 0, '2025-08-04 11:57:01'),
(660, 477, 'Stars Awarded', 'You have been awarded 4 stars. Reason: Recognition for consistent quality in July CW', 0, '2025-08-04 11:57:53'),
(661, 456, 'Stars Awarded', 'You have been awarded 4 stars. Reason: Recognition for consistent quality in July CW', 1, '2025-08-04 11:58:13'),
(662, 481, 'Stars Awarded', 'You have been awarded 4 stars. Reason: Keep up the momentum—4 stars for July CW success', 0, '2025-08-04 11:58:45'),
(663, 199, 'Stars Awarded', 'You have been awarded 4 stars. Reason: Keep up the momentum—4 stars for July CW success', 0, '2025-08-04 11:59:00'),
(664, 478, 'Stars Awarded', 'You have been awarded 4 stars. Reason: Keep up the momentum—4 stars for July CW success', 0, '2025-08-04 11:59:18'),
(665, 194, 'Stars Awarded', 'You have been awarded 4 stars. Reason: Keep up the momentum—4 stars for July CW success', 0, '2025-08-04 11:59:43'),
(666, 457, 'Stars Awarded', 'You have been awarded 4 stars. Reason: July CW magic—4 stars unlocked', 0, '2025-08-04 12:01:06'),
(667, 459, 'Stars Awarded', 'You have been awarded 4 stars. Reason: Recognition for consistent quality in July CW', 0, '2025-08-04 12:01:21'),
(668, 196, 'Stars Awarded', 'You have been awarded 4 stars. Reason: Keep up the momentum—4 stars for July CW success', 0, '2025-08-04 12:01:32'),
(669, 468, 'Stars Awarded', 'You have been awarded 4 stars. Reason: July CW magic—4 stars unlocked', 0, '2025-08-04 12:01:49'),
(670, 489, 'Stars Awarded', 'You have been awarded 4 stars. Reason: July CW magic—4 stars unlocked', 0, '2025-08-04 12:02:04'),
(671, 469, 'Stars Awarded', 'You have been awarded 4 stars. Reason: July CW: 4 stars added to your creative galaxy', 0, '2025-08-04 12:02:47'),
(672, 488, 'Stars Awarded', 'You have been awarded 4 stars. Reason: July CW: 4 stars added to your creative galaxy', 0, '2025-08-04 12:03:04'),
(673, 451, 'Stars Awarded', 'You have been awarded 4 stars. Reason: Great effort in July CW—4 stars to celebrate your progress', 0, '2025-08-04 12:03:31'),
(674, 450, 'Stars Awarded', 'You have been awarded 4 stars. Reason: July CW magic—4 stars unlocked', 0, '2025-08-04 12:04:51'),
(675, 500, 'Stars Awarded', 'You have been awarded 4 stars. Reason: Keep up the momentum—4 stars for July CW success', 0, '2025-08-04 12:05:09'),
(676, 498, 'Stars Awarded', 'You have been awarded 4 stars. Reason: July CW magic—4 stars unlocked', 0, '2025-08-04 12:09:14'),
(677, 461, 'Stars Awarded', 'You have been awarded 4 stars. Reason: Keep up the momentum—4 stars for July CW success', 0, '2025-08-04 12:09:30'),
(678, 491, 'Stars Awarded', 'You have been awarded 4 stars. Reason: Recognition for consistent quality in July CW', 0, '2025-08-04 12:09:46'),
(679, 471, 'Stars Awarded', 'You have been awarded 4 stars. Reason: Solid work in July CW—4 stars and growing stronger', 0, '2025-08-04 12:11:46'),
(680, 462, 'Stars Awarded', 'You have been awarded 4 stars. Reason: Solid work in July CW—4 stars and growing stronger', 0, '2025-08-04 12:12:02'),
(681, 505, 'Stars Awarded', 'You have been awarded 1 stars. Reason: Keep up the momentum.', 0, '2025-08-04 12:12:31'),
(682, 493, 'Stars Awarded', 'You have been awarded 4 stars. Reason: July CW excellence well earned', 0, '2025-08-04 12:12:52'),
(683, 494, 'Stars Awarded', 'You have been awarded 4 stars. Reason: Keep up the momentum—4 stars for July CW success', 0, '2025-08-04 12:13:04'),
(684, 487, 'Stars Awarded', 'You have been awarded 4 stars. Reason: Solid work in July CW—4 stars and growing stronger', 0, '2025-08-04 12:13:23'),
(685, 486, 'Stars Awarded', 'You have been awarded 4 stars. Reason: Solid work in July CW—4 stars and growing stronger', 0, '2025-08-04 12:13:39'),
(686, 178, 'Stars Awarded', 'You have been awarded 4 stars. Reason: Solid work in July CW—4 stars and growing stronger', 0, '2025-08-04 12:13:53'),
(687, 480, 'Stars Awarded', 'You have been awarded 4 stars. Reason: Solid work in July CW—4 stars and growing stronger', 0, '2025-08-04 12:14:15'),
(688, 474, 'Stars Awarded', 'You have been awarded 4 stars. Reason: July CW excellence well earned', 0, '2025-08-04 12:16:34'),
(689, 463, 'Stars Awarded', 'You have been awarded 4 stars. Reason: Solid work in July CW—4 stars and growing stronger', 0, '2025-08-04 12:16:46'),
(690, 195, 'Stars Awarded', 'You have been awarded 1 stars. Reason: Excellent CW (Hampi).', 0, '2025-08-04 12:17:58'),
(691, 470, 'Stars Awarded', 'You have been awarded 4 stars. Reason: July CW magic—4 stars unlocked', 0, '2025-08-04 12:18:16'),
(692, 464, 'Stars Awarded', 'You have been awarded 4 stars. Reason: July CW excellence well earned', 0, '2025-08-04 12:18:36'),
(693, 490, 'Stars Awarded', 'You have been awarded 4 stars. Reason: July CW excellence well earned', 0, '2025-08-04 12:20:59'),
(694, 497, 'Stars Awarded', 'You have been awarded 4 stars. Reason: July CW excellence well earned', 0, '2025-08-04 12:21:16'),
(695, 496, 'Stars Awarded', 'You have been awarded 2 stars. Reason: July CW excellence well earned', 0, '2025-08-04 12:21:33'),
(696, 499, 'Stars Awarded', 'You have been awarded 4 stars. Reason: July CW excellence well earned', 0, '2025-08-04 12:24:06'),
(697, 485, 'Stars Awarded', 'You have been awarded 4 stars. Reason: Recognition for consistent quality in July CW', 0, '2025-08-04 12:24:25'),
(698, 189, 'Stars Awarded', 'You have been awarded 4 stars. Reason: Keep up the momentum—4 stars for July CW success', 0, '2025-08-04 12:24:36'),
(699, 204, 'Stars Awarded', 'You have been awarded 3 stars. Reason: Keep up the momentum, 3 stars for July CW success', 0, '2025-08-04 12:24:59'),
(700, 495, 'Stars Awarded', 'You have been awarded 4 stars. Reason: July CW excellence well earned', 0, '2025-08-04 12:25:11'),
(701, 181, 'Stars Awarded', 'You have been awarded 4 stars. Reason: Keep up the momentum—4 stars for July CW success', 0, '2025-08-04 12:25:27'),
(702, 183, 'Stars Awarded', 'You have been awarded 4 stars. Reason: July CW magic—4 stars unlocked', 0, '2025-08-04 12:25:40'),
(703, 205, 'Stars Awarded', 'You have been awarded 4 stars. Reason: Solid work in July CW—4 stars and growing stronger', 0, '2025-08-04 12:25:52'),
(704, 202, 'Stars Awarded', 'You have been awarded 3 stars. Reason: July CW magic—3 stars unlocked', 1, '2025-08-04 12:26:14'),
(705, 504, 'Stars Awarded', 'You have been awarded 1 stars. Reason: Excellent CW Aug week 1', 0, '2025-08-04 12:26:44'),
(706, 465, 'Stars Awarded', 'You have been awarded 4 stars. Reason: Solid work in July CW—4 stars and growing stronger', 0, '2025-08-04 12:26:55'),
(707, 320, 'Stars Awarded', 'You have been awarded 4 stars. Reason: Keep up the momentum—4 stars for July CW success', 0, '2025-08-04 12:27:13'),
(708, 466, 'Stars Awarded', 'You have been awarded 4 stars. Reason: Recognition for consistent quality in July CW', 0, '2025-08-04 12:27:24'),
(709, 198, 'Stars Awarded', 'You have been awarded 4 stars. Reason: July CW excellence well earned', 0, '2025-08-04 12:27:36'),
(710, 467, 'Stars Awarded', 'You have been awarded 4 stars. Reason: July CW magic—4 stars unlocked', 0, '2025-08-04 12:27:46'),
(711, 453, 'New Homework Assignment', 'You have new homework assigned: \'HW - August Week 1 Folk art\' for 2025-08-04.', 0, '2025-08-04 12:46:53'),
(712, 459, 'New Homework Assignment', 'You have new homework assigned: \'HW - August Week 1 Folk art\' for 2025-08-04.', 0, '2025-08-04 12:46:53'),
(713, 457, 'New Homework Assignment', 'You have new homework assigned: \'HW- Week 1 August folk art\' for 2025-08-04.', 0, '2025-08-04 12:49:28'),
(714, 466, 'New Homework Assignment', 'You have new homework assigned: \'HW- Week 1 August folk art\' for 2025-08-04.', 0, '2025-08-04 12:49:28'),
(715, 475, 'New Homework Assignment', 'You have new homework assigned: \'HW- Week 1 August folk art\' for 2025-08-04.', 0, '2025-08-04 12:49:28'),
(716, 483, 'New Homework Assignment', 'You have new homework assigned: \'HW- Week 1 August folk art\' for 2025-08-04.', 0, '2025-08-04 12:49:28'),
(717, 452, 'New Homework Assignment', 'You have new homework assigned: \'HW - Week 1 August Elon Musk\' for 2025-08-04.', 0, '2025-08-04 12:51:25'),
(718, 481, 'New Homework Assignment', 'You have new homework assigned: \'HW - August week 1 ( Print & Color Gray)\' for 2025-08-04.', 0, '2025-08-04 15:30:52'),
(719, 478, 'New Homework Assignment', 'You have new homework assigned: \'HW -HW - Draw & color Madhubani art Week 1\' for 2025-08-04.', 0, '2025-08-04 15:32:30'),
(720, 479, 'New Homework Assignment', 'You have new homework assigned: \'HW -HW - Draw & color Madhubani art Week 1\' for 2025-08-04.', 0, '2025-08-04 15:32:30'),
(721, 480, 'New Homework Assignment', 'You have new homework assigned: \'HW- Week 1 August folk art\' for 2025-08-04.', 0, '2025-08-04 15:34:24'),
(722, 477, 'New Homework Assignment', 'You have new homework assigned: \'HW - Week 1 August Elon Musk\' for 2025-08-04.', 0, '2025-08-04 15:36:08'),
(723, 449, 'Payment Approved', 'Your payment proof #337 for ₹3186.00 has been approved. Your total paid is ₹3186.00.', 0, '2025-08-05 03:51:46'),
(724, 456, 'Payment Approved', 'Your payment proof #338 for ₹3186.00 has been approved. Your total paid is ₹3186.00.', 0, '2025-08-05 03:57:20'),
(725, 454, 'Payment Approved', 'Your payment proof #339 for ₹3186.00 has been approved. Your total paid is ₹3186.00.', 0, '2025-08-05 05:17:21');

-- --------------------------------------------------------

--
-- Table structure for table `password_resets`
--

CREATE TABLE `password_resets` (
  `id` int(11) NOT NULL,
  `email` varchar(255) NOT NULL,
  `token` varchar(64) NOT NULL,
  `expires_at` datetime NOT NULL
) ENGINE=InnoDB DEFAULT CHARSET=utf8mb4 COLLATE=utf8mb4_general_ci;

-- --------------------------------------------------------

--
-- Table structure for table `payments`
--

CREATE TABLE `payments` (
  `payment_id` int(10) UNSIGNED NOT NULL,
  `student_id` int(10) UNSIGNED NOT NULL,
  `status` enum('Paid','Pending','Overdue') NOT NULL DEFAULT 'Pending',
  `amount_paid` decimal(10,2) NOT NULL DEFAULT 0.00,
  `amount_due` decimal(10,2) NOT NULL DEFAULT 0.00,
  `due_date` date NOT NULL,
  `paid_at` datetime DEFAULT NULL
) ENGINE=InnoDB DEFAULT CHARSET=utf8mb4 COLLATE=utf8mb4_general_ci;

--
-- Dumping data for table `payments`
--

INSERT INTO `payments` (`payment_id`, `student_id`, `status`, `amount_paid`, `amount_due`, `due_date`, `paid_at`) VALUES
(190, 178, 'Paid', 1770.00, 1770.00, '2025-08-05', '2025-07-05 09:14:56'),
(193, 181, 'Paid', 3186.00, 3186.00, '2025-09-05', '2025-07-03 14:55:58'),
(194, 182, 'Paid', 3186.00, 3186.00, '2025-08-05', '2025-06-05 15:14:05'),
(195, 183, 'Paid', 3186.00, 3186.00, '2025-08-05', '2025-06-04 15:15:09'),
(197, 185, 'Paid', 3611.00, 3611.00, '2025-09-05', '2025-07-01 15:17:04'),
(200, 187, 'Paid', 3611.00, 3611.00, '2025-08-05', '2025-06-01 15:49:24'),
(201, 188, 'Paid', 4812.00, 4812.00, '2025-09-05', '2025-06-05 17:29:14'),
(202, 189, 'Paid', 4812.00, 4812.00, '2025-09-05', '2025-06-07 10:12:41'),
(204, 191, 'Paid', 5380.80, 5380.80, '2025-09-05', '2025-06-20 11:30:46'),
(207, 194, 'Paid', 10408.00, 10408.00, '2025-12-05', '2025-06-05 16:22:15'),
(208, 195, 'Paid', 2241.00, 2241.00, '2025-07-05', '2025-06-05 16:26:29'),
(209, 196, 'Paid', 9416.00, 9416.00, '2025-12-05', '2025-06-02 16:24:03'),
(210, 197, 'Paid', 10408.00, 10408.00, '2025-11-05', '2025-05-05 16:17:10'),
(211, 198, 'Paid', 9416.00, 9416.00, '2025-10-05', '2025-04-03 16:07:59'),
(212, 199, 'Paid', 9416.00, 9416.00, '2025-12-05', '2025-06-06 16:20:42'),
(213, 200, 'Paid', 5381.00, 5381.00, '2025-08-05', '2025-05-04 16:19:49'),
(214, 201, 'Paid', 5381.00, 5381.00, '2025-09-05', '2025-06-05 16:14:52'),
(215, 202, 'Paid', 5947.00, 5947.00, '2025-09-05', '2025-06-05 16:28:51'),
(216, 203, 'Paid', 4812.00, 4812.00, '2025-09-05', '2025-06-05 16:25:13'),
(217, 204, 'Paid', 4812.00, 4812.00, '2025-09-05', '2025-06-05 16:27:58'),
(218, 205, 'Paid', 4812.00, 4812.00, '2025-09-05', '2025-06-05 16:42:13'),
(224, 449, 'Paid', 3186.00, 3186.00, '2025-08-05', '2025-06-03 10:49:57'),
(225, 450, 'Paid', 4812.00, 4812.00, '2025-09-05', '2025-06-05 11:01:01'),
(226, 451, 'Paid', 4812.00, 4812.00, '2025-09-05', '2025-06-05 11:01:01'),
(227, 452, 'Paid', 4248.00, 4248.00, '2025-08-05', '2025-06-05 10:51:49'),
(228, 453, 'Paid', 3186.00, 3186.00, '2025-09-05', '2025-07-03 11:04:48'),
(229, 454, 'Paid', 3186.00, 3186.00, '2025-08-05', '2025-06-01 11:12:14'),
(230, 455, 'Paid', 2006.00, 2006.00, '2025-07-05', '2025-06-01 11:12:14'),
(231, 456, 'Paid', 3186.00, 3186.00, '2025-08-05', '2025-06-05 11:12:14'),
(232, 457, 'Paid', 3611.00, 3611.00, '2025-08-05', '2025-06-04 11:12:14'),
(233, 459, 'Paid', 3186.00, 3186.00, '2025-09-05', '2025-07-03 11:12:14'),
(234, 460, 'Paid', 1770.00, 1770.00, '2025-07-05', '2025-06-02 11:12:14'),
(235, 461, 'Paid', 1770.00, 1770.00, '2025-08-05', '2025-07-04 11:12:14'),
(237, 463, 'Paid', 1770.00, 1770.00, '2025-07-05', '2025-06-03 11:12:14'),
(238, 464, 'Paid', 3186.00, 3186.00, '2025-09-05', '2025-07-04 11:12:14'),
(239, 465, 'Paid', 3186.00, 3186.00, '2025-08-05', '2025-06-01 11:12:14'),
(240, 466, 'Paid', 3611.00, 3611.00, '2025-08-05', '2025-06-05 11:12:14'),
(241, 467, 'Paid', 3186.00, 3186.00, '2025-08-05', '2025-06-01 11:12:14'),
(242, 468, 'Paid', 4812.00, 4812.00, '2025-09-05', '2025-06-04 18:08:44'),
(243, 469, 'Paid', 4812.00, 4812.00, '2025-09-05', '2025-06-05 18:08:44'),
(244, 470, 'Paid', 4812.00, 4812.00, '2025-08-05', '2025-05-03 18:08:44'),
(245, 471, 'Paid', 9829.00, 9829.00, '2025-10-05', '2025-04-11 18:08:44'),
(246, 472, 'Paid', 4812.00, 4812.00, '2025-10-05', '2025-07-05 18:08:44'),
(247, 473, 'Paid', 10408.00, 10408.00, '2025-10-05', '2025-04-05 18:31:56'),
(250, 476, 'Paid', 9416.00, 9416.40, '2025-10-05', '2025-04-05 13:48:31'),
(251, 477, 'Paid', 4248.00, 4248.00, '2025-08-05', '2025-06-04 13:42:46'),
(252, 478, 'Paid', 1770.00, 1770.00, '2025-08-05', '2025-07-05 13:42:46'),
(253, 479, 'Paid', 3186.00, 3186.00, '2025-08-05', '2025-06-03 13:40:11'),
(255, 481, 'Paid', 3186.00, 3186.00, '2025-08-05', '2025-06-02 13:42:46'),
(256, 482, 'Paid', 2950.00, 2950.00, '2025-07-05', '2025-06-05 17:54:32'),
(260, 485, 'Paid', 2950.00, 2950.00, '2025-07-05', '2025-06-05 10:32:04'),
(262, 487, 'Paid', 7882.40, 7882.40, '2025-10-05', '2025-07-01 06:03:10'),
(906, 484, 'Paid', 7122.48, 7122.48, '2025-10-06', '2025-07-06 12:54:22'),
(907, 489, 'Paid', 3186.00, 3186.00, '2025-09-05', '2025-07-07 20:08:11'),
(908, 462, 'Paid', 2006.00, 2006.00, '2025-08-05', '2025-07-06 04:34:44'),
(909, 474, 'Paid', 4812.00, 4812.00, '2025-09-05', '2025-06-08 04:40:21'),
(910, 488, 'Paid', 1770.00, 1770.00, '2025-08-05', '2025-07-08 05:22:38'),
(911, 490, 'Paid', 1770.00, 1770.00, '2025-08-03', '2025-07-03 10:16:22'),
(913, 491, 'Paid', 11398.80, 11398.80, '2025-10-05', '2025-04-05 20:21:44'),
(918, 448, 'Paid', 3540.00, 3540.00, '2025-08-10', '2025-07-10 05:13:24'),
(919, 492, 'Paid', 4717.64, 4717.64, '2025-08-10', '2025-07-10 05:54:37'),
(920, 493, 'Paid', 0.00, 0.00, '2025-08-03', '2025-07-03 21:43:21'),
(921, 494, 'Paid', 0.00, 0.00, '2025-08-03', '2025-07-03 21:43:44'),
(922, 495, 'Paid', 0.00, 0.00, '0000-00-00', NULL),
(923, 496, 'Paid', 13374.00, 13374.00, '2025-12-05', '2025-06-05 21:46:26'),
(924, 475, 'Paid', 2006.00, 0.00, '2025-08-05', '2025-06-28 10:48:02'),
(930, 447, 'Pending', 0.00, 2004.82, '2025-08-05', NULL),
(931, 497, 'Pending', 0.00, 7122.48, '0000-00-00', NULL),
(932, 497, 'Paid', 7122.48, 7122.48, '2025-10-05', '2025-07-14 07:34:07'),
(933, 498, 'Pending', 0.00, 7122.48, '0000-00-00', NULL),
(934, 498, 'Paid', 7122.48, 7122.48, '2025-10-05', '2025-07-14 07:33:50'),
(935, 499, 'Pending', 0.00, 7122.48, '0000-00-00', NULL),
(936, 499, 'Paid', 7122.48, 7122.48, '2025-10-05', '2025-07-14 07:32:53'),
(937, 500, 'Pending', 0.00, 2478.00, '0000-00-00', NULL),
(938, 500, 'Paid', 2478.00, 2478.00, '2025-08-05', '2025-07-14 04:03:54'),
(939, 501, 'Paid', 4812.00, 4812.00, '0000-00-00', '2025-05-03 17:36:27'),
(940, 502, 'Pending', 0.00, 6605.64, '0000-00-00', NULL),
(941, 320, 'Paid', 4812.00, 4812.00, '0000-00-00', '2025-06-05 17:29:14'),
(942, 503, 'Pending', 0.00, 2950.00, '0000-00-00', NULL),
(943, 495, 'Paid', 3540.00, 3540.00, '2025-09-05', '2025-08-01 07:42:52'),
(944, 504, 'Pending', 0.00, 11693.80, '0000-00-00', NULL),
(945, 504, 'Paid', 11693.80, 11693.80, '2026-02-05', '2025-08-01 09:10:49'),
(946, 505, 'Pending', 0.00, 7122.48, '0000-00-00', NULL),
(947, 480, 'Pending', 0.00, 3610.80, '2025-08-05', NULL),
(956, 505, 'Paid', 7122.48, 7122.48, '2025-11-05', '2025-08-02 13:45:43'),
(973, 503, 'Paid', 2950.00, 2950.00, '2025-08-05', '2025-08-03 12:03:40'),
(978, 449, 'Paid', 3186.00, 3186.00, '2025-08-05', '2025-08-05 03:51:46'),
(979, 456, 'Paid', 3186.00, 3186.00, '2025-08-05', '2025-08-05 03:57:20'),
(980, 454, 'Paid', 3186.00, 0.00, '0000-00-00', '2025-08-05 05:17:21');

-- --------------------------------------------------------

--
-- Table structure for table `payment_plans`
--

CREATE TABLE `payment_plans` (
  `id` int(10) UNSIGNED NOT NULL,
  `centre_id` int(10) UNSIGNED NOT NULL,
  `art_group_id` int(10) UNSIGNED DEFAULT NULL,
  `plan_name` varchar(100) NOT NULL,
  `duration_months` int(11) NOT NULL,
  `amount` decimal(10,2) NOT NULL,
  `enrollment_fee` decimal(10,2) NOT NULL DEFAULT 0.00,
  `advance_fee` decimal(10,2) NOT NULL DEFAULT 0.00,
  `prorate_allowed` tinyint(1) NOT NULL DEFAULT 0,
  `late_fee` decimal(10,2) NOT NULL DEFAULT 0.00,
  `gst_percent` decimal(5,2) NOT NULL DEFAULT 0.00
) ENGINE=InnoDB DEFAULT CHARSET=utf8mb4 COLLATE=utf8mb4_general_ci;

--
-- Dumping data for table `payment_plans`
--

INSERT INTO `payment_plans` (`id`, `centre_id`, `art_group_id`, `plan_name`, `duration_months`, `amount`, `enrollment_fee`, `advance_fee`, `prorate_allowed`, `late_fee`, `gst_percent`) VALUES
(37, 1, 2, 'Oil pastels -Monthly', 1, 1500.00, 600.00, 0.00, 0, 0.00, 18.00),
(40, 1, 3, 'Oil pastels -2- Monthly', 2, 2700.00, 600.00, 0.00, 0, 100.00, 18.00),
(43, 1, 5, 'Color Pencils – Monthly', 1, 1700.00, 600.00, 0.00, 0, 100.00, 18.00),
(44, 1, 5, 'Color Pencils – 2-Month', 2, 3060.00, 600.00, 0.00, 0, 100.00, 18.00),
(45, 3, 3, 'Core works', 3, 4077.00, 600.00, 1359.00, 0, 100.00, 18.00),
(46, 3, 1, 'Regular Works', 1, 1699.00, 600.00, 1699.00, 0, 100.00, 18.00),
(47, 3, 4, 'Pro Works - 6 months', 6, 7140.00, 600.00, 1190.00, 0, 100.00, 18.00),
(48, 3, 5, 'Regular Works - Monthly', 1, 1899.00, 600.00, 1899.00, 0, 100.00, 18.00),
(49, 3, 5, 'Core Works -3M', 3, 4560.00, 600.00, 1520.00, 0, 100.00, 18.00),
(50, 3, 5, 'Pro Works - 6 months', 6, 7980.00, 600.00, 1330.00, 0, 100.00, 18.00),
(51, 3, 8, 'Pro Works - 6 months', 6, 8820.00, 600.00, 1470.00, 0, 100.00, 18.00),
(52, 3, 6, 'Core Works -3M', 3, 5040.00, 600.00, 1680.00, 0, 100.00, 18.00),
(56, 3, 8, 'Core Works -3M', 3, 5040.00, 600.00, 1680.00, 0, 100.00, 18.00),
(58, 3, 8, 'Regular Works - Monthly', 1, 2099.00, 600.00, 2099.00, 0, 100.00, 18.00),
(59, 3, 9, 'Regular Works - Monthly', 1, 2299.00, 1000.00, 2299.00, 0, 100.00, 18.00),
(60, 3, 9, 'Core Works -3M', 3, 5517.00, 1000.00, 1839.00, 0, 100.00, 18.00),
(61, 3, 9, 'Pro Works - 6 months', 6, 9660.00, 1000.00, 1610.00, 0, 100.00, 18.00),
(72, 6, 3, 'Oil pastels - Monthly', 1, 1500.00, 600.00, 0.00, 0, 100.00, 18.00),
(77, 6, 3, 'Oil pastels - 2 Months', 2, 2700.00, 600.00, 0.00, 0, 100.00, 18.00),
(86, 2, 1, 'Oil Pastels-2 months', 2, 2700.00, 600.00, 0.00, 0, 100.00, 18.00),
(87, 2, 1, 'Oil pastels -Monthly', 1, 1500.00, 600.00, 0.00, 0, 100.00, 18.00),
(88, 2, 5, 'Regular Works', 1, 1700.00, 600.00, 0.00, 0, 100.00, 18.00),
(89, 2, 5, 'Core Works', 2, 3060.00, 600.00, 0.00, 0, 100.00, 18.00),
(90, 2, 6, 'Regular Works', 1, 2000.00, 600.00, 0.00, 0, 100.00, 18.00),
(91, 2, 8, 'Core Works', 2, 3600.00, 600.00, 0.00, 0, 100.00, 18.00),
(92, 10, 3, 'Core works', 3, 4077.00, 600.00, 1359.00, 0, 100.00, 18.00),
(93, 10, 1, 'Regular Works', 1, 1699.00, 600.00, 1699.00, 0, 100.00, 18.00),
(94, 10, 4, 'Pro Works - 6 months', 6, 7140.00, 600.00, 1190.00, 0, 100.00, 18.00),
(95, 10, 5, 'Regular Works - Monthly', 1, 1899.00, 600.00, 1899.00, 0, 100.00, 18.00),
(96, 10, 5, 'Core Works -3M', 3, 4560.00, 600.00, 1520.00, 0, 100.00, 18.00),
(97, 10, 5, 'Pro Works - 6 months', 6, 7980.00, 600.00, 1330.00, 0, 100.00, 18.00),
(98, 10, 8, 'Pro Works - 6 months', 6, 8820.00, 600.00, 1470.00, 0, 100.00, 18.00),
(99, 10, 6, 'Core Works -3M', 3, 5040.00, 600.00, 1680.00, 0, 100.00, 18.00),
(100, 10, 8, 'Core Works -3M', 3, 5040.00, 600.00, 1680.00, 0, 100.00, 18.00),
(101, 10, 8, 'Regular Works - Monthly', 1, 2099.00, 600.00, 2099.00, 0, 100.00, 18.00),
(102, 10, 9, 'Regular Works - Monthly', 1, 2299.00, 1000.00, 2299.00, 0, 100.00, 18.00),
(103, 10, 9, 'Core Works -3M', 3, 5517.00, 1000.00, 1839.00, 0, 100.00, 18.00),
(104, 10, 9, 'Pro Works - 6 months', 6, 9660.00, 1000.00, 1610.00, 0, 100.00, 18.00),
(105, 2, NULL, 'Portrait – 2-Months', 2, 3600.00, 600.00, 0.00, 0, 100.00, 18.00),
(106, 2, NULL, 'Portrait – Monthly', 1, 1800.00, 600.00, 0.00, 0, 100.00, 18.00),
(108, 6, NULL, 'Color pencil - 2 Month', 2, 3060.00, 600.00, 0.00, 0, 100.00, 18.00),
(109, 6, NULL, 'Color pencil - Monthly', 1, 1700.00, 600.00, 0.00, 0, 100.00, 18.00),
(118, 5, NULL, 'Portrait monthly Online', 1, 2500.00, 600.00, 0.00, 0, 100.00, 18.00),
(132, 5, 9, 'Watercolor Online Monthly', 1, 3000.00, 0.00, 0.00, 0, 0.00, 18.00),
(134, 10, 10, 'Pro Works - 6 months', 6, 10500.00, 1000.00, 1750.00, 0, 100.00, 18.00),
(135, 10, 11, 'Pro Works - 6 months', 6, 11334.00, 1500.00, 1889.00, 0, 100.00, 18.00),
(136, 5, 5, 'color Pencils -Monthly', 1, 3500.00, 600.00, 0.00, 0, 100.00, 18.00),
(137, 5, 8, 'Regular Works - Monthly', 1, 2500.00, 600.00, 0.00, 0, 100.00, 18.00),
(138, 5, 10, 'Regular Works - Monthly', 1, 4000.00, 1000.00, 0.00, 0, 100.00, 18.00),
(139, 9, 3, 'Core Works -3M', 3, 4077.00, 600.00, 1359.00, 0, 100.00, 18.00),
(140, 9, 3, 'Oil pastels -Monthly', 1, 1669.00, 600.00, 1699.00, 0, 100.00, 18.00);

-- --------------------------------------------------------

--
-- Table structure for table `payment_plans_backup`
--

CREATE TABLE `payment_plans_backup` (
  `id` int(10) UNSIGNED NOT NULL DEFAULT 0,
  `centre_id` int(10) UNSIGNED NOT NULL,
  `art_group_id` int(10) UNSIGNED DEFAULT NULL,
  `plan_name` varchar(100) CHARACTER SET utf8mb4 COLLATE utf8mb4_general_ci NOT NULL,
  `duration_months` int(11) NOT NULL,
  `amount` decimal(10,2) NOT NULL,
  `enrollment_fee` decimal(10,2) NOT NULL DEFAULT 0.00,
  `advance_fee` decimal(10,2) NOT NULL DEFAULT 0.00,
  `prorate_allowed` tinyint(1) NOT NULL DEFAULT 0,
  `late_fee` decimal(10,2) NOT NULL DEFAULT 0.00,
  `gst_percent` decimal(5,2) NOT NULL DEFAULT 0.00
) ENGINE=InnoDB DEFAULT CHARSET=utf8mb4 COLLATE=utf8mb4_unicode_ci;

--
-- Dumping data for table `payment_plans_backup`
--

INSERT INTO `payment_plans_backup` (`id`, `centre_id`, `art_group_id`, `plan_name`, `duration_months`, `amount`, `enrollment_fee`, `advance_fee`, `prorate_allowed`, `late_fee`, `gst_percent`) VALUES
(37, 1, 2, 'Oil pastels -Monthly', 1, 1500.00, 600.00, 0.00, 0, 0.00, 18.00),
(40, 1, 3, 'Oil pastels -2- Monthly', 2, 2700.00, 600.00, 0.00, 0, 100.00, 18.00),
(43, 1, 5, 'Color Pencils – Monthly', 1, 1700.00, 600.00, 0.00, 0, 100.00, 18.00),
(44, 1, 5, 'Color Pencils – 2-Month', 2, 3060.00, 600.00, 0.00, 0, 100.00, 18.00),
(45, 3, 3, 'Core works', 3, 4077.00, 600.00, 1359.00, 0, 100.00, 18.00),
(46, 3, 1, 'Regular Works', 1, 1699.00, 600.00, 1699.00, 0, 100.00, 18.00),
(47, 3, 4, 'Pro Works - 6 months', 6, 7140.00, 600.00, 1190.00, 0, 100.00, 18.00),
(48, 3, 5, 'Regular Works - Monthly', 1, 1899.00, 600.00, 1899.00, 0, 100.00, 18.00),
(49, 3, 5, 'Core Works -3M', 3, 4560.00, 600.00, 1520.00, 0, 100.00, 18.00),
(50, 3, 5, 'Pro Works - 6 months', 6, 7980.00, 600.00, 1330.00, 0, 100.00, 18.00),
(51, 3, 8, 'Pro Works - 6 months', 6, 8820.00, 600.00, 1470.00, 0, 100.00, 18.00),
(52, 3, 6, 'Core Works -3M', 3, 5040.00, 600.00, 1680.00, 0, 100.00, 18.00),
(56, 3, 8, 'Core Works -3M', 3, 5040.00, 600.00, 1680.00, 0, 100.00, 18.00),
(58, 3, 8, 'Regular Works - Monthly', 1, 2099.00, 600.00, 2099.00, 0, 100.00, 18.00),
(59, 3, 9, 'Regular Works - Monthly', 1, 2299.00, 1000.00, 2299.00, 0, 100.00, 18.00),
(60, 3, 9, 'Core Works -3M', 3, 5517.00, 1000.00, 1839.00, 0, 100.00, 18.00),
(61, 3, 9, 'Pro Works - 6 months', 6, 9660.00, 1000.00, 1610.00, 0, 100.00, 18.00),
(72, 6, 3, 'Oil pastels - Monthly', 1, 1500.00, 600.00, 0.00, 0, 100.00, 18.00),
(77, 6, 3, 'Oil pastels - 2 Months', 2, 2700.00, 600.00, 0.00, 0, 100.00, 18.00),
(86, 2, 1, 'Oil Pastels-2 months', 2, 2700.00, 600.00, 0.00, 0, 100.00, 18.00),
(87, 2, 1, 'Oil pastels -Monthly', 1, 1500.00, 600.00, 0.00, 0, 100.00, 18.00),
(88, 2, 5, 'Regular Works', 1, 1700.00, 600.00, 0.00, 0, 100.00, 18.00),
(89, 2, 5, 'Core Works', 2, 3060.00, 600.00, 0.00, 0, 100.00, 18.00),
(90, 2, 6, 'Regular Works', 1, 2000.00, 600.00, 0.00, 0, 100.00, 18.00),
(91, 2, 8, 'Core Works', 2, 3600.00, 600.00, 0.00, 0, 100.00, 18.00),
(92, 10, 3, 'Core works', 3, 4077.00, 600.00, 1359.00, 0, 100.00, 18.00),
(93, 10, 1, 'Regular Works', 1, 1699.00, 600.00, 1699.00, 0, 100.00, 18.00),
(94, 10, 4, 'Pro Works - 6 months', 6, 7140.00, 600.00, 1190.00, 0, 100.00, 18.00),
(95, 10, 5, 'Regular Works - Monthly', 1, 1899.00, 600.00, 1899.00, 0, 100.00, 18.00),
(96, 10, 5, 'Core Works -3M', 3, 4560.00, 600.00, 1520.00, 0, 100.00, 18.00),
(97, 10, 5, 'Pro Works - 6 months', 6, 7980.00, 600.00, 1330.00, 0, 100.00, 18.00),
(98, 10, 8, 'Pro Works - 6 months', 6, 8820.00, 600.00, 1470.00, 0, 100.00, 18.00),
(99, 10, 6, 'Core Works -3M', 3, 5040.00, 600.00, 1680.00, 0, 100.00, 18.00),
(100, 10, 8, 'Core Works -3M', 3, 5040.00, 600.00, 1680.00, 0, 100.00, 18.00),
(101, 10, 8, 'Regular Works - Monthly', 1, 2099.00, 600.00, 2099.00, 0, 100.00, 18.00),
(102, 10, 9, 'Regular Works - Monthly', 1, 2299.00, 1000.00, 2299.00, 0, 100.00, 18.00),
(103, 10, 9, 'Core Works -3M', 3, 5517.00, 1000.00, 1839.00, 0, 100.00, 18.00),
(104, 10, 9, 'Pro Works - 6 months', 6, 9660.00, 1000.00, 1610.00, 0, 100.00, 18.00),
(105, 2, NULL, 'Portrait – 2-Months', 2, 3600.00, 600.00, 0.00, 0, 100.00, 18.00),
(106, 2, NULL, 'Portrait – Monthly', 1, 1800.00, 600.00, 0.00, 0, 100.00, 18.00),
(108, 6, NULL, 'Color pencil - 2 Month', 2, 3060.00, 600.00, 0.00, 0, 100.00, 18.00),
(109, 6, NULL, 'Color pencil - Monthly', 1, 1700.00, 600.00, 0.00, 0, 100.00, 18.00),
(118, 5, NULL, 'Portrait monthly Online', 1, 2500.00, 600.00, 0.00, 0, 100.00, 18.00);

-- --------------------------------------------------------

--
-- Table structure for table `payment_proofs`
--

CREATE TABLE `payment_proofs` (
  `id` int(11) UNSIGNED NOT NULL,
  `student_id` int(11) UNSIGNED NOT NULL,
  `payment_id` int(10) UNSIGNED NOT NULL,
  `file_path` varchar(255) NOT NULL,
  `uploaded_at` datetime NOT NULL DEFAULT current_timestamp(),
  `status` enum('Pending','Approved','Rejected') NOT NULL DEFAULT 'Pending',
  `admin_comment` varchar(255) DEFAULT NULL,
  `payment_method` enum('UPI','BankTransfer','Cash','Other') NOT NULL DEFAULT 'UPI',
  `txn_id` varchar(100) DEFAULT NULL,
  `approved_at` datetime DEFAULT NULL,
  `method` enum('UPI','Bank','Cash') NOT NULL DEFAULT 'UPI',
  `amount` decimal(10,2) NOT NULL DEFAULT 0.00,
  `rejection_reason` text DEFAULT NULL
) ENGINE=InnoDB DEFAULT CHARSET=utf8mb4 COLLATE=utf8mb4_general_ci;

--
-- Dumping data for table `payment_proofs`
--

INSERT INTO `payment_proofs` (`id`, `student_id`, `payment_id`, `file_path`, `uploaded_at`, `status`, `admin_comment`, `payment_method`, `txn_id`, `approved_at`, `method`, `amount`, `rejection_reason`) VALUES
(194, 178, 190, 'auto_seed/proof_190.jpg', '2025-07-05 09:14:56', 'Approved', NULL, 'UPI', NULL, '2025-07-05 09:14:56', 'UPI', 1770.00, NULL),
(195, 181, 193, 'auto_seed/proof_193.jpg', '2025-07-03 14:55:58', 'Approved', NULL, 'UPI', NULL, '2025-07-03 14:55:58', 'UPI', 3186.00, NULL),
(196, 182, 194, 'auto_seed/proof_194.jpg', '2025-06-05 15:14:05', 'Approved', NULL, 'UPI', NULL, '2025-06-05 15:14:05', 'UPI', 3186.00, NULL),
(197, 183, 195, 'auto_seed/proof_195.jpg', '2025-06-04 15:15:09', 'Approved', NULL, 'UPI', NULL, '2025-06-04 15:15:09', 'UPI', 3186.00, NULL),
(198, 185, 197, 'auto_seed/proof_197.jpg', '2025-07-01 15:17:04', 'Approved', NULL, 'UPI', NULL, '2025-07-01 15:17:04', 'UPI', 3611.00, NULL),
(199, 187, 200, 'auto_seed/proof_200.jpg', '2025-06-01 15:49:24', 'Approved', NULL, 'UPI', NULL, '2025-06-01 15:49:24', 'UPI', 3611.00, NULL),
(200, 188, 201, 'auto_seed/proof_201.jpg', '2025-06-05 17:29:14', 'Approved', NULL, 'UPI', NULL, '2025-06-05 17:29:14', 'UPI', 4812.00, NULL),
(201, 189, 202, 'auto_seed/proof_202.jpg', '2025-06-07 10:12:41', 'Approved', NULL, 'UPI', NULL, '2025-06-07 10:12:41', 'UPI', 4812.00, NULL),
(202, 191, 204, 'auto_seed/proof_204.jpg', '2025-06-20 11:30:46', 'Approved', NULL, 'UPI', NULL, '2025-06-20 11:30:46', 'UPI', 5380.80, NULL),
(203, 194, 207, 'auto_seed/proof_207.jpg', '2025-06-05 16:22:15', 'Approved', NULL, 'UPI', NULL, '2025-06-05 16:22:15', 'UPI', 10408.00, NULL),
(204, 195, 208, 'auto_seed/proof_208.jpg', '2025-06-05 16:26:29', 'Approved', NULL, 'UPI', NULL, '2025-06-05 16:26:29', 'UPI', 2241.00, NULL),
(205, 196, 209, 'auto_seed/proof_209.jpg', '2025-06-02 16:24:03', 'Approved', NULL, 'UPI', NULL, '2025-06-02 16:24:03', 'UPI', 9416.00, NULL),
(206, 197, 210, 'auto_seed/proof_210.jpg', '2025-05-05 16:17:10', 'Approved', NULL, 'UPI', NULL, '2025-05-05 16:17:10', 'UPI', 10408.00, NULL),
(207, 198, 211, 'auto_seed/proof_211.jpg', '2025-04-03 16:07:59', 'Approved', NULL, 'UPI', NULL, '2025-04-03 16:07:59', 'UPI', 9416.00, NULL),
(208, 199, 212, 'auto_seed/proof_212.jpg', '2025-06-06 16:20:42', 'Approved', NULL, 'UPI', NULL, '2025-06-06 16:20:42', 'UPI', 9416.00, NULL),
(209, 200, 213, 'auto_seed/proof_213.jpg', '2025-05-04 16:19:49', 'Approved', NULL, 'UPI', NULL, '2025-05-04 16:19:49', 'UPI', 5381.00, NULL),
(210, 201, 214, 'auto_seed/proof_214.jpg', '2025-06-05 16:14:52', 'Approved', NULL, 'UPI', NULL, '2025-06-05 16:14:52', 'UPI', 5381.00, NULL),
(211, 202, 215, 'auto_seed/proof_215.jpg', '2025-06-05 16:28:51', 'Approved', NULL, 'UPI', NULL, '2025-06-05 16:28:51', 'UPI', 5947.00, NULL),
(212, 203, 216, 'auto_seed/proof_216.jpg', '2025-06-05 16:25:13', 'Approved', NULL, 'UPI', NULL, '2025-06-05 16:25:13', 'UPI', 4812.00, NULL),
(213, 204, 217, 'auto_seed/proof_217.jpg', '2025-06-05 16:27:58', 'Approved', NULL, 'UPI', NULL, '2025-06-05 16:27:58', 'UPI', 4812.00, NULL),
(214, 205, 218, 'auto_seed/proof_218.jpg', '2025-06-05 16:42:13', 'Approved', NULL, 'UPI', NULL, '2025-06-05 16:42:13', 'UPI', 4812.00, NULL),
(215, 449, 224, 'auto_seed/proof_224.jpg', '2025-06-03 10:49:57', 'Approved', NULL, 'UPI', NULL, '2025-06-03 10:49:57', 'UPI', 3186.00, NULL),
(216, 450, 225, 'auto_seed/proof_225.jpg', '2025-06-05 11:01:01', 'Approved', NULL, 'UPI', NULL, '2025-06-05 11:01:01', 'UPI', 4812.00, NULL),
(217, 451, 226, 'auto_seed/proof_226.jpg', '2025-06-05 11:01:01', 'Approved', NULL, 'UPI', NULL, '2025-06-05 11:01:01', 'UPI', 4812.00, NULL),
(218, 452, 227, 'auto_seed/proof_227.jpg', '2025-06-05 10:51:49', 'Approved', NULL, 'UPI', NULL, '2025-06-05 10:51:49', 'UPI', 4248.00, NULL),
(219, 453, 228, 'auto_seed/proof_228.jpg', '2025-07-03 11:04:48', 'Approved', NULL, 'UPI', NULL, '2025-07-03 11:04:48', 'UPI', 3186.00, NULL),
(220, 454, 229, 'auto_seed/proof_229.jpg', '2025-06-01 11:12:14', 'Approved', NULL, 'UPI', NULL, '2025-06-01 11:12:14', 'UPI', 3186.00, NULL),
(221, 455, 230, 'auto_seed/proof_230.jpg', '2025-06-01 11:12:14', 'Approved', NULL, 'UPI', NULL, '2025-06-01 11:12:14', 'UPI', 2006.00, NULL),
(222, 456, 231, 'auto_seed/proof_231.jpg', '2025-06-05 11:12:14', 'Approved', NULL, 'UPI', NULL, '2025-06-05 11:12:14', 'UPI', 3186.00, NULL),
(223, 457, 232, 'auto_seed/proof_232.jpg', '2025-06-04 11:12:14', 'Approved', NULL, 'UPI', NULL, '2025-06-04 11:12:14', 'UPI', 3611.00, NULL),
(224, 459, 233, 'auto_seed/proof_233.jpg', '2025-07-03 11:12:14', 'Approved', NULL, 'UPI', NULL, '2025-07-03 11:12:14', 'UPI', 3186.00, NULL),
(225, 460, 234, 'auto_seed/proof_234.jpg', '2025-06-02 11:12:14', 'Approved', NULL, 'UPI', NULL, '2025-06-02 11:12:14', 'UPI', 1770.00, NULL),
(226, 461, 235, 'auto_seed/proof_235.jpg', '2025-07-04 11:12:14', 'Approved', NULL, 'UPI', NULL, '2025-07-04 11:12:14', 'UPI', 1770.00, NULL),
(227, 463, 237, 'auto_seed/proof_237.jpg', '2025-06-03 11:12:14', 'Approved', NULL, 'UPI', NULL, '2025-06-03 11:12:14', 'UPI', 1770.00, NULL),
(228, 464, 238, 'auto_seed/proof_238.jpg', '2025-07-04 11:12:14', 'Approved', NULL, 'UPI', NULL, '2025-07-04 11:12:14', 'UPI', 3186.00, NULL),
(229, 465, 239, 'auto_seed/proof_239.jpg', '2025-06-01 11:12:14', 'Approved', NULL, 'UPI', NULL, '2025-06-01 11:12:14', 'UPI', 3186.00, NULL),
(230, 466, 240, 'auto_seed/proof_240.jpg', '2025-06-05 11:12:14', 'Approved', NULL, 'UPI', NULL, '2025-06-05 11:12:14', 'UPI', 3611.00, NULL),
(231, 467, 241, 'auto_seed/proof_241.jpg', '2025-06-01 11:12:14', 'Approved', NULL, 'UPI', NULL, '2025-06-01 11:12:14', 'UPI', 3186.00, NULL),
(232, 468, 242, 'auto_seed/proof_242.jpg', '2025-06-04 18:08:44', 'Approved', NULL, 'UPI', NULL, '2025-06-04 18:08:44', 'UPI', 4812.00, NULL),
(233, 469, 243, 'auto_seed/proof_243.jpg', '2025-06-05 18:08:44', 'Approved', NULL, 'UPI', NULL, '2025-06-05 18:08:44', 'UPI', 4812.00, NULL),
(234, 470, 244, 'auto_seed/proof_244.jpg', '2025-05-03 18:08:44', 'Approved', NULL, 'UPI', NULL, '2025-05-03 18:08:44', 'UPI', 4812.00, NULL),
(235, 471, 245, 'auto_seed/proof_245.jpg', '2025-04-11 18:08:44', 'Approved', NULL, 'UPI', NULL, '2025-04-11 18:08:44', 'UPI', 9829.00, NULL),
(236, 472, 246, 'auto_seed/proof_246.jpg', '2025-07-05 18:08:44', 'Approved', NULL, 'UPI', NULL, '2025-07-05 18:08:44', 'UPI', 4812.00, NULL),
(237, 473, 247, 'auto_seed/proof_247.jpg', '2025-04-05 18:31:56', 'Approved', NULL, 'UPI', NULL, '2025-04-05 18:31:56', 'UPI', 10408.00, NULL),
(238, 476, 250, 'auto_seed/proof_250.jpg', '2025-04-05 13:48:31', 'Approved', NULL, 'UPI', NULL, '2025-04-05 13:48:31', 'UPI', 9416.00, NULL),
(239, 477, 251, 'auto_seed/proof_251.jpg', '2025-06-04 13:42:46', 'Approved', NULL, 'UPI', NULL, '2025-06-04 13:42:46', 'UPI', 4248.00, NULL),
(240, 478, 252, 'auto_seed/proof_252.jpg', '2025-07-05 13:42:46', 'Approved', NULL, 'UPI', NULL, '2025-07-05 13:42:46', 'UPI', 1770.00, NULL),
(241, 479, 253, 'auto_seed/proof_253.jpg', '2025-06-03 13:40:11', 'Approved', NULL, 'UPI', NULL, '2025-06-03 13:40:11', 'UPI', 3186.00, NULL),
(242, 481, 255, 'auto_seed/proof_255.jpg', '2025-06-02 13:42:46', 'Approved', NULL, 'UPI', NULL, '2025-06-02 13:42:46', 'UPI', 3186.00, NULL),
(243, 482, 256, 'auto_seed/proof_256.jpg', '2025-06-05 17:54:32', 'Approved', NULL, 'UPI', NULL, '2025-06-05 17:54:32', 'UPI', 2950.00, NULL),
(244, 485, 260, 'auto_seed/proof_260.jpg', '2025-06-05 10:32:04', 'Approved', NULL, 'UPI', NULL, '2025-06-05 10:32:04', 'UPI', 2950.00, NULL),
(245, 487, 262, 'auto_seed/proof_262.jpg', '2025-07-01 06:03:10', 'Approved', NULL, 'UPI', NULL, '2025-07-01 06:03:10', 'UPI', 7882.40, NULL),
(246, 484, 906, 'auto_seed/proof_906.jpg', '2025-07-06 12:54:22', 'Approved', NULL, 'UPI', NULL, '2025-07-06 12:54:22', 'UPI', 7122.48, NULL),
(247, 489, 907, 'auto_seed/proof_907.jpg', '2025-07-07 20:08:11', 'Approved', NULL, 'UPI', NULL, '2025-07-07 20:08:11', 'UPI', 3186.00, NULL),
(248, 462, 908, 'auto_seed/proof_908.jpg', '2025-07-06 04:34:44', 'Approved', NULL, 'UPI', NULL, '2025-07-06 04:34:44', 'UPI', 2006.00, NULL),
(249, 474, 909, 'auto_seed/proof_909.jpg', '2025-07-08 04:40:21', 'Approved', NULL, 'UPI', NULL, '2025-07-08 04:40:21', 'UPI', 4812.00, NULL),
(250, 488, 910, 'auto_seed/proof_910.jpg', '2025-07-08 05:22:38', 'Approved', NULL, 'UPI', NULL, '2025-07-08 05:22:38', 'UPI', 1770.00, NULL),
(251, 490, 911, 'auto_seed/proof_911.jpg', '2025-07-03 10:16:22', 'Approved', NULL, 'UPI', NULL, '2025-07-03 10:16:22', 'UPI', 1770.00, NULL),
(252, 491, 913, 'auto_seed/proof_913.jpg', '2025-04-05 20:21:44', 'Approved', NULL, 'UPI', NULL, '2025-04-05 20:21:44', 'UPI', 11398.80, NULL),
(253, 448, 918, 'auto_seed/proof_918.jpg', '2025-07-10 05:13:24', 'Approved', NULL, 'UPI', NULL, '2025-07-10 05:13:24', 'UPI', 3540.00, NULL),
(254, 492, 919, 'auto_seed/proof_919.jpg', '2025-07-10 05:54:37', 'Approved', NULL, 'UPI', NULL, '2025-07-10 05:54:37', 'UPI', 4717.64, NULL),
(255, 493, 920, 'auto_seed/proof_920.jpg', '2025-07-03 21:43:21', 'Approved', NULL, 'UPI', NULL, '2025-07-03 21:43:21', 'UPI', 0.00, NULL),
(256, 494, 921, 'auto_seed/proof_921.jpg', '2025-07-03 21:43:44', 'Approved', NULL, 'UPI', NULL, '2025-07-03 21:43:44', 'UPI', 0.00, NULL),
(258, 496, 923, 'auto_seed/proof_923.jpg', '2025-06-05 21:46:26', 'Approved', NULL, 'UPI', NULL, '2025-06-05 21:46:26', 'UPI', 13374.00, NULL),
(259, 475, 924, 'auto_seed/proof_924.jpg', '2025-06-28 10:48:02', 'Approved', NULL, 'UPI', NULL, '2025-06-28 10:48:02', 'UPI', 2006.00, NULL),
(321, 495, 922, 'auto_seed/proof_922.jpg', '0000-00-00 00:00:00', 'Approved', NULL, 'UPI', NULL, NULL, 'UPI', 0.00, NULL),
(324, 497, 932, 'proof_497_68724dd8df3cb.jpeg', '2025-07-12 11:58:16', 'Approved', NULL, 'UPI', 'xxxx', '2025-07-14 07:34:07', 'UPI', 7122.48, NULL),
(325, 498, 934, 'proof_498_68724f7628ef6.pdf', '2025-07-12 12:05:10', 'Approved', NULL, 'UPI', 'xxxx1049,xxx2420', '2025-07-14 07:33:50', 'UPI', 7122.48, NULL),
(326, 499, 936, 'proof_499_687250a08d64b.jpg', '2025-07-12 12:10:08', 'Approved', NULL, 'UPI', 'xxxx0304', '2025-07-14 07:32:53', 'UPI', 7122.48, NULL),
(327, 500, 938, 'proof_500_687252c7198be.jpg', '2025-07-12 12:19:19', 'Approved', NULL, 'UPI', 'xxxx4124', '2025-07-14 04:03:54', 'UPI', 2478.00, NULL),
(331, 495, 943, 'proof_495_688c5f6b8c2d7.png', '2025-08-01 06:32:11', 'Approved', NULL, 'UPI', NULL, '2025-08-01 07:42:52', 'UPI', 3540.00, NULL),
(332, 504, 945, 'proof_504_688c844f86337.pdf', '2025-08-01 09:09:35', 'Approved', NULL, 'UPI', NULL, '2025-08-01 09:10:49', 'UPI', 11693.80, NULL),
(333, 480, 947, 'proof_480_688dd5942c866.jpg', '2025-08-02 09:08:36', 'Pending', NULL, 'UPI', NULL, NULL, 'UPI', 3610.80, NULL),
(334, 480, 947, 'proof_480_688dd594c80b2.jpg', '2025-08-02 09:08:36', 'Pending', NULL, 'UPI', NULL, NULL, 'UPI', 3610.80, NULL),
(335, 505, 956, 'proof_505_688e013f7b62c.jpeg', '2025-08-02 12:14:55', 'Approved', NULL, 'UPI', NULL, '2025-08-02 13:45:43', 'UPI', 7122.48, NULL),
(336, 503, 973, 'proof_503_688f46b3ea7de.jpeg', '2025-08-03 11:23:31', 'Approved', NULL, 'UPI', NULL, '2025-08-03 12:03:40', 'UPI', 2950.00, NULL),
(337, 449, 978, 'proof_449_68917eda7b775.jpg', '2025-08-05 03:47:38', 'Approved', NULL, 'UPI', NULL, '2025-08-05 03:51:46', 'UPI', 3186.00, NULL),
(338, 456, 979, 'proof_456_689180c5da579.png', '2025-08-05 03:55:49', 'Approved', NULL, 'UPI', NULL, '2025-08-05 03:57:20', 'UPI', 3186.00, NULL),
(339, 454, 229, 'proof_454_6891935a0f080.jpeg', '2025-08-05 05:15:06', 'Approved', NULL, 'UPI', NULL, '2025-08-05 05:17:21', 'UPI', 3186.00, NULL);

-- --------------------------------------------------------

--
-- Table structure for table `payment_statuses`
--

CREATE TABLE `payment_statuses` (
  `id` int(11) NOT NULL,
  `status_name` varchar(50) NOT NULL,
  `description` text DEFAULT NULL,
  `is_active` tinyint(1) DEFAULT 1
) ENGINE=InnoDB DEFAULT CHARSET=utf8mb4 COLLATE=utf8mb4_unicode_ci;

--
-- Dumping data for table `payment_statuses`
--

INSERT INTO `payment_statuses` (`id`, `status_name`, `description`, `is_active`) VALUES
(1, 'PENDING', 'Payment initiated but not completed', 1),
(2, 'PROOF_UPLOADED', 'Payment proof uploaded by student', 1),
(3, 'UNDER_REVIEW', 'Payment proof under admin review', 1),
(4, 'APPROVED', 'Payment approved by admin', 1),
(5, 'REJECTED', 'Payment rejected - requires resubmission', 1),
(6, 'COMPLETED', 'Payment fully processed', 1);

-- --------------------------------------------------------

--
-- Table structure for table `progress`
--

CREATE TABLE `progress` (
  `id` int(10) UNSIGNED NOT NULL,
  `student_id` int(10) UNSIGNED NOT NULL,
  `month` char(7) NOT NULL COMMENT 'YYYY-MM',
  `hand_control` tinyint(4) NOT NULL DEFAULT 0,
  `hc_remark` text DEFAULT NULL,
  `coloring_shading` tinyint(4) NOT NULL DEFAULT 0,
  `cs_remark` text DEFAULT NULL,
  `observations` tinyint(4) NOT NULL DEFAULT 0,
  `obs_remark` text DEFAULT NULL,
  `temperament` tinyint(4) NOT NULL DEFAULT 0,
  `temp_remark` text DEFAULT NULL,
  `attendance` tinyint(4) NOT NULL DEFAULT 0,
  `att_remark` text DEFAULT NULL,
  `homework` tinyint(4) NOT NULL DEFAULT 0,
  `hw_remark` text DEFAULT NULL
) ENGINE=InnoDB DEFAULT CHARSET=utf8mb4 COLLATE=utf8mb4_general_ci;

--
-- Dumping data for table `progress`
--

INSERT INTO `progress` (`id`, `student_id`, `month`, `hand_control`, `hc_remark`, `coloring_shading`, `cs_remark`, `observations`, `obs_remark`, `temperament`, `temp_remark`, `attendance`, `att_remark`, `homework`, `hw_remark`) VALUES
(25, 177, '2025-06', 2, 'good', 3, 'Need more control', 1, 'Need more attendtion', 3, 'calm', 4, 'bit casualy late', 1, 'Need to work on more on hw'),
(26, 187, '2025-06', 4, 'confidence in hand movement, student should not hurry up too much while doing art work.', 3, 'Uses colors thoughtfully and blends shades well', 3, '\"Displays good attention to detail,', 5, 'A joy to teach! Maintains a calm, focused, and cheerful attitude during class', 5, 'Need to be more regular and on time.', 2, 'Homework to be done regularly to up skill the art work'),
(27, 185, '2025-06', 4, 'The confidence in hand movement reflects consistent practice and a growing mastery', 3, 'Focus on Shading, practice more shapes', 3, 'Shows a solid understanding of shapes and proportions. With a little more focus on finer details, their observational strength will reach the next level', 5, 'Showing maturity, patience, and a willingness to learn from every challenge.', 5, 'Regular and punctual, which reflects sincere interest and dedication. Consistent attendance is clearly fueling visible improvement in every area..', 5, '\"Homework is completed with care and creativity.'),
(28, 178, '2025-06', 4, 'Hand control is steadily improving with consistent effort.', 5, 'Colors are well chosen and neatly filled', 4, 'Notices most details well; slight attention needed in proportion and placement.', 5, 'Generally attentive and cooperative; shows interest in learning. Needs to communicate more.', 5, 'Good attendance with minor inconsistencies.', 2, 'Homework is rarely submitted.'),
(29, 181, '2025-06', 3, 'Fair hand control; can improve with regular practice on curves and detailing', 4, 'Very neat and thoughtful use of color combinations.', 4, 'Observation skills are developing nicely; keep practicing .', 5, 'Maintains a positive and patient attitude during classes.', 5, 'Regular and punctual in all classes.', 4, 'Homework is done with good neatness; mostly submitted on time.'),
(30, 181, '2025-06', 3, 'Fair hand control; can improve with regular practice on curves and detailing', 4, 'Very neat and thoughtful use of color combinations.', 4, 'Observation skills are developing nicely; keep practicing .', 5, 'Maintains a positive and patient attitude during classes.', 5, 'Regular and punctual in all classes.', 4, 'Homework is done with good neatness; mostly submitted on time.'),
(31, 182, '2025-06', 1, 'The child is slowly becoming familiar with basic hand movements. We appreciate the gentle start and look forward to gradual improvements.', 1, 'Though not yet consistent, the effort to explore colors is a good sign.', 2, 'The child is in an early stage of observation. We admire the family’s initiative and understand that progress will come with routine and emotional comfort.', 1, 'Needs Time to Settle. The child is currently adjusting emotionally to the class setup. It’s completely natural at this age, and we truly appreciate the parents for supporting this early exposure. We are here to help them ease into the learning space with warmth and care.', 3, 'Misses classes occasionally; needs to maintain regularity.', 2, 'Parents should make sure. Child is doing some coloring HW'),
(32, 183, '2025-06', 2, 'Needs to focus on smoothness and stability in drawing . We are teaching her regular how to draw drawings', 4, 'Colors are well chosen and neatly filled', 3, 'Observation skills are developing nicely.', 5, 'Maintains a positive and patient attitude during classes.', 5, 'Regular and punctual in all classes.', 4, 'Excellent HW with coloring and consistent effort in every HW. In case she is missing her HW parents needs to guide her with correct HW'),
(33, 195, '2025-06', 5, 'Excellent hand control with great precision', 4, 'Good observation; captures most key elements.', 5, 'Displays calm and focused behavior in class.', 5, 'Coloring is neat with good understanding of shades', 5, 'She comes to classes Regularly', 2, 'Homework submission is irregular; needs support.'),
(34, 194, '2025-06', 5, 'Displays calm and focused behavior in class.', 5, 'Shading is neat with good understanding of shades.', 4, 'Generally attentive with occasional distractions.', 5, 'Maintains a positive and patient attitude during classes.', 5, 'She comes to classes Regularly', 5, 'Regularly submits homework on time. few Occasions missed .'),
(35, 202, '2025-06', 4, 'Hand control is steadily improving with consistent effort.', 4, 'Though not yet consistent, the effort to explore shades is a good sign.', 4, 'Observation skills are developing nicely.', 5, 'Maintains a positive and patient attitude during classes.', 5, 'Regular and punctual in all classes.', 3, 'completes her HW great, but need to slow down while doing HW\'s.'),
(36, 197, '2025-06', 5, 'Excellent hand control with great precision', 5, 'Shading is neat with good understanding of shades.', 5, 'Observation skills are developing nicely.', 5, 'Maintains a positive and patient attitude during classes.', 4, 'Good attendance with minor inconsistencies.', 1, 'Homework submission is irregular; needs support.'),
(37, 198, '2025-06', 4, 'Needs to improve focus on finer details.', 4, 'Though not yet consistent, the effort to explore shading is a good sign.', 3, 'Observation skills are developing nicely.', 4, 'Generally attentive with occasional distractions.', 5, 'Good attendance with minor inconsistencies.', 3, 'Homework submission is irregular; needs support.'),
(38, 200, '2025-06', 4, 'Excellent hand control with great precision.', 4, 'Very neat and thoughtful use of shading combinations.', 3, 'Observation skills are developing nicely.', 5, 'Maintains a positive and patient attitude during classes.', 5, 'Regular and punctual in all classes.', 3, 'Homework submission is irregular; needs support.'),
(39, 196, '2025-07', 3, 'Fair hand control; can improve with regular practice on curves and detailing', 3, 'Though not yet consistent, the effort to explore colors is a good sign.', 3, 'Observation skills are developing nicely.', 2, 'Generally attentive with occasional distractions.', 5, 'Regular and punctual in all classes.', 3, 'Homework submission is irregular; needs support.  Recently we can see HW\'s that is great'),
(40, 199, '2025-06', 3, 'Fair hand control; can improve with regular practice on curves and detailing', 4, 'Very neat and thoughtful use of Colors while shading', 3, 'Observation skills are developing nicely; keep practicing .', 3, 'Generally attentive with occasional distractions.', 5, 'She comes to classes Regularly', 3, 'Homework submission is irregular; needs support.'),
(41, 450, '2025-07', 3, 'Hand control is steadily improving with consistent effort.', 3, 'Colors are well chosen and neatly filled.', 2, 'Observation skills are developing nicely; keep practicing .', 5, 'Maintains a positive and patient attitude during classes.', 5, 'Regular and punctual in all classes.', 3, 'Regularly submits homework on time. few Occasions missed .'),
(42, 201, '2025-06', 4, 'His hand control is getting better and better.', 5, 'His drawing and shading is Neat.', 4, 'He is understanding the drawing well.', 5, 'Developing patience, focus, and a calm approach to art.', 5, 'He attends the classes regularly & joins the classes on  time.', 3, 'HW is one area where he needs to be more regular.'),
(43, 205, '2025-06', 3, 'His hand control is getting better and better , He needs to Slow down a bit while Drawing', 3, 'He colors well, but we need to work on more neatness of the Drawing.', 3, 'Generally attentive with occasional distractions.', 5, ', Listens to the teacher , Happy child', 5, 'He attends the classes regularly & joins the classes on  time.', 3, 'One area he needs to work on. Should regularly submits the HW'),
(44, 448, '2025-06', 4, 'It\'s a Demo', 2, 'Needs improvement', 4, 'Kind of good', 5, 'Keep it up', 5, 'Regular to classes', 2, 'Need to complete HW regularly'),
(45, 484, '2025-06', 5, 'Excellent dexterity and fluid motion in every stroke.', 5, 'Outstanding shading—excellent depth and contrast.', 5, 'Exceptional insight—details are remarkably lifelike.', 5, 'Excellent demeanor—enthusiastic and respectful.', 5, 'Perfect attendance—great commitment.', 5, 'Exceptional homework—creative and detailed every time.'),
(46, 473, '2025-06', 4, 'Very steady strokes—good precision.', 4, 'Very nice shading—subtle highlights and shadows.', 4, 'Very perceptive observations—captures likeness well.', 5, 'Excellent demeanor—enthusiastic and respectful.', 5, 'Perfect attendance—great commitment.', 3, 'Homework submitted regularly—good effort.'),
(47, 476, '2025-06', 3, 'Comfortable handling—nice variation Drawing .', 4, 'Very nice shading—subtle highlights and shadows.', 4, 'observations are improving.', 5, 'Excellent demeanor—enthusiastic and respectful. Communicating well in class.', 5, 'Perfect attendance—great commitment.', 3, 'Homework submitted regularly—good effort.'),
(48, 472, '2025-06', 3, 'Comfortable handling the drawing.', 5, 'Outstanding coloring,', 5, 'Exceptional —details are remarkably lifelike.', 5, 'enthusiastic and respectful.', 5, 'Perfect attendance—great commitment.', 4, 'Well executed, Now do regular HW\'s'),
(49, 449, '2025-06', 3, 'Comfortable handling—need bit more confidence', 2, 'Need more patience while coloring', 1, 'Needs to look more closely at details—observe shapes before drawing.', 4, 'Very positive approach—eager to learn new techniques.', 3, 'Regular attendance—keeps up with every class.', 1, 'Homework incomplete—parents, please encourage daily practice.'),
(50, 454, '2025-06', 3, 'Comfortable handling—nice variation in line weight.', 2, 'Need more patience and focus while coloring', 1, 'Needs to look more closely at details—observe shapes before drawing.', 2, 'Generally calm; work on patience during complex exercises.', 3, 'Regular attendance—keeps up with every class.', 1, 'Homework incomplete—parents, please encourage daily practice.'),
(51, 456, '2025-06', 1, 'Solid grasp of basic shapes—keep practicing circles and ovals.', 3, 'Good pressure control—colors are filling evenly.', 3, 'Needs to look more closely—observe shapes before drawing.', 1, 'Can get distracted—try to maintain focus during class.', 3, 'Regular attendance—keeps up with every class.', 2, 'Homework done occasionally—aim for more consistency.'),
(52, 461, '2025-06', 3, 'Comfortable handling—nice variation in line weight.', 5, 'Outstanding coloring—excellent depth and contrast.', 3, 'Accurate details—nice attention to proportion.', 3, 'Good attitude—stays engaged throughout sessions.', 2, 'Mostly present; try to avoid missing sessions.', 3, 'Homework submitted regularly—good effort.'),
(53, 463, '2025-06', 2, 'Good grip, but try to maintain consistent line pressure.', 5, 'Outstanding coloring —with proper direction followed', 3, 'Accurate details—nice attention and understanding of colors', 5, 'Excellent demeanor—enthusiastic and respectful.', 5, 'Perfect attendance—great commitment.', 4, 'Homework is thorough and well executed.'),
(54, 464, '2025-06', 2, 'Good grip, but try to maintain consistent line pressure.', 3, 'Good pressure control—colors are filling evenly.', 1, 'Needs to look more closely at details—observe shapes before drawing.', 2, 'Generally calm; work on patience during sessions.', 2, 'Mostly present; try to avoid missing sessions.', 2, 'Homework done occasionally—aim for more consistency.'),
(55, 490, '2025-06', 3, 'Comfortable handling—Need to move hand more confidently.', 2, 'coloring is fine need more focus on mixing of 2 or more colors', 3, 'Accurate details—nice attention to proportion.', 1, 'Can get distracted—try to maintain focus during class.', 5, 'Perfect attendance—great commitment.', 3, 'Homework submitted regularly—good effort.'),
(56, 465, '2025-06', 3, 'Comfortable handling—need to make elements of drawing bit bigger', 3, 'Good pressure control—colors are filling evenly.', 2, 'Good eye for composition—continue studying reference images.', 2, 'Generally calm; work on patience during drawing time.', 3, 'Regular attendance—keeps up with every class.', 2, 'Homework done occasionally—aim for more consistency.'),
(57, 460, '2025-06', 3, 'Comfortable handling—nice variation in line weight.', 3, 'Good pressure control—colors are filling evenly.', 2, 'Good eye for composition—continue studying reference images.', 1, 'Can get distracted—try to maintain focus during class.', 4, 'Very punctual—always arrives prepared.', 1, 'Homework incomplete—parents, please encourage daily practice.'),
(58, 479, '2025-06', 3, 'Comfortable handling—nice variation in line weight.', 2, 'Coloring is becoming more even; practice layering colors.', 2, 'Good eye for composition—continue studying reference images.', 4, 'Very positive approach—eager to learn new techniques.', 2, 'Mostly present; try to avoid missing sessions.', 1, 'Homework incomplete—parents, please encourage daily practice.'),
(59, 466, '2025-06', 3, 'Comfortable handling the pencil.', 3, 'Good pressure control—colors are filling evenly.', 3, 'nice attention to proportion, more practice would help', 5, 'Excellent demeanor—enthusiastic and respectful.', 5, 'Perfect attendance—great commitment.', 2, 'Homework done occasionally—aim for more consistency.'),
(60, 452, '2025-06', 4, 'Very steady strokes—excellent precision.', 3, 'Good pressure control—colors are filling evenly.', 3, 'Accurate details—nice attention to proportion, need to work on more accuracy', 5, 'Excellent demeanor—enthusiastic and respectful.', 5, 'Perfect attendance—great commitment.', 5, 'Exceptional homework—creative and detailed every time.'),
(61, 467, '2025-06', 3, 'Comfortable handling—nice variation in line weight.', 3, 'Good pressure control—colors are filling evenly.', 2, 'Observation skills are developing nicely; keep practicing .', 4, 'Very positive approach—eager to learn new techniques.', 5, 'Perfect attendance—great commitment.', 2, 'Homework submission is irregular; needs support.'),
(62, 452, '2025-06', 5, 'Excellent dexterity and fluid motion in every stroke.', 4, 'Very nice shading—subtle highlights and shadows.', 3, 'Accurate details—nice attention to proportion, need more attention to upskill minor changes during sketching', 5, 'Excellent demeanor—enthusiastic and respectful.', 5, 'Perfect attendance—great commitment.', 5, 'Exceptional homework—creative and detailed every time.'),
(63, 472, '2025-06', 4, 'Very steady strokes—excellent precision.', 5, 'Outstanding shading—excellent depth and contrast.', 5, 'Exceptional insight—details are remarkably lifelike.', 5, 'Excellent demeanor—enthusiastic and respectful.', 5, 'Perfect attendance—great commitment.', 4, 'Homework is thorough and well executed.');

-- --------------------------------------------------------

--
-- Table structure for table `progress_feedback`
--

CREATE TABLE `progress_feedback` (
  `id` int(10) UNSIGNED NOT NULL,
  `progress_id` int(10) UNSIGNED NOT NULL,
  `feedback` text NOT NULL,
  `created_at` datetime NOT NULL DEFAULT current_timestamp()
) ENGINE=InnoDB DEFAULT CHARSET=utf8mb4 COLLATE=utf8mb4_general_ci;

-- --------------------------------------------------------

--
-- Table structure for table `remark_templates`
--

CREATE TABLE `remark_templates` (
  `id` int(10) UNSIGNED NOT NULL,
  `category_key` varchar(32) NOT NULL COMMENT 'One of hand_control, attendance, etc.',
  `grade` tinyint(3) UNSIGNED NOT NULL COMMENT '1=Needs Improvement ... 5=Excellent',
  `text` varchar(255) NOT NULL COMMENT 'Template remark text'
) ENGINE=InnoDB DEFAULT CHARSET=utf8mb4 COLLATE=utf8mb4_general_ci;

--
-- Dumping data for table `remark_templates`
--

INSERT INTO `remark_templates` (`id`, `category_key`, `grade`, `text`) VALUES
(1, 'hand_control', 1, 'Needs to relax the wrist and focus on smooth strokes.'),
(2, 'hand_control', 1, ' Solid grasp of basic shapes—keep practicing circles and ovals.'),
(3, 'hand_control', 2, 'Good grip, but try to maintain consistent line pressure.'),
(4, 'hand_control', 2, 'Improving control—work on steadiness in freehand lines.'),
(5, 'hand_control', 3, 'Comfortable handling—nice variation in line weight.'),
(6, 'hand_control', 4, 'Very steady strokes—excellent precision.'),
(7, 'hand_control', 5, 'Excellent dexterity and fluid motion in every stroke.'),
(8, 'coloring_shading', 1, 'Work on blending transitions—focus on smooth gradients.'),
(9, 'coloring_shading', 2, 'Shading is becoming more even; practice layering colors.'),
(10, 'coloring_shading', 3, 'Good pressure control—colors are filling evenly.'),
(11, 'coloring_shading', 4, 'Very nice shading—subtle highlights and shadows.'),
(12, 'coloring_shading', 5, 'Outstanding shading—excellent depth and contrast.'),
(13, 'observations', 1, 'Needs to look more closely at details—observe shapes before drawing.'),
(14, 'observations', 2, 'Good eye for composition—continue studying reference images.'),
(15, 'observations', 3, 'Accurate details—nice attention to proportion.'),
(16, 'observations', 4, 'Very perceptive observations—captures likeness well.'),
(17, 'observations', 5, 'Exceptional insight—details are remarkably lifelike.'),
(18, 'temperament', 1, 'Can get distracted—try to maintain focus during class.'),
(19, 'temperament', 2, 'Generally calm; work on patience during complex exercises.'),
(20, 'temperament', 3, 'Good attitude—stays engaged throughout lessons.'),
(21, 'temperament', 4, 'Very positive approach—eager to learn new techniques.'),
(22, 'temperament', 5, 'Excellent demeanor—enthusiastic and respectful.'),
(23, 'attendance', 1, 'Occasional late arrivals—please aim to be on time.'),
(24, 'attendance', 2, 'Mostly present; try to avoid missing sessions.'),
(25, 'attendance', 3, 'Regular attendance—keeps up with every class.'),
(26, 'attendance', 4, 'Very punctual—always arrives prepared.'),
(27, 'attendance', 5, 'Perfect attendance—great commitment.'),
(28, 'homework', 1, 'Homework incomplete—parents, please encourage daily practice.'),
(29, 'homework', 2, 'Homework done occasionally—aim for more consistency.'),
(30, 'homework', 3, 'Homework submitted regularly—good effort.'),
(31, 'homework', 4, 'Homework is thorough and well executed.'),
(32, 'homework', 5, 'Exceptional homework—creative and detailed every time.');

-- --------------------------------------------------------

--
-- Table structure for table `slots`
--

CREATE TABLE `slots` (
  `id` varchar(50) NOT NULL,
  `label` varchar(100) NOT NULL
) ENGINE=InnoDB DEFAULT CHARSET=utf8mb4 COLLATE=utf8mb4_general_ci;

--
-- Dumping data for table `slots`
--

INSERT INTO `slots` (`id`, `label`) VALUES
('sat_02_04', 'Saturday 2 PM – 4 PM'),
('sat_10_12', 'Saturday 10 AM – 12 PM'),
('sun_10_12', 'Sunday 10 AM – 12 PM');

-- --------------------------------------------------------

--
-- Table structure for table `stars`
--

CREATE TABLE `stars` (
  `student_id` int(10) UNSIGNED NOT NULL,
  `star_count` int(11) NOT NULL DEFAULT 0,
  `big_star_count` int(11) NOT NULL DEFAULT 0 COMMENT 'Earned by converting 5 small⭐ → 1 big?'
) ENGINE=InnoDB DEFAULT CHARSET=utf8mb4 COLLATE=utf8mb4_general_ci;

--
-- Dumping data for table `stars`
--

INSERT INTO `stars` (`student_id`, `star_count`, `big_star_count`) VALUES
(178, 11, 0),
(181, 11, 0),
(182, 1, 0),
(183, 10, 0),
(185, 9, 0),
(187, 8, 0),
(189, 6, 0),
(194, 4, 0),
(195, 1, 0),
(196, 4, 0),
(197, 4, 0),
(198, 4, 0),
(199, 4, 0),
(200, 4, 0),
(201, 4, 0),
(202, 3, 0),
(204, 3, 0),
(205, 4, 0),
(320, 28, 0),
(449, 4, 0),
(450, 6, 0),
(451, 5, 0),
(452, 4, 0),
(453, 3, 0),
(454, 3, 0),
(456, 4, 0),
(457, 4, 0),
(459, 4, 0),
(461, 4, 0),
(462, 4, 0),
(463, 4, 0),
(464, 4, 0),
(465, 4, 0),
(466, 4, 0),
(467, 4, 0),
(468, 5, 0),
(469, 4, 0),
(470, 4, 0),
(471, 4, 0),
(472, 4, 0),
(473, 4, 0),
(474, 4, 0),
(475, 4, 0),
(476, 4, 0),
(477, 4, 0),
(478, 4, 0),
(479, 2, 0),
(480, 4, 0),
(481, 4, 0),
(483, 3, 0),
(485, 4, 0),
(486, 4, 0),
(487, 4, 0),
(488, 4, 0),
(489, 4, 0),
(490, 4, 0),
(491, 4, 0),
(493, 4, 0),
(494, 4, 0),
(495, 4, 0),
(496, 2, 0),
(497, 4, 0),
(498, 4, 0),
(499, 4, 0),
(500, 4, 0),
(501, 4, 0),
(504, 1, 0),
(505, 1, 0);

-- --------------------------------------------------------

--
-- Table structure for table `star_conversions`
--

CREATE TABLE `star_conversions` (
  `id` int(10) UNSIGNED NOT NULL,
  `student_id` int(10) UNSIGNED NOT NULL,
  `converted_at` datetime NOT NULL DEFAULT current_timestamp(),
  `small_spent` int(11) NOT NULL,
  `big_gained` int(11) NOT NULL
) ENGINE=InnoDB DEFAULT CHARSET=utf8mb4 COLLATE=utf8mb4_general_ci;

-- --------------------------------------------------------

--
-- Table structure for table `star_history`
--

CREATE TABLE `star_history` (
  `id` int(11) NOT NULL,
  `student_id` int(11) NOT NULL,
  `event_date` date NOT NULL,
  `stars` int(11) NOT NULL,
  `reason` varchar(255) DEFAULT NULL
) ENGINE=InnoDB DEFAULT CHARSET=utf8mb4 COLLATE=utf8mb4_general_ci;

--
-- Dumping data for table `star_history`
--

INSERT INTO `star_history` (`id`, `student_id`, `event_date`, `stars`, `reason`) VALUES
(0, 122, '2025-06-10', 2, 'class work'),
(0, 126, '2025-06-10', 2, 'good attendance'),
(0, 126, '2025-06-10', 18, 'class work'),
(0, 126, '2025-06-10', -20, 'Redeemed “Set of Color Pencils”'),
(0, 122, '2025-06-10', 20, 'For Regular HW'),
(0, 122, '2025-06-10', 1, 'for HW'),
(0, 122, '2025-06-10', 40, 'for children\'s day'),
(0, 122, '2025-06-10', -50, 'Redeemed “Watercolor Kit”'),
(0, 120, '2025-06-10', 20, 'For Regular HW'),
(0, 123, '2025-06-11', 5, 'regular HW'),
(0, 120, '2025-06-12', -20, 'Redeemed “Set of Color Pencils”'),
(0, 146, '2025-06-13', 10, 'Happy Birthday 🥳🎂'),
(0, 146, '2025-06-13', 15, 'good attendance'),
(0, 146, '2025-06-13', 2, 'good hw'),
(0, 147, '2025-06-14', 20, 'Wellcome stars'),
(0, 170, '2025-06-16', 1, 'Homework'),
(0, 177, '2025-06-18', 1, 'good class work'),
(0, 188, '2025-06-18', 22, 'Older stars carry forwarded'),
(0, 189, '2025-06-18', 1, 'For Bird of Paradise'),
(0, 188, '2025-06-18', 1, 'Excellent drawing of rainbow loorkieet'),
(0, 185, '2025-06-19', 3, 'For last 3 Drawing'),
(0, 185, '2025-06-19', 1, 'For woody cartoon'),
(0, 187, '2025-06-19', 4, 'For last 4 Drawings'),
(0, 181, '2025-06-19', 5, 'For good class work'),
(0, 178, '2025-06-19', 5, 'For good class work'),
(0, 183, '2025-06-19', 5, 'For good class work'),
(0, 188, '2025-06-25', 1, 'Excellent drawing of Enhanced group'),
(0, 181, '2025-06-26', 1, 'For bower bird you deserve a star'),
(0, 178, '2025-06-26', 1, 'For bower bird, good work'),
(0, 451, '2025-06-27', 1, 'Good classwork'),
(0, 450, '2025-06-28', 2, 'Efforts in homework'),
(0, 468, '2025-06-28', 1, 'For neat coloring'),
(0, 448, '2025-06-28', 1, 'Homework uploaded (#181)'),
(0, 447, '2025-06-28', 10, 'test'),
(0, 447, '2025-06-28', 20, 'good app build'),
(0, 447, '2025-06-28', -30, 'Redeemed “Vibrant Watercolor Palette”'),
(0, 447, '2025-06-28', 50, 'For Regular HW'),
(0, 447, '2025-06-28', -25, 'Redeemed Request #4 → Premium Sketch Pencils Set'),
(0, 447, '2025-06-28', 1, 'Homework uploaded (#183)'),
(0, 457, '2025-06-29', 1, 'Homework shown in class (#150)'),
(0, 466, '2025-06-29', 1, 'Homework shown in class (#152)'),
(0, 474, '2025-06-30', 1, 'Homework shown in class (#138)'),
(0, 189, '2025-07-09', 1, 'Excellent HW black Bird'),
(0, 181, '2025-07-10', 1, 'Basketball Drawing CW'),
(0, 183, '2025-07-10', 1, 'Basketball Drawing CW'),
(0, 178, '2025-07-10', 1, 'Basketball CW'),
(0, 182, '2025-07-10', 1, 'Table tennis CW'),
(0, 320, '2025-06-25', 1, 'Excellent drawing of Enhanced group'),
(0, 320, '2025-06-18', 22, 'Older stars carry forwarded'),
(0, 320, '2025-06-18', 1, 'Excellent drawing of rainbow loorkieet'),
(0, 185, '2025-07-24', 1, 'Great Monument'),
(0, 501, '2025-08-03', 4, 'Rewarded for month of july'),
(0, 187, '2025-08-03', 4, 'Rewarded for the month of July'),
(0, 476, '2025-08-03', 4, 'Rewarded for July month.'),
(0, 473, '2025-08-03', 4, 'Rewarded for July month'),
(0, 201, '2025-08-03', 4, 'For an excellent july month'),
(0, 475, '2025-08-03', 4, 'For July month'),
(0, 197, '2025-08-03', 4, 'For July month'),
(0, 185, '2025-08-03', 4, 'For July 25'),
(0, 200, '2025-08-03', 4, 'For July CW'),
(0, 449, '2025-08-03', 4, 'For July 25'),
(0, 452, '2025-08-04', 4, 'Recognized with 4 stars for outstanding July CW submission.'),
(0, 479, '2025-08-04', 2, 'July CW excellence'),
(0, 472, '2025-08-04', 4, 'July CW excellence well earned'),
(0, 453, '2025-08-04', 3, 'July CW excellence'),
(0, 454, '2025-08-04', 3, 'July CW excellence well earned'),
(0, 483, '2025-08-04', 3, 'Recognition for consistent quality in July CW'),
(0, 477, '2025-08-04', 4, 'Recognition for consistent quality in July CW'),
(0, 456, '2025-08-04', 4, 'Recognition for consistent quality in July CW'),
(0, 481, '2025-08-04', 4, 'Keep up the momentum—4 stars for July CW success'),
(0, 199, '2025-08-04', 4, 'Keep up the momentum—4 stars for July CW success'),
(0, 478, '2025-08-04', 4, 'Keep up the momentum—4 stars for July CW success'),
(0, 194, '2025-08-04', 4, 'Keep up the momentum—4 stars for July CW success'),
(0, 457, '2025-08-04', 4, 'July CW magic—4 stars unlocked'),
(0, 459, '2025-08-04', 4, 'Recognition for consistent quality in July CW'),
(0, 196, '2025-08-04', 4, 'Keep up the momentum—4 stars for July CW success'),
(0, 468, '2025-08-04', 4, 'July CW magic—4 stars unlocked'),
(0, 489, '2025-08-04', 4, 'July CW magic—4 stars unlocked'),
(0, 469, '2025-08-04', 4, 'July CW: 4 stars added to your creative galaxy'),
(0, 488, '2025-08-04', 4, 'July CW: 4 stars added to your creative galaxy'),
(0, 451, '2025-08-04', 4, 'Great effort in July CW—4 stars to celebrate your progress'),
(0, 450, '2025-08-04', 4, 'July CW magic—4 stars unlocked'),
(0, 500, '2025-08-04', 4, 'Keep up the momentum—4 stars for July CW success'),
(0, 498, '2025-08-04', 4, 'July CW magic—4 stars unlocked'),
(0, 461, '2025-08-04', 4, 'Keep up the momentum—4 stars for July CW success'),
(0, 491, '2025-08-04', 4, 'Recognition for consistent quality in July CW'),
(0, 471, '2025-08-04', 4, 'Solid work in July CW—4 stars and growing stronger'),
(0, 462, '2025-08-04', 4, 'Solid work in July CW—4 stars and growing stronger'),
(0, 505, '2025-08-04', 1, 'Keep up the momentum.'),
(0, 493, '2025-08-04', 4, 'July CW excellence well earned'),
(0, 494, '2025-08-04', 4, 'Keep up the momentum—4 stars for July CW success'),
(0, 487, '2025-08-04', 4, 'Solid work in July CW—4 stars and growing stronger'),
(0, 486, '2025-08-04', 4, 'Solid work in July CW—4 stars and growing stronger'),
(0, 178, '2025-08-04', 4, 'Solid work in July CW—4 stars and growing stronger'),
(0, 480, '2025-08-04', 4, 'Solid work in July CW—4 stars and growing stronger'),
(0, 474, '2025-08-04', 4, 'July CW excellence well earned'),
(0, 463, '2025-08-04', 4, 'Solid work in July CW—4 stars and growing stronger'),
(0, 195, '2025-08-04', 1, 'Excellent CW (Hampi).'),
(0, 470, '2025-08-04', 4, 'July CW magic—4 stars unlocked'),
(0, 464, '2025-08-04', 4, 'July CW excellence well earned'),
(0, 490, '2025-08-04', 4, 'July CW excellence well earned'),
(0, 497, '2025-08-04', 4, 'July CW excellence well earned'),
(0, 496, '2025-08-04', 2, 'July CW excellence well earned'),
(0, 499, '2025-08-04', 4, 'July CW excellence well earned'),
(0, 485, '2025-08-04', 4, 'Recognition for consistent quality in July CW'),
(0, 189, '2025-08-04', 4, 'Keep up the momentum—4 stars for July CW success'),
(0, 204, '2025-08-04', 3, 'Keep up the momentum, 3 stars for July CW success'),
(0, 495, '2025-08-04', 4, 'July CW excellence well earned'),
(0, 181, '2025-08-04', 4, 'Keep up the momentum—4 stars for July CW success'),
(0, 183, '2025-08-04', 4, 'July CW magic—4 stars unlocked'),
(0, 205, '2025-08-04', 4, 'Solid work in July CW—4 stars and growing stronger'),
(0, 202, '2025-08-04', 3, 'July CW magic—3 stars unlocked'),
(0, 504, '2025-08-04', 1, 'Excellent CW Aug week 1'),
(0, 465, '2025-08-04', 4, 'Solid work in July CW—4 stars and growing stronger'),
(0, 320, '2025-08-04', 4, 'Keep up the momentum—4 stars for July CW success'),
(0, 466, '2025-08-04', 4, 'Recognition for consistent quality in July CW'),
(0, 198, '2025-08-04', 4, 'July CW excellence well earned'),
(0, 467, '2025-08-04', 4, 'July CW magic—4 stars unlocked');

-- --------------------------------------------------------

--
-- Table structure for table `star_redemptions`
--

CREATE TABLE `star_redemptions` (
  `id` int(11) NOT NULL,
  `student_id` int(10) UNSIGNED NOT NULL,
  `reward_title` varchar(100) NOT NULL,
  `stars_required` int(11) NOT NULL,
  `status` enum('pending','approved','rejected') NOT NULL DEFAULT 'pending',
  `requested_at` datetime NOT NULL DEFAULT current_timestamp(),
  `processed_at` datetime DEFAULT NULL,
  `processed_by` int(10) UNSIGNED DEFAULT NULL,
  `uses_big_star` tinyint(1) NOT NULL DEFAULT 0
) ENGINE=InnoDB DEFAULT CHARSET=utf8mb4 COLLATE=utf8mb4_general_ci;

-- --------------------------------------------------------

--
-- Table structure for table `students`
--

CREATE TABLE `students` (
  `id` int(10) UNSIGNED NOT NULL,
  `user_id` int(10) UNSIGNED NOT NULL,
  `centre_id` int(10) UNSIGNED NOT NULL DEFAULT 1,
  `name` varchar(100) NOT NULL,
  `email` varchar(100) NOT NULL,
  `phone` varchar(20) DEFAULT NULL,
  `group_name` varchar(50) NOT NULL,
  `dob` date DEFAULT NULL,
  `gender` text NOT NULL,
  `address` varchar(255) DEFAULT NULL,
  `photo_path` varchar(255) DEFAULT NULL,
  `notifications` tinyint(1) NOT NULL DEFAULT 1,
  `is_legacy` tinyint(1) NOT NULL DEFAULT 0,
  `referred_by` int(11) DEFAULT NULL,
  `pending_discount_percent` decimal(5,2) NOT NULL DEFAULT 0.00,
  `skip_enroll_fee` tinyint(1) NOT NULL DEFAULT 0,
  `skip_advance_fee` tinyint(1) NOT NULL DEFAULT 0
) ENGINE=InnoDB DEFAULT CHARSET=utf8mb4 COLLATE=utf8mb4_general_ci;

--
-- Dumping data for table `students`
--

INSERT INTO `students` (`id`, `user_id`, `centre_id`, `name`, `email`, `phone`, `group_name`, `dob`, `gender`, `address`, `photo_path`, `notifications`, `is_legacy`, `referred_by`, `pending_discount_percent`, `skip_enroll_fee`, `skip_advance_fee`) VALUES
(178, 200, 1, 'Ridaan Bhattacharya', 'garg.ayushi0906@gmail.com', '7032349204', 'Oil Pastels-Basic Drawing', '0000-00-00', 'Male', '0', NULL, 1, 1, NULL, 0.00, 1, 0),
(181, 203, 1, 'Taviksha santra', 'roy.shatabdi20@gmail.com', '7263871303', 'Oil Pastels-Basic Drawing', NULL, 'Female', NULL, NULL, 1, 0, NULL, 0.00, 1, 0),
(182, 204, 1, 'Sita Srihari Charvith Reddy', 'sita.praneeth@gmail.com', '8790521405', 'Oil Pastels- Beginners', '0000-00-00', 'male', '', NULL, 1, 0, NULL, 0.00, 1, 0),
(183, 205, 1, 'Tisha sankhla', 'monikakunwal@gmail.com', '9900454063', 'Oil Pastels-Smudging', '0000-00-00', 'Female', '0', NULL, 1, 1, NULL, 0.00, 1, 0),
(185, 207, 1, 'Anviti Mahato', 'singhnitu2512@gmail.com', '9731145688', 'Color Pencil', '2015-03-16', 'F', 'Smd', NULL, 1, 0, NULL, 0.00, 1, 1),
(187, 209, 1, 'Aarohi Ghosh', 'mailto_susovan@yahoo.co.in', '9986667320', 'Color Pencil', '0000-00-00', 'Female', '0', NULL, 1, 1, 0, 0.00, 1, 1),
(189, 211, 9, 'Sudhanva M', 'dasharathi.m@gmail.com', '9986021768', 'Oil Pastels-Enhanced', '0000-00-00', '', '0', NULL, 1, 0, NULL, 0.00, 1, 1),
(194, 219, 3, 'Harshini KP', 'preethikarthik81@gmail.com', '9449079012', 'Portrait', NULL, '', NULL, NULL, 1, 0, NULL, 0.00, 1, 1),
(195, 220, 3, 'Shiksha V', 'jayashreevijaybabu@gmail.com', '7339911559', 'Color Pencil', NULL, '', NULL, NULL, 1, 0, NULL, 0.00, 1, 1),
(196, 221, 3, 'Ishika Lakhani', 'blakhani@outlook.com', '9886333184', 'Color Pencil', '0000-00-00', '', '0', NULL, 1, 1, NULL, 0.00, 1, 1),
(197, 222, 3, 'Anvita Shukla', 'vatsala.kv@gmail.com', '9916123012', 'Portrait', '2014-05-21', 'F', 'B-703, JHEP VIGNAN NAGAR', NULL, 1, 0, NULL, 0.00, 1, 1),
(198, 223, 3, 'Yashwardhan', 'vabhatripathi@gmail.com', '9342616714', 'Color Pencil', '0000-00-00', '', '0', NULL, 1, 1, NULL, 0.00, 1, 1),
(199, 224, 3, 'Drishna Basak', 'pratyusha_slg@yahoo.co.in', '9900128953', 'Color Pencil', NULL, '', NULL, NULL, 1, 0, NULL, 0.00, 1, 1),
(200, 225, 3, 'Arghya G Rao', 'shubha_369@yahoo.co.in', '9632602813', 'Color Pencil', NULL, '', NULL, NULL, 1, 0, NULL, 0.00, 1, 1),
(201, 226, 3, 'ADITYA DUARAH', 'supratim25@rediffmail.com', '7760988251', 'Color Pencil', NULL, '', NULL, NULL, 1, 0, NULL, 0.00, 1, 1),
(202, 227, 3, 'V Shivaani', 'sharmila099@gmail.com', '9538913805', 'Portrait', '2011-02-14', 'F', 'C707 Jain Heights East Parade', 'uploads/avatars/202.png', 1, 0, NULL, 0.00, 1, 1),
(204, 229, 3, 'Sudharshini', 'sudharshini2504@gmail.com', '9538913805', 'Oil Pastels-Enhanced', '2015-04-25', 'M', 'C707 Jain Heights East Parade', 'uploads/avatars/204.jpg', 1, 0, NULL, 0.00, 1, 1),
(205, 230, 3, 'Uditya', 'uditya.duarah1407@gmail.com', '7760988251', 'Oil Pastels-Enhanced', NULL, '', NULL, NULL, 1, 0, NULL, 0.00, 1, 1),
(320, 322, 9, 'Vihanya V', 'sneharao.051@gmail.com', '9739263001', 'Oil Pastels-Basic Drawing', '2018-09-03', 'F', '0', NULL, 1, 1, NULL, 0.00, 1, 1),
(449, 263, 2, 'Arshiya Jha', 'naveenjha4u@gmail.com', '9999530145', 'Oil Pastels-Basic Drawing', NULL, '', NULL, NULL, 1, 0, NULL, 0.00, 1, 1),
(450, 264, 3, 'kaushiki tripathi', 'kaushiki2404@gmail.com', '9538240525', 'Oil Pastels-Basic Drawing', NULL, '', NULL, NULL, 1, 0, NULL, 0.00, 1, 1),
(451, 265, 3, 'kartikeya tripathi', 'kartikeya9415@gmail.com', '9538240525', 'Oil Pastels-Enhanced', NULL, '', NULL, NULL, 1, 0, NULL, 0.00, 1, 1),
(452, 266, 2, 'Arush Halder', 'sangeeta.das81@gmail.com', '9731833400', 'Portrait', NULL, '', NULL, NULL, 1, 0, NULL, 0.00, 1, 1),
(453, 267, 2, 'Ayansh jain', 'rohit.jain4u@gmail.com', '8147479097', 'Oil Pastels-Enhanced', '0000-00-00', '', '0', NULL, 1, 1, NULL, 0.00, 1, 1),
(454, 268, 2, 'Bhavna Hazarika', 'swapnahazarika20@gmail.com', '7349513206', 'Oil Pastels-Basic Drawing', '2018-07-26', 'F', 'Assetz 63 Degrees East Apartment', 'uploads/avatars/454.jpeg', 1, 0, NULL, 0.00, 1, 1),
(456, 270, 2, 'Dharansh Arora', 'pulkeetarora1@gmail.com', '9902513725', 'Oil Pastels-Smudging', NULL, '', NULL, NULL, 1, 0, NULL, 0.00, 1, 1),
(457, 271, 2, 'Ishaan Mourya', 'neelam.dec28@gmail.com', '8861666013', 'Color Pencil', NULL, '', NULL, NULL, 1, 0, NULL, 0.00, 1, 1),
(459, 273, 2, 'Ishaan Sabat', 'jayashree.pattnaik@gmail.com', '9880362766', 'Oil Pastels-Enhanced', NULL, '', NULL, NULL, 1, 0, NULL, 0.00, 1, 1),
(461, 275, 2, 'Miraan B Chaudhury', 'sarbani88@outlook.com', '9901539955', 'Oil Pastels-Smudging', NULL, '', NULL, NULL, 1, 0, NULL, 0.00, 1, 1),
(462, 276, 2, 'Moksh Chethan', 'deepthi.s8@gmail.com', '9880060169', 'Color Pencil', '0000-00-00', '', '0', NULL, 1, 1, NULL, 0.00, 1, 1),
(463, 277, 2, 'Shambhavi Nair', 'neethuvrinda123@gmail.com', '8921833415', 'Oil Pastels-Smudging', '0000-00-00', '', '0', NULL, 1, 0, NULL, 0.00, 1, 1),
(464, 278, 2, 'Shreyas Srivatsa', 'srii.jn@gmail.com', '9611551312', 'Oil Pastels-Smudging', '0000-00-00', '', '0', NULL, 1, 1, NULL, 0.00, 1, 1),
(465, 279, 2, 'Vedika Singh', 'priyaranjan0007@gmail.com', '7406029000', 'Oil Pastels-Basic Drawing', NULL, '', NULL, NULL, 1, 0, NULL, 0.00, 1, 1),
(466, 280, 2, 'Vijaya Lakshmi Pandit', 'shyam2931@gmail.com', '7603026947', 'Color Pencil', NULL, '', NULL, NULL, 1, 0, NULL, 0.00, 1, 1),
(467, 281, 2, 'Yuvaan Makkar', 'makkar_harry@yahoo.com', '9160217896', 'Oil Pastels-Smudging', NULL, '', NULL, NULL, 1, 0, NULL, 0.00, 1, 1),
(468, 282, 10, 'Jaiden Jeevan', 'jeevan.alex@gmail.com', '9176164550', 'Oil Pastels-Basic Drawing', NULL, '', NULL, NULL, 1, 0, NULL, 0.00, 1, 1),
(469, 283, 10, 'Kabir Arya', 'sasmitaiitk@gmail.com', '9663018523', 'Oil Pastels-Smudging', NULL, '', NULL, NULL, 1, 0, NULL, 0.00, 1, 1),
(470, 284, 10, 'Shrey Singh', 'sneha.agarwal1502@gmail.com', '7829401742', 'Oil Pastels-Smudging', NULL, '', NULL, NULL, 1, 0, NULL, 0.00, 1, 1),
(471, 285, 10, 'Mithul Balaaji', 'v.balaajii@gmail.com', '8098449492', 'Oil Pastels-Basic Drawing', NULL, '', NULL, NULL, 1, 0, NULL, 0.00, 1, 1),
(472, 286, 10, 'Ayan Bose', 'arundhatipodder@gmail.com', '9900273558', 'Oil Pastels-Enhanced', NULL, '', NULL, NULL, 1, 0, NULL, 0.00, 1, 1),
(473, 287, 10, 'AbhinavPrabhu', 'ashasubbulekshmi@yahoo.com', '8130212702', 'Portrait', '2011-12-08', 'M', 'Celestial Green Apt,Nagavarapalya, CV Raman Nagar, Bangalore', 'uploads/avatars/473.jpg', 1, 0, NULL, 0.00, 1, 1),
(474, 288, 9, 'Sathvik M', 'anithasrivani.g@gmail.com', '9986021768', 'Oil Pastels-Basic Drawing', NULL, '', NULL, NULL, 1, 0, NULL, 0.00, 1, 1),
(475, 289, 2, 'Ananya Dandona', 'narin.1207@gmail.com', '9886833412', 'Color Pencil', NULL, '', NULL, NULL, 1, 0, NULL, 0.00, 1, 1),
(476, 290, 10, 'Aashika Asha', 'ashasubbulekshmi@gmail.com', '8130212702', 'Color Pencil', '2016-07-29', 'F', 'No:003,A block, Celestial Green Apt, Nagavarapalya, CV Raman Nagar, Bangalore', 'uploads/avatars/476.jpg', 1, 0, NULL, 0.00, 1, 1),
(477, 291, 6, 'Dhaanyavi Deb Roy', 'shatarupadebroy@gmail.com', '9620148401', 'Portrait', '2014-01-02', 'F', 'Confident Phoenix apartment', NULL, 1, 0, NULL, 0.00, 1, 1),
(478, 292, 6, 'Gowri Sreeram', 'sreeram.muthuraman.psc@gmail.com', '9535660240', 'Oil Pastels-Basic Drawing', NULL, '', NULL, NULL, 1, 0, NULL, 0.00, 1, 1),
(479, 293, 6, 'Aun Abbas Mistry', 'f_a_mistry@yahoo.co.in', '9591483398', 'Oil Pastels-Basic Drawing', '2025-07-19', 'M', '#487,KPCL layout,6 cross,kasvanahalli,Sarjapur road Bangalore 560035', NULL, 1, 0, NULL, 0.00, 1, 1),
(480, 294, 6, 'Sanidhya Pant', 'shashank.pant@yahoo.com', '9739388401', 'Color Pencil', '0000-00-00', '', '0', NULL, 1, 0, NULL, 0.00, 1, 1),
(481, 295, 6, 'Dhwani Pant', 'megha.pant02@gmail.com', '8050799273', 'Oil Pastels- Beginners', NULL, '', NULL, NULL, 1, 0, NULL, 0.00, 1, 1),
(483, 298, 2, 'Devang Nija Pratheesh', 'ckpratheesh.prema@gmail.com', '9886328218', 'Color Pencil', NULL, '', NULL, NULL, 1, 0, NULL, 0.00, 1, 1),
(485, 301, 5, 'Srimayee Maitra', 'sushmita.mookherjee@gmail.com', '9886708304', 'Portrait', '0000-00-00', '', '0', NULL, 1, 1, NULL, 0.00, 1, 1),
(486, 302, 2, 'Prithvi Pundir', 'chauhan.preeti177@gmail.com', '9891660113', 'Oil Pastels-Smudging', '2020-05-19', 'M', '0', 'uploads/avatars/486.jpeg', 1, 1, NULL, 0.00, 1, 1),
(487, 303, 3, 'Pragnya Chebrolu', 'snprathyu@gmail.com', '8105014904', 'Color Pencil', '2014-07-04', 'F', 'F-G5, Innovative Aqua Front, Lake View Road, Doddennakkundi,  Bengaluru-560037', NULL, 1, 0, NULL, 0.00, 0, 0),
(488, 304, 2, 'Karman Singh', 'cajkaur@gmail.com', '8686754421', 'Oil Pastels-Basic Drawing', '0000-00-00', '', '0', NULL, 1, 1, NULL, 0.00, 1, 0),
(489, 305, 2, 'Jiyan Mudunuri', 'anu.varmas@gmail.com', '9177173333', 'Oil Pastels-Basic Drawing', '0000-00-00', '', '0', NULL, 1, 1, NULL, 0.00, 1, 1),
(490, 306, 2, 'Shripad Nija Pratheesh', 'kp.nija@gmail.com', '9886328218', 'Oil Pastels-Smudging', NULL, '', NULL, NULL, 1, 0, NULL, 0.00, 1, 1),
(491, 307, 3, 'Mitansh Choudhary', 'rchowdhari@gmail.com', '9632812782', 'WaterColor', NULL, '', NULL, NULL, 1, 0, NULL, 0.00, 1, 1),
(493, 309, 5, 'Neil Sarkar', 'reach.lisasarkar@gmail.com', '7899258771', 'Acrylic', NULL, '', NULL, NULL, 1, 0, NULL, 0.00, 1, 1),
(494, 310, 5, 'Nilaksh Gaind', 'sourabhextra@gmail.com', '7508983717', 'Color Pencil', NULL, '', NULL, NULL, 1, 0, NULL, 0.00, 1, 1),
(495, 311, 5, 'Swastik Saneesh', 'sangeetha.nagvekar@gmail.com', '9886281177', 'WaterColor', NULL, '', NULL, NULL, 1, 0, NULL, 0.00, 1, 1),
(496, 312, 10, 'Soham Biswas', 'adi.pramou@gmail.com', '9845922998', 'Oil Painting', NULL, '', NULL, NULL, 1, 0, NULL, 0.00, 1, 1),
(497, 315, 10, 'Siri patil', 'shreyaskatkarbgm@gmail.com', '7760176042', 'Oil Pastels-Smudging', NULL, '', NULL, NULL, 1, 0, NULL, 0.00, 0, 0),
(498, 316, 10, 'Manvitha', 'prathigowda.l2@gmail.com', '9886680517', 'Oil Pastels-Smudging', NULL, '', NULL, NULL, 1, 0, NULL, 0.00, 0, 0),
(499, 317, 10, 'Sparsha Vernekar', 'shwethashet.90@gmail.com', '9481179555', 'Oil Pastels-Basic Drawing', '2018-04-27', 'F', '#179, 1st floor, 6th cross, Ramesh Nagar 2nd main, Marathahalli Post, Bengaluru -560037india', NULL, 1, 0, NULL, 0.00, 0, 0),
(500, 318, 2, 'Khyati Panigrahi', 'kallolapanigrahi@gmail.com', '8099429217', 'Oil Pastels-Basic Drawing', '2017-06-13', 'F', 'Asstez 63 degree east', NULL, 1, 0, NULL, 0.00, 0, 0),
(501, 319, 10, 'Aarav Singh', 'as60488@gmail.com', '7829401742', 'Oil Pastels-Basic Drawing', NULL, '', NULL, NULL, 1, 0, NULL, 0.00, 1, 1),
(503, 323, 5, 'Test', 'teststudent@test.com', '9051020999', 'Oil Pastels-Smudging', NULL, '', NULL, NULL, 1, 0, NULL, 0.00, 1, 1),
(504, 324, 3, 'Vaiga Lalith', 'SMITHA.kb2004@GMAIL.COM', '9986496009', 'Color Pencil', NULL, '', NULL, NULL, 1, 0, 200, 0.00, 0, 0),
(505, 325, 10, 'Myra Padamatinti', 'mahesh.padamatinti@gmail.com', '9844670463', 'Oil Pastels- Beginners', NULL, '', NULL, NULL, 1, 0, NULL, 0.00, 0, 0);

-- --------------------------------------------------------

--
-- Table structure for table `student_promotions`
--

CREATE TABLE `student_promotions` (
  `id` int(10) UNSIGNED NOT NULL,
  `student_id` int(10) UNSIGNED NOT NULL,
  `art_group_id` int(10) UNSIGNED NOT NULL,
  `effective_date` date NOT NULL,
  `is_applied` tinyint(1) NOT NULL DEFAULT 0
) ENGINE=InnoDB DEFAULT CHARSET=utf8mb4 COLLATE=utf8mb4_general_ci;

--
-- Dumping data for table `student_promotions`
--

INSERT INTO `student_promotions` (`id`, `student_id`, `art_group_id`, `effective_date`, `is_applied`) VALUES
(71, 182, 1, '2025-06-17', 1),
(72, 183, 2, '2025-06-17', 1),
(77, 187, 5, '2025-06-18', 1),
(79, 189, 4, '2025-06-18', 1),
(84, 194, 8, '2025-06-20', 1),
(85, 195, 5, '2025-06-20', 1),
(86, 196, 5, '2025-06-20', 1),
(87, 197, 8, '2025-06-20', 1),
(88, 198, 5, '2025-06-20', 1),
(89, 199, 5, '2025-06-20', 1),
(90, 200, 5, '2025-06-20', 1),
(91, 201, 5, '2025-06-20', 1),
(92, 202, 8, '2025-06-20', 1),
(94, 204, 4, '2025-06-20', 1),
(95, 205, 4, '2025-06-20', 1),
(103, 449, 3, '2025-06-25', 1),
(104, 450, 2, '2025-06-25', 1),
(105, 451, 4, '2025-06-25', 1),
(106, 452, 8, '2025-06-25', 1),
(107, 453, 4, '2025-06-25', 1),
(109, 454, 3, '2025-06-25', 1),
(111, 456, 2, '2025-06-25', 1),
(112, 457, 5, '2025-06-25', 1),
(113, 459, 4, '2025-06-25', 1),
(115, 461, 2, '2025-06-25', 1),
(117, 463, 2, '2025-06-25', 1),
(119, 465, 3, '2025-06-25', 1),
(120, 466, 5, '2025-06-25', 1),
(121, 467, 2, '2025-06-25', 1),
(122, 468, 3, '2025-06-25', 1),
(123, 469, 2, '2025-06-25', 1),
(124, 470, 2, '2025-06-25', 1),
(125, 471, 3, '2025-06-25', 1),
(126, 472, 4, '2025-06-25', 1),
(127, 473, 8, '2025-06-25', 1),
(128, 474, 3, '2025-06-26', 1),
(129, 475, 5, '2025-06-26', 1),
(130, 476, 5, '2025-06-26', 1),
(131, 477, 8, '2025-06-27', 1),
(132, 478, 3, '2025-06-27', 1),
(133, 479, 3, '2025-06-27', 1),
(134, 480, 5, '2025-06-27', 1),
(135, 481, 1, '2025-06-27', 1),
(136, 466, 1, '2025-06-27', 0),
(139, 483, 5, '2025-06-30', 1),
(141, 485, 8, '2025-07-01', 1),
(142, 486, 2, '2025-07-01', 1),
(143, 487, 5, '2025-07-01', 1),
(144, 488, 3, '2025-07-01', 1),
(146, 489, 3, '2025-07-08', 1),
(147, 490, 2, '2025-07-08', 1),
(148, 491, 9, '2025-07-09', 1),
(150, 493, 10, '2025-07-10', 1),
(151, 494, 5, '2025-07-10', 1),
(152, 495, 9, '2025-07-10', 1),
(153, 496, 11, '2025-07-10', 1),
(154, 497, 2, '2025-07-12', 1),
(155, 498, 2, '2025-07-12', 1),
(156, 499, 3, '2025-07-12', 1),
(157, 500, 3, '2025-07-12', 1),
(158, 501, 3, '2025-07-13', 1),
(160, 320, 4, '2025-06-28', 1),
(162, 503, 2, '2025-07-18', 1),
(164, 178, 4, '2025-07-17', 1),
(165, 181, 4, '2025-07-17', 1),
(166, 464, 3, '2025-07-06', 1),
(167, 185, 6, '2025-07-24', 1),
(168, 462, 6, '2025-07-27', 1),
(169, 504, 5, '2025-08-01', 1),
(170, 505, 1, '2025-08-02', 1);

-- --------------------------------------------------------

--
-- Table structure for table `student_subscriptions`
--

CREATE TABLE `student_subscriptions` (
  `id` int(10) UNSIGNED NOT NULL,
  `student_id` int(10) UNSIGNED NOT NULL,
  `plan_id` int(10) UNSIGNED NOT NULL,
  `subscribed_at` datetime NOT NULL DEFAULT current_timestamp(),
  `referral_applied` tinyint(1) NOT NULL DEFAULT 0,
  `referral_amount` decimal(10,2) NOT NULL DEFAULT 0.00
) ENGINE=InnoDB DEFAULT CHARSET=utf8mb4 COLLATE=utf8mb4_general_ci;

--
-- Dumping data for table `student_subscriptions`
--

INSERT INTO `student_subscriptions` (`id`, `student_id`, `plan_id`, `subscribed_at`, `referral_applied`, `referral_amount`) VALUES
(185, 177, 36, '2025-06-17 10:50:03', 0, 0.00),
(186, 178, 41, '2025-06-17 11:21:37', 0, 0.00),
(189, 181, 40, '2025-06-17 11:25:54', 0, 0.00),
(190, 182, 35, '2025-06-17 11:27:13', 0, 0.00),
(191, 182, 40, '2025-06-17 12:08:13', 0, 0.00),
(192, 183, 42, '2025-06-17 12:10:15', 0, 0.00),
(194, 185, 44, '2025-06-18 05:36:41', 0, 0.00),
(197, 188, 45, '2025-06-18 11:52:14', 0, 0.00),
(198, 189, 45, '2025-06-18 11:53:59', 0, 0.00),
(199, 177, 45, '2025-06-19 11:54:34', 0, 0.00),
(200, 190, 45, '2025-06-19 11:56:02', 0, 0.00),
(201, 191, 49, '2025-06-20 10:19:17', 0, 0.00),
(202, 192, 51, '2025-06-20 11:28:00', 0, 0.00),
(203, 193, 51, '2025-06-20 12:08:52', 0, 0.00),
(204, 194, 51, '2025-06-20 13:20:30', 0, 0.00),
(205, 195, 48, '2025-06-20 13:23:03', 0, 0.00),
(206, 196, 47, '2025-06-20 13:27:00', 0, 0.00),
(207, 197, 51, '2025-06-20 13:31:57', 0, 0.00),
(208, 198, 49, '2025-06-20 13:37:03', 0, 0.00),
(209, 199, 50, '2025-06-20 13:40:52', 0, 0.00),
(210, 200, 49, '2025-06-20 13:55:21', 0, 0.00),
(211, 201, 49, '2025-06-20 14:03:08', 0, 0.00),
(212, 202, 56, '2025-06-20 14:06:33', 0, 0.00),
(213, 203, 45, '2025-06-20 14:09:28', 0, 0.00),
(214, 204, 45, '2025-06-20 14:19:57', 0, 0.00),
(215, 205, 45, '2025-06-20 14:28:57', 0, 0.00),
(216, 231, 77, '2025-06-22 10:22:57', 0, 0.00),
(217, 232, 83, '2025-06-24 10:42:26', 0, 0.00),
(218, 212, 77, '2025-06-24 14:55:15', 0, 0.00),
(219, 222, 86, '2025-06-24 15:06:47', 0, 0.00),
(220, 198, 50, '2025-06-24 16:06:29', 0, 0.00),
(221, 187, 44, '2025-06-01 18:13:54', 0, 0.00),
(223, 84, 88, '2025-06-01 10:50:03', 0, 0.00),
(224, 415, 86, '2025-06-17 11:21:37', 0, 0.00),
(225, 306, 91, '2025-06-17 11:25:54', 0, 0.00),
(226, 444, 86, '2025-06-01 11:27:13', 0, 0.00),
(227, 84, 91, '2025-06-24 14:00:22', 0, 0.00),
(228, 274, 91, '2025-06-24 14:00:22', 0, 0.00),
(229, 292, 91, '2025-06-24 14:00:22', 0, 0.00),
(230, 300, 91, '2025-06-24 14:00:22', 0, 0.00),
(231, 303, 91, '2025-06-24 14:00:22', 0, 0.00),
(232, 306, 91, '2025-06-24 14:00:22', 0, 0.00),
(233, 320, 91, '2025-06-24 14:00:22', 0, 0.00),
(234, 351, 91, '2025-06-24 14:00:22', 0, 0.00),
(235, 395, 91, '2025-06-24 14:00:22', 0, 0.00),
(236, 398, 91, '2025-06-24 14:00:22', 0, 0.00),
(237, 401, 91, '2025-06-24 14:00:22', 0, 0.00),
(238, 403, 91, '2025-06-24 14:00:22', 0, 0.00),
(239, 409, 91, '2025-06-24 14:00:22', 0, 0.00),
(240, 415, 91, '2025-06-24 14:00:22', 0, 0.00),
(241, 423, 91, '2025-06-24 14:00:22', 0, 0.00),
(242, 433, 91, '2025-06-24 14:00:22', 0, 0.00),
(243, 434, 91, '2025-06-24 14:00:22', 0, 0.00),
(244, 444, 91, '2025-06-24 14:00:22', 0, 0.00),
(245, 445, 91, '2025-06-24 14:00:22', 0, 0.00),
(246, 446, 87, '2025-06-24 19:32:27', 0, 0.00),
(247, 447, 46, '2025-06-24 19:51:16', 0, 0.00),
(248, 448, 87, '2025-06-25 09:12:35', 0, 0.00),
(249, 449, 86, '2025-06-25 09:29:14', 0, 0.00),
(250, 450, 45, '2025-06-25 09:30:07', 0, 0.00),
(251, 451, 45, '2025-06-25 09:31:40', 0, 0.00),
(252, 452, 91, '2025-06-25 09:32:03', 0, 0.00),
(253, 453, 87, '2025-06-25 09:34:18', 0, 0.00),
(254, 454, 86, '2025-06-25 09:36:38', 0, 0.00),
(255, 455, 88, '2025-06-25 09:38:47', 0, 0.00),
(256, 456, 86, '2025-06-25 09:40:22', 0, 0.00),
(257, 457, 89, '2025-06-25 09:41:53', 0, 0.00),
(258, 459, 86, '2025-06-25 10:10:31', 0, 0.00),
(259, 460, 87, '2025-06-25 10:12:02', 0, 0.00),
(260, 461, 87, '2025-06-25 10:14:51', 0, 0.00),
(261, 462, 88, '2025-06-25 10:15:38', 0, 0.00),
(262, 463, 87, '2025-06-25 10:16:22', 0, 0.00),
(263, 464, 87, '2025-06-25 10:17:28', 0, 0.00),
(264, 465, 86, '2025-06-25 10:18:11', 0, 0.00),
(265, 466, 89, '2025-06-25 10:18:59', 0, 0.00),
(266, 467, 86, '2025-06-25 10:19:46', 0, 0.00),
(267, 183, 40, '2025-06-25 11:35:25', 0, 0.00),
(268, 178, 37, '2025-06-25 11:35:59', 0, 0.00),
(269, 468, 92, '2025-06-25 18:01:29', 0, 0.00),
(270, 469, 92, '2025-06-25 18:02:42', 0, 0.00),
(271, 470, 92, '2025-06-25 18:03:41', 0, 0.00),
(272, 471, 94, '2025-06-25 18:05:15', 0, 0.00),
(273, 472, 92, '2025-06-25 18:07:44', 0, 0.00),
(274, 473, 98, '2025-06-25 18:30:28', 0, 0.00),
(275, 474, 45, '2025-06-26 08:10:40', 0, 0.00),
(276, 475, 88, '2025-06-26 10:49:41', 0, 0.00),
(277, 476, 97, '2025-06-26 11:07:20', 0, 0.00),
(278, 196, 50, '2025-06-26 11:07:26', 0, 0.00),
(279, 477, 105, '2025-06-27 12:02:20', 0, 0.00),
(280, 478, 72, '2025-06-27 12:05:21', 0, 0.00),
(281, 479, 77, '2025-06-27 12:07:27', 0, 0.00),
(282, 480, 77, '2025-06-27 12:10:06', 0, 0.00),
(283, 481, 77, '2025-06-27 12:23:54', 0, 0.00),
(284, 480, 108, '2025-06-28 16:57:21', 0, 0.00),
(285, 482, 115, '2025-06-29 07:17:38', 0, 0.00),
(287, 483, 88, '2025-06-30 09:49:00', 0, 0.00),
(288, 484, 92, '2025-07-01 13:11:45', 0, 0.00),
(289, 482, 118, '2025-07-01 09:34:27', 0, 0.00),
(290, 485, 118, '2025-07-01 10:30:38', 0, 0.00),
(291, 486, 86, '2025-05-01 11:05:59', 0, 0.00),
(292, 487, 49, '2025-07-01 11:28:42', 0, 0.00),
(293, 488, 88, '2025-07-01 13:36:21', 0, 0.00),
(294, 453, 86, '2025-07-06 18:57:36', 0, 0.00),
(295, 486, 87, '2025-07-06 18:58:43', 0, 0.00),
(296, 488, 87, '2025-07-06 19:13:59', 0, 0.00),
(297, 464, 86, '2025-07-07 10:29:10', 0, 0.00),
(298, 489, 86, '2025-07-08 09:46:02', 0, 0.00),
(299, 490, 87, '2025-07-08 10:59:38', 0, 0.00),
(300, 491, 61, '2025-07-09 13:46:15', 0, 0.00),
(301, 492, 46, '2025-07-10 09:57:20', 0, 0.00),
(302, 448, 132, '2025-07-10 10:40:57', 0, 0.00),
(303, 493, 138, '2025-07-10 11:39:42', 0, 0.00),
(304, 494, 136, '2025-07-10 12:05:16', 0, 0.00),
(305, 495, 132, '2025-07-10 12:06:36', 0, 0.00),
(306, 496, 135, '2025-07-10 12:08:59', 0, 0.00),
(307, 463, 86, '2025-07-10 19:37:52', 0, 0.00),
(308, 497, 139, '2025-07-12 17:12:34', 0, 0.00),
(309, 498, 45, '2025-07-12 17:32:58', 0, 0.00),
(310, 499, 45, '2025-07-12 17:37:30', 0, 0.00),
(311, 500, 37, '2025-07-12 17:45:59', 0, 0.00),
(312, 501, 92, '2025-07-13 18:06:41', 0, 0.00),
(313, 502, 102, '2025-07-14 17:48:57', 0, 0.00),
(314, 320, 45, '2025-06-18 11:52:14', 0, 0.00),
(315, 320, 45, '2025-06-18 11:52:14', 0, 0.00),
(316, 320, 139, '2025-07-14 18:49:22', 0, 0.00),
(317, 503, 137, '2025-07-18 10:58:27', 0, 0.00),
(318, 462, 90, '2025-08-01 09:31:24', 0, 0.00),
(319, 504, 50, '2025-08-01 14:37:24', 0, 0.00),
(320, 505, 92, '2025-08-02 11:40:53', 0, 0.00);

-- --------------------------------------------------------

--
-- Table structure for table `student_verifications`
--

CREATE TABLE `student_verifications` (
  `verification_id` int(10) UNSIGNED NOT NULL,
  `student_id` int(10) UNSIGNED NOT NULL,
  `photo_path` varchar(255) DEFAULT NULL,
  `id_path` varchar(255) DEFAULT NULL,
  `status` enum('pending','verified','rejected') NOT NULL DEFAULT 'pending',
  `uploaded_at` datetime NOT NULL DEFAULT current_timestamp(),
  `verified_at` datetime DEFAULT NULL
) ENGINE=InnoDB DEFAULT CHARSET=utf8mb4 COLLATE=utf8mb4_general_ci;

-- --------------------------------------------------------

--
-- Table structure for table `users`
--

CREATE TABLE `users` (
  `id` int(10) UNSIGNED NOT NULL,
  `username` varchar(50) NOT NULL,
  `password` varchar(255) NOT NULL,
  `role` enum('student','admin') NOT NULL DEFAULT 'student',
  `centre_id` int(10) UNSIGNED NOT NULL,
  `created_at` datetime NOT NULL DEFAULT current_timestamp(),
  `reset_token` varchar(255) DEFAULT NULL,
  `reset_expires` datetime DEFAULT NULL
) ENGINE=InnoDB DEFAULT CHARSET=utf8mb4 COLLATE=utf8mb4_general_ci;

--
-- Dumping data for table `users`
--

INSERT INTO `users` (`id`, `username`, `password`, `role`, `centre_id`, `created_at`, `reset_token`, `reset_expires`) VALUES
(3, 'enrollment@rartwork.com', '$2y$10$zda6m2vWLRY82rf.1xUQN.SF0hChjNo5Wb4LMApri4y.KOv.Zar6G', 'admin', 1, '2025-04-29 18:44:52', NULL, NULL),
(200, 'garg.ayushi0906@gmail.com', '$2y$10$5FUIVZD80KNI5nmLOZrD3uWTUCvp/C0ynrI8RJTWfrV71H9xllCj2', 'student', 1, '2025-06-17 11:21:37', NULL, NULL),
(203, 'roy.shatabdi20@gmail.com', '$2y$10$dSH7ynTe7QSw7PMklctnpuP038TDoerWt8F07n0AATf.thxfLFmzO', 'student', 1, '2025-06-17 11:25:54', NULL, NULL),
(204, 'sita.praneeth@gmail.com', '$2y$10$oUP1DBi41C5SZTBPsjhHsu4HCm58YdojwfXDLcimTz0v4VL2BQmJ6', 'student', 1, '2025-06-17 11:27:13', NULL, NULL),
(205, 'monikakunwal@gmail.com', '$2y$10$D7oZHqu8Zds./UwQw1WdIOAsgJU8w9MWNkc7hty9ZwHa6N.rlC9Am', 'student', 1, '2025-06-17 12:10:15', NULL, NULL),
(207, 'singhnitu2512@gmail.com', '$2y$10$HQ3o.nm6tDWSujzbrw40Lu4qhlwqTdbGCpKSGAaQbgkJjiYla3G4C', 'student', 1, '2025-06-18 05:36:41', NULL, NULL),
(209, 'mailto_susovan@yahoo.co.in', '$2y$10$vOJNTBEObCQAJYxJ2lNVHetxbG321ph5S0c.PyURRg4pIRJ/PEoVi', 'student', 1, '2025-06-18 10:18:06', NULL, NULL),
(211, 'dasharathi.m@gmail.com', '$2y$10$OQU3MxeuAtdPHZs1mwQ3IeJ5ubgEsyZuZCBOyM3iU0n5qAfJuTRaS', 'student', 3, '2025-06-18 11:53:59', NULL, NULL),
(219, 'preethikarthik81@gmail.com', '$2y$10$5cKQQVfzadiknYYAc2m9C.5pG4q6NJNVciE/NqCcth3BKyl1zZHXe', 'student', 3, '2025-06-20 07:50:30', NULL, NULL),
(220, 'jayashreevijaybabu@gmail.com', '$2y$10$.ThcYTUD3jQW11gW91ePpubMXJhnwxbKxWlq4jLkz3IyjFE8fFdPi', 'student', 3, '2025-06-20 07:53:03', NULL, NULL),
(221, 'blakhani@outlook.com', '$2y$10$e1PaTBqMKBTCbQLItZiV6eR/Rb31nqAxLp9rjdPLiJW7TqEwqINMm', 'student', 3, '2025-06-20 07:57:00', NULL, NULL),
(222, 'vatsala.kv@gmail.com', '$2y$10$lCJ4K654QBevnIUxzNQz/uRp7jiVjRC1h4VUJKjZMTJHARHlIx8FC', 'student', 3, '2025-06-20 08:01:57', NULL, NULL),
(223, 'vabhatripathi@gmail.com', '$2y$10$DlcL8fkwppn21VBQwjz6CuMjBW3u1nImGVr2bS4yWJizie9MpZxQO', 'student', 3, '2025-06-20 08:07:03', '60f059ff4615fbf944ab3f0034c30f46799077bb72e7e5fd354879d7b71bb5e9', '2025-07-19 11:42:05'),
(224, 'pratyusha_slg@yahoo.co.in', '$2y$10$Wi5gc6pA5ms8Lt/F6rQ8JecWuhIDb4KNGK9WwzVpSlLv4P20qqE1S', 'student', 3, '2025-06-20 08:10:52', NULL, NULL),
(225, 'shubha_369@yahoo.co.in', '$2y$10$VJrtH/PxJcDCPruGfBZNtuFMWxMdHSA0gQp4hWn/NCUEDOkZE/6bO', 'student', 3, '2025-06-20 08:25:21', NULL, NULL),
(226, 'supratim25@rediffmail.com', '$2y$10$JDZw/AEcVeLAymf4lo4neO7B7LFOSEHHrtAaH0M.FP3KjSIg6Kuti', 'student', 3, '2025-06-20 08:33:08', NULL, NULL),
(227, 'sharmila099@gmail.com', '$2y$10$1DWSkzh8g1jIO4LJy9k8R.4angazCtWrsehsoHpx0v.DiZZ.Kz03K', 'student', 3, '2025-06-20 08:36:33', '272957fb294548b85eaae45b1c7414ac25f883bfd797275755fc29504f84f806', '2025-06-22 07:33:44'),
(228, 'kripendratripathi@gmail.com', '$2y$10$YEBh3FTqpaTlXzHsdrwBxO5yXdULkHHZ9ndafYxlt.glZR4LT0DEq', 'student', 3, '2025-06-20 08:39:28', NULL, NULL),
(229, 'sudharshini2504@gmail.com', '$2y$10$XuS/CNo7.AwKMNCkbhn5C.DSNSzTSPgFhpgYAtexik1KUjqcW8i5W', 'student', 3, '2025-06-20 08:49:57', NULL, NULL),
(230, 'uditya.duarah1407@gmail.com', '$2y$10$7gRETCfcnTXXvm5gbdH7UusfygweUzqM0LLJiwy1fnDO1.KbgqSHu', 'student', 3, '2025-06-20 08:58:57', NULL, NULL),
(262, 'rartworkscls@gmail.com', '$2y$10$GpgAZJYEE1wLhrm5zB5mIeJSm9nK7XUbJbyugBvUbuVApwNPyPsHG', 'student', 2, '2025-06-25 03:42:35', NULL, NULL),
(263, 'naveenjha4u@gmail.com', '$2y$10$ObsovCXyLjgCiR3G1Lhh3.QW05KZ/ogi072Juiu6QFZxs5BsNgmzO', 'student', 2, '2025-06-25 03:59:14', NULL, NULL),
(264, 'kaushiki2404@gmail.com', '$2y$10$QrB/cDIXn479/dvKLRQTFe8F5wLcEsypYjKynjVBOtrVOw0A8N..O', 'student', 3, '2025-06-25 04:00:07', NULL, NULL),
(265, 'kartikeya9415@gmail.com', '$2y$10$zQAjR5rKauV/2.MqmWGbbOkzl6C45J9qpIJEjpaiNeSFgZJ9994RO', 'student', 3, '2025-06-25 04:01:40', NULL, NULL),
(266, 'sangeeta.das81@gmail.com', '$2y$10$vgnU4nkh5775PPmfGt1vtOKCznJEBfrE10SVhMu4XNKhZKtGj9Zhe', 'student', 2, '2025-06-25 04:02:03', NULL, NULL),
(267, 'rohit.jain4u@gmail.com', '$2y$10$EeDZqFj.1c5J8RgVF9TSqeu2J8BuQVU./xkFWaTON3eR2ZPMhSJtu', 'student', 2, '2025-06-25 04:04:18', NULL, NULL),
(268, 'swapnahazarika20@gmail.com', '$2y$10$nuLi0xOpvlTxH17NlKS/muTtI0KM5WwIkWBcaq8/NRMmB2y9j4gpq', 'student', 2, '2025-06-25 04:06:38', '87385477e96a43b5f93031594e4de378cf28548ed3c3705fd3c7345d9232d5dc', '2025-06-28 12:44:24'),
(270, 'pulkeetarora1@gmail.com', '$2y$10$YDp8egVp0ttISzpxPXn8uu3njKLzfrx7WdCT5DQI4dNoJlDxDh4j2', 'student', 2, '2025-06-25 04:10:22', NULL, NULL),
(271, 'neelam.dec28@gmail.com', '$2y$10$Ok.U1LFDWaFml9PkvWHsBeBRd01CS9wtif2DHYDloszEPm2Z6OsbS', 'student', 2, '2025-06-25 04:11:53', NULL, NULL),
(273, 'jayashree.pattnaik@gmail.com', '$2y$10$y3rEsPqGrSCUJtinSku9Oun3sTKwK3Om4HfpK64S9Ty1E2U9yPWlG', 'student', 2, '2025-06-25 04:40:31', NULL, NULL),
(275, 'sarbani88@outlook.com', '$2y$10$cKioRA4OgHxgYQ3jYHBDa.j6DWSAOJSF7oIgc4dF0ILhNgG7QQMoK', 'student', 2, '2025-06-25 04:44:51', NULL, NULL),
(276, 'deepthi.s8@gmail.com', '$2y$10$0uGAI8HDyQ6bMVj8IdT4qOpz9QeJuWUho4TvSv6A/JWASzGjP1Wzi', 'student', 2, '2025-06-25 04:45:38', NULL, NULL),
(277, 'neethuvrinda123@gmail.com', '$2y$10$XTp94tC6gL.t7sWACXUnY.owk5iJ4L2NBV2Cx3/.B0TEf8CGnabyK', 'student', 2, '2025-06-25 04:46:22', NULL, NULL),
(278, 'srii.jn@gmail.com', '$2y$10$oHjH5IkfzANo8HndKjQcw.kHZXR/fp7HgKk/bqCDPEKStC.1odbt2', 'student', 2, '2025-06-25 04:47:28', NULL, NULL),
(279, 'priyaranjan0007@gmail.com', '$2y$10$wj6NxHE1Xk7TttMqXPfGC.EneGFr1PQA49U./3NrNoBtyGhM85FR6', 'student', 2, '2025-06-25 04:48:11', '14bc4e8bd30d8eacd3929edd506d7ad160229cd8fe99f78c812983dc32bc99ec', '2025-07-20 06:24:23'),
(280, 'shyam2931@gmail.com', '$2y$10$mBxxlrLQNszp1s36iB6FcOBOjWTyoFV0M3vWUFHdB3VGd0G8g7mmq', 'student', 2, '2025-06-25 04:48:59', NULL, NULL),
(281, 'makkar_harry@yahoo.com', '$2y$10$2Z6gHVnZbkyZV1BJzb5IwOXw9xNTncFMQvpLaE9IyyvtzNOmXPkZ.', 'student', 2, '2025-06-25 04:49:46', NULL, NULL),
(282, 'jeevan.alex@gmail.com', '$2y$10$FtGB5BOsaNeISfZm3VL2oO.NWEUgDUNVXCSRvGqvcwA/Pk0E56ZOy', 'student', 10, '2025-06-25 12:31:29', NULL, NULL),
(283, 'sasmitaiitk@gmail.com', '$2y$10$XT945IwQ/mLN5Sj7FPmVVeQLh4Kh11/KbKc58lYrmjGaGASUeITJy', 'student', 10, '2025-06-25 12:32:42', NULL, NULL),
(284, 'sneha.agarwal1502@gmail.com', '$2y$10$4GbRbZIoQvm26fXNtqlzMeISqZ9MS1CqRCeiOEoelN6xHgLjYEupe', 'student', 10, '2025-06-25 12:33:41', NULL, NULL),
(285, 'v.balaajii@gmail.com', '$2y$10$L0xkxdsfESPu/ULE5EjZn.yHdechJUct9IJD3EOrSr5UGlkIPoqeu', 'student', 10, '2025-06-25 12:35:15', NULL, NULL),
(286, 'arundhatipodder@gmail.com', '$2y$10$rk19h5DlapSxUOu.VYf5xeuKw70jcZI8sy0d4rBiNmxo.EA6j2vte', 'student', 10, '2025-06-25 12:37:44', NULL, NULL),
(287, 'ashasubbulekshmi@yahoo.com', '$2y$10$Hy.Wfm71ZipFLS2s87a8UelrxohxiXnpF17wd4NzKUgDjHCIcQqwq', 'student', 10, '2025-06-25 13:00:28', NULL, NULL),
(288, 'anithasrivani.g@gmail.com', '$2y$10$K1cbdGnvnic7BhR00Jhvh.up6HsvPiGK0jrs3FATHqnHQoVm.aXT.', 'student', 9, '2025-06-26 02:40:40', NULL, NULL),
(289, 'narin.1207@gmail.com', '$2y$10$wFLG1mpqQya3UbDaqQP28egR0d4it.B3XERkB/hYyIbkYdDWioRL6', 'student', 2, '2025-06-26 05:19:41', NULL, NULL),
(290, 'ashasubbulekshmi@gmail.com', '$2y$10$KEteSQq2.dGzOp9sdz8./eYDCOD6qHDr5SV/H.5dZQBsX0VaEtX7G', 'student', 10, '2025-06-26 05:37:20', NULL, NULL),
(291, 'shatarupadebroy@gmail.com', '$2y$10$eFq.Y9bkcn0K119QUTD9Qu/frqawKRfFTuuGWrTd5yue7hPNyXZv.', 'student', 6, '2025-06-27 06:32:20', NULL, NULL),
(292, 'sreeram.muthuraman.psc@gmail.com', '$2y$10$idMvrHCOk5Wl5LaeXXbA8.PrpjWl.kzeD1QRN..IGJqznBIxA.b0q', 'student', 6, '2025-06-27 06:35:21', NULL, NULL),
(293, 'f_a_mistry@yahoo.co.in', '$2y$10$zpVjfHt3sqJ3Of/wJuXCiuVm4/HWqntsJ6aytj4r/Q2lfVM95Cj3y', 'student', 6, '2025-06-27 06:37:27', NULL, NULL),
(294, 'shashank.pant@yahoo.com', '$2y$10$XRilO6eQtE3YcKuASYTnN.hTWW3gKd/vqjlXAHKjy/78ae5KXL.NO', 'student', 6, '2025-06-27 06:40:06', NULL, NULL),
(295, 'megha.pant02@gmail.com', '$2y$10$JThYr96WsjGibDTE9b3ZP.kiIJtgqmPmvJonzfbyog9fes5p9ckS2', 'student', 6, '2025-06-27 06:53:54', NULL, NULL),
(298, 'ckpratheesh.prema@gmail.com', '$2y$10$pAvOXVl8ni7YcQTV3xNxSuP7VqYNMN3.0fL7mf8q9Z9xPQ6UsSpfa', 'student', 2, '2025-06-30 04:19:00', NULL, NULL),
(301, 'sushmita.mookherjee@gmail.com', '$2y$10$VQkDrkiVIw2TAGcqtIMYj.k1KUYmte1sRqS0u7LAvxDNIw09TYyrO', 'student', 5, '2025-07-01 05:00:38', NULL, NULL),
(302, 'chauhan.preeti177@gmail.com', '$2y$10$FjGH88AjGb/mzfPfRTH5nO5RDFVm4ALU/6hxeBsxhNtPVZqsN.aUy', 'student', 2, '2025-07-01 05:35:59', '199ce485834a339d1806afe1d57446e141da110cdb26403eea51a5e8fd1ee350', '2025-07-02 15:48:47'),
(303, 'snprathyu@gmail.com', '$2y$10$H40mCKbjJ5sQrDV2.3DleOAdtm6JFheESdchZ4k13LdoGN/D0ys3a', 'student', 3, '2025-07-01 05:58:42', NULL, NULL),
(304, 'cajkaur@gmail.com', '$2y$10$AFBc5CGJl31qvFWb.R2dzOG2KOZXofg3E.GMOIIKn5TX2r0tTNrW.', 'student', 2, '2025-07-01 08:06:21', NULL, NULL),
(305, 'anu.varmas@gmail.com', '$2y$10$k5kIlRsU8xAzEAlZiHm8l.1RMY2BbvuwabNAzRz0Wq935xiyA1jQa', 'student', 2, '2025-07-08 04:16:02', NULL, NULL),
(306, 'kp.nija@gmail.com', '$2y$10$0V8sdNhgqsB2ZMRUHT1AtuCqEzA2YZIKC9zUMZpm7RATq29fN2H/i', 'student', 2, '2025-07-08 05:29:38', NULL, NULL),
(307, 'rchowdhari@gmail.com', '$2y$10$Ye.dAuy8m03nDHF3YHvrReGfhDNVopcbEmwdqm8Pfw3RfmyqB6PyO', 'student', 3, '2025-07-09 08:16:15', NULL, NULL),
(309, 'reach.lisasarkar@gmail.com', '$2y$10$ln0kP031O6px7JQIDxANC.F.UI1mcWuljYwsPWLBbW15g6WsDxU9.', 'student', 5, '2025-07-10 06:09:42', NULL, NULL),
(310, 'sourabhextra@gmail.com', '$2y$10$fdy/AgvO4i3GOq8xOxTjC.onSnjtYbgHYqYZPPZCERd5EVOHLa3K2', 'student', 5, '2025-07-10 06:35:16', NULL, NULL),
(311, 'sangeetha.nagvekar@gmail.com', '$2y$10$MMEGETb/jhsRiD3fKvLP..J7giWVyAXx76gWIShZrQQJ0ixkqU4a6', 'student', 5, '2025-07-10 06:36:36', NULL, NULL),
(312, 'adi.pramou@gmail.com', '$2y$10$UARPJuMZ3.NCm6schAk8qOHjv1mlgW8bKPsKzj7ZjhCMjk2vp8Bwa', 'student', 10, '2025-07-10 06:38:59', NULL, NULL),
(315, 'shreyaskatkarbgm@gmail.com', '$2y$10$PWhQVMDdGJB7d/VMdk/bMeWFRLA2iZrVmOXVMBLg/YmDyR1JIaW0i', 'student', 10, '2025-07-12 11:42:34', NULL, NULL),
(316, 'prathigowda.l2@gmail.com', '$2y$10$wF2lo7AIGRT2N8V2TvIDue2/t24KQpBY.bl3tJdOdRBF5koeu.aka', 'student', 10, '2025-07-12 12:02:58', NULL, NULL),
(317, 'shwethashet.90@gmail.com', '$2y$10$4riaEgX/WWuQmgazr6maTehrTWdFsb5PBKxLgAj6VeBCbiYD5knbe', 'student', 10, '2025-07-12 12:07:30', NULL, NULL),
(318, 'kallolapanigrahi@gmail.com', '$2y$10$0O0KAfivVU4MHZ2KENENJed9sn9tNqqZxjK6fQYDkpEKOTIYv8qvK', 'student', 2, '2025-07-12 12:15:59', NULL, NULL),
(319, 'as60488@gmail.com', '$2y$10$Chw.8a7jJsnTzstsjC3bk.XPv/wYBEmxYKqY8O.ts6BG8bed9SWZu', 'student', 10, '2025-07-13 12:36:41', NULL, NULL),
(322, 'sneharao.051@gmail.com', '$2y$10$2.8eBCTLjE6innSgl2GXue3iQJJYMa.v7eD/CbAOVlAjCUj2PYZo2', 'student', 3, '2025-06-18 11:52:14', NULL, NULL),
(323, 'teststudent@test.com', '$2y$10$E7CbgxUwsTDkDaPO2230BOD70HaPWjE7QibD0kDgTuYQFg97WyywC', 'student', 5, '2025-07-18 05:28:27', NULL, NULL),
(324, 'SMITHA.kb2004@GMAIL.COM', '$2y$10$Q2l7apxHRPC8haIIfuxG6uppGd/8Rn5/qsvI1ZDpKUySdfs/ziBaC', 'student', 3, '2025-08-01 09:07:24', NULL, NULL),
(325, 'mahesh.padamatinti@gmail.com', '$2y$10$6YBnHtOk8nLYy08x8VJLyOhxfdsdE8BEeic49tKYsICn9PnEqy..G', 'student', 10, '2025-08-02 06:10:53', NULL, NULL);

-- --------------------------------------------------------

--
-- Table structure for table `user_badges`
--

CREATE TABLE `user_badges` (
  `id` int(11) NOT NULL,
  `student_id` int(10) UNSIGNED NOT NULL,
  `badge_id` int(11) NOT NULL,
  `earned_at` datetime NOT NULL DEFAULT current_timestamp()
) ENGINE=InnoDB DEFAULT CHARSET=utf8mb4 COLLATE=utf8mb4_general_ci;

--
-- Dumping data for table `user_badges`
--

INSERT INTO `user_badges` (`id`, `student_id`, `badge_id`, `earned_at`) VALUES
(6, 178, 16, '2025-06-17 16:37:14'),
(9, 181, 16, '2025-06-17 16:37:14'),
(10, 182, 16, '2025-06-17 16:37:14'),
(11, 183, 16, '2025-06-17 16:37:14'),
(15, 187, 16, '2025-06-18 10:25:38'),
(16, 320, 16, '2025-06-18 11:52:47'),
(17, 189, 16, '2025-06-18 11:54:18'),
(18, 185, 16, '2025-06-19 05:34:06'),
(19, 201, 16, '2025-06-20 12:43:12'),
(20, 197, 16, '2025-06-20 12:43:32'),
(21, 200, 16, '2025-06-20 12:43:42'),
(22, 194, 16, '2025-06-20 12:43:57'),
(24, 199, 16, '2025-06-20 12:44:22'),
(26, 196, 16, '2025-06-20 12:45:08'),
(28, 195, 16, '2025-06-20 12:45:25'),
(29, 204, 16, '2025-06-20 12:45:36'),
(31, 205, 16, '2025-06-20 12:45:58'),
(32, 202, 16, '2025-06-20 12:46:06'),
(33, 198, 16, '2025-06-20 12:46:57'),
(35, 473, 16, '2025-06-28 08:00:41'),
(36, 476, 16, '2025-06-28 08:00:51'),
(37, 475, 16, '2025-06-28 11:33:44'),
(38, 449, 16, '2025-06-28 11:34:02'),
(39, 452, 16, '2025-06-28 11:34:16'),
(40, 479, 16, '2025-06-28 11:34:30'),
(41, 472, 16, '2025-06-28 11:34:41'),
(42, 453, 16, '2025-06-28 11:34:51'),
(43, 454, 16, '2025-06-28 11:35:36'),
(45, 477, 16, '2025-06-28 11:38:32'),
(46, 456, 16, '2025-06-28 11:38:48'),
(47, 481, 16, '2025-06-28 11:39:20'),
(48, 468, 16, '2025-06-28 11:40:10'),
(49, 457, 16, '2025-06-28 11:43:52'),
(50, 459, 16, '2025-06-28 11:44:05'),
(51, 469, 16, '2025-06-28 11:44:19'),
(52, 451, 16, '2025-06-28 11:44:27'),
(53, 450, 16, '2025-06-28 11:44:37'),
(54, 196, 1, '2025-06-28 11:47:50'),
(55, 320, 1, '2025-06-28 11:48:01'),
(56, 478, 16, '2025-06-28 11:49:57'),
(59, 461, 16, '2025-06-28 11:51:11'),
(60, 471, 16, '2025-06-28 11:54:05'),
(61, 462, 16, '2025-06-28 11:54:16'),
(64, 480, 16, '2025-06-28 11:57:57'),
(65, 474, 16, '2025-06-28 11:58:19'),
(66, 463, 16, '2025-06-28 11:58:39'),
(67, 470, 16, '2025-06-28 11:58:52'),
(68, 464, 16, '2025-06-28 11:59:12'),
(69, 464, 16, '2025-06-28 13:43:10'),
(70, 466, 16, '2025-06-28 13:43:33'),
(71, 467, 16, '2025-06-28 13:43:46'),
(72, 465, 16, '2025-06-28 13:44:00'),
(73, 486, 16, '2025-07-01 05:37:28'),
(74, 483, 16, '2025-07-01 05:37:42'),
(75, 485, 16, '2025-07-01 05:37:59'),
(76, 487, 16, '2025-07-01 06:03:24'),
(77, 488, 16, '2025-07-01 08:07:44'),
(78, 489, 16, '2025-07-09 07:46:32'),
(79, 490, 16, '2025-07-09 07:47:06'),
(80, 500, 16, '2025-07-22 13:02:51'),
(81, 501, 16, '2025-07-22 13:03:14'),
(82, 498, 16, '2025-07-22 13:03:26'),
(83, 491, 16, '2025-07-22 13:03:43'),
(84, 493, 16, '2025-07-22 13:03:58'),
(85, 494, 16, '2025-07-22 13:04:13'),
(86, 499, 16, '2025-07-22 13:04:31'),
(87, 496, 16, '2025-07-22 13:04:43'),
(88, 495, 16, '2025-07-22 13:05:02'),
(89, 473, 1, '2025-07-22 13:05:22'),
(90, 476, 1, '2025-07-22 13:05:31'),
(91, 504, 16, '2025-08-01 09:12:14');

-- --------------------------------------------------------

--
-- Table structure for table `video_completions`
--

CREATE TABLE `video_completions` (
  `id` int(11) NOT NULL,
  `student_id` int(11) NOT NULL,
  `video_id` int(11) NOT NULL,
  `watched_at` datetime NOT NULL DEFAULT current_timestamp()
) ENGINE=InnoDB DEFAULT CHARSET=utf8mb4 COLLATE=utf8mb4_general_ci;

--
-- Dumping data for table `video_completions`
--

INSERT INTO `video_completions` (`id`, `student_id`, `video_id`, `watched_at`) VALUES
(6, 447, 12, '2025-06-26 05:52:58');

-- --------------------------------------------------------

--
-- Table structure for table `video_quiz_questions`
--

CREATE TABLE `video_quiz_questions` (
  `id` int(11) NOT NULL,
  `video_id` int(11) NOT NULL,
  `question` text NOT NULL,
  `options_json` longtext CHARACTER SET utf8mb4 COLLATE utf8mb4_bin NOT NULL CHECK (json_valid(`options_json`)),
  `correct_index` tinyint(1) NOT NULL
) ENGINE=InnoDB DEFAULT CHARSET=utf8mb4 COLLATE=utf8mb4_general_ci;

--
-- Indexes for dumped tables
--

--
-- Indexes for table `admin_notifications`
--
ALTER TABLE `admin_notifications`
  ADD PRIMARY KEY (`id`);

--
-- Indexes for table `announcements`
--
ALTER TABLE `announcements`
  ADD PRIMARY KEY (`id`);

--
-- Indexes for table `art_groups`
--
ALTER TABLE `art_groups`
  ADD PRIMARY KEY (`id`),
  ADD UNIQUE KEY `slug` (`slug`);

--
-- Indexes for table `attendance`
--
ALTER TABLE `attendance`
  ADD PRIMARY KEY (`att_id`),
  ADD KEY `student_id` (`student_id`),
  ADD KEY `is_video_comp` (`is_video_comp`);

--
-- Indexes for table `audit_logs`
--
ALTER TABLE `audit_logs`
  ADD PRIMARY KEY (`log_id`),
  ADD KEY `user_id` (`user_id`),
  ADD KEY `table_name` (`table_name`);

--
-- Indexes for table `badges`
--
ALTER TABLE `badges`
  ADD PRIMARY KEY (`id`),
  ADD UNIQUE KEY `ux_badge_slug` (`slug`);

--
-- Indexes for table `centres`
--
ALTER TABLE `centres`
  ADD PRIMARY KEY (`id`);

--
-- Indexes for table `compensation_requests`
--
ALTER TABLE `compensation_requests`
  ADD PRIMARY KEY (`id`),
  ADD UNIQUE KEY `ux_user_absent` (`user_id`,`absent_date`),
  ADD KEY `user_id` (`user_id`),
  ADD KEY `requested_at` (`requested_at`);

--
-- Indexes for table `compensation_videos`
--
ALTER TABLE `compensation_videos`
  ADD PRIMARY KEY (`id`);

--
-- Indexes for table `homework_assigned`
--
ALTER TABLE `homework_assigned`
  ADD PRIMARY KEY (`id`),
  ADD UNIQUE KEY `uq_student_date_title` (`student_id`,`date_assigned`,`title`),
  ADD KEY `student_id` (`student_id`),
  ADD KEY `centre_id` (`centre_id`),
  ADD KEY `art_group_id` (`art_group_id`);

--
-- Indexes for table `homework_feedback`
--
ALTER TABLE `homework_feedback`
  ADD PRIMARY KEY (`assignment_id`,`student_id`);

--
-- Indexes for table `homework_rewards`
--
ALTER TABLE `homework_rewards`
  ADD PRIMARY KEY (`id`),
  ADD KEY `assignment_id` (`assignment_id`),
  ADD KEY `homework_rewards_ibfk_2` (`student_id`);

--
-- Indexes for table `homework_submissions`
--
ALTER TABLE `homework_submissions`
  ADD PRIMARY KEY (`id`),
  ADD KEY `assignment_id` (`assignment_id`),
  ADD KEY `student_id` (`student_id`);

--
-- Indexes for table `notifications`
--
ALTER TABLE `notifications`
  ADD PRIMARY KEY (`id`),
  ADD KEY `student_id` (`student_id`);

--
-- Indexes for table `password_resets`
--
ALTER TABLE `password_resets`
  ADD PRIMARY KEY (`id`),
  ADD KEY `email` (`email`),
  ADD KEY `token` (`token`);

--
-- Indexes for table `payments`
--
ALTER TABLE `payments`
  ADD PRIMARY KEY (`payment_id`),
  ADD KEY `student_id` (`student_id`);

--
-- Indexes for table `payment_plans`
--
ALTER TABLE `payment_plans`
  ADD PRIMARY KEY (`id`),
  ADD UNIQUE KEY `uq_pp` (`centre_id`,`art_group_id`,`duration_months`),
  ADD KEY `centre_id` (`centre_id`),
  ADD KEY `fk_pp_artgroup` (`art_group_id`);

--
-- Indexes for table `payment_proofs`
--
ALTER TABLE `payment_proofs`
  ADD PRIMARY KEY (`id`),
  ADD KEY `idx_payment_proofs_student` (`student_id`),
  ADD KEY `payment_id` (`payment_id`),
  ADD KEY `payment_id_2` (`payment_id`);

--
-- Indexes for table `payment_statuses`
--
ALTER TABLE `payment_statuses`
  ADD PRIMARY KEY (`id`);

--
-- Indexes for table `progress`
--
ALTER TABLE `progress`
  ADD PRIMARY KEY (`id`),
  ADD KEY `student_id` (`student_id`);

--
-- Indexes for table `progress_feedback`
--
ALTER TABLE `progress_feedback`
  ADD PRIMARY KEY (`id`),
  ADD KEY `progress_id` (`progress_id`);

--
-- Indexes for table `remark_templates`
--
ALTER TABLE `remark_templates`
  ADD PRIMARY KEY (`id`),
  ADD KEY `idx_category_grade` (`category_key`,`grade`);

--
-- Indexes for table `slots`
--
ALTER TABLE `slots`
  ADD PRIMARY KEY (`id`);

--
-- Indexes for table `stars`
--
ALTER TABLE `stars`
  ADD PRIMARY KEY (`student_id`);

--
-- Indexes for table `star_conversions`
--
ALTER TABLE `star_conversions`
  ADD PRIMARY KEY (`id`),
  ADD KEY `student_id` (`student_id`);

--
-- Indexes for table `star_history`
--
ALTER TABLE `star_history`
  ADD KEY `idx_event_date` (`event_date`);

--
-- Indexes for table `star_redemptions`
--
ALTER TABLE `star_redemptions`
  ADD PRIMARY KEY (`id`),
  ADD KEY `idx_starred_student` (`student_id`),
  ADD KEY `fk_starred_admin` (`processed_by`);

--
-- Indexes for table `students`
--
ALTER TABLE `students`
  ADD PRIMARY KEY (`id`),
  ADD UNIQUE KEY `email` (`email`),
  ADD KEY `user_id` (`user_id`),
  ADD KEY `fk_students_centres` (`centre_id`);

--
-- Indexes for table `student_promotions`
--
ALTER TABLE `student_promotions`
  ADD PRIMARY KEY (`id`),
  ADD UNIQUE KEY `unique_promotion` (`student_id`,`art_group_id`,`effective_date`),
  ADD UNIQUE KEY `unique_one_promotion_per_day` (`student_id`,`effective_date`),
  ADD KEY `idx_sp_student` (`student_id`),
  ADD KEY `idx_sp_artgroup` (`art_group_id`);

--
-- Indexes for table `student_subscriptions`
--
ALTER TABLE `student_subscriptions`
  ADD PRIMARY KEY (`id`),
  ADD KEY `student_id` (`student_id`),
  ADD KEY `plan_id` (`plan_id`);

--
-- Indexes for table `student_verifications`
--
ALTER TABLE `student_verifications`
  ADD PRIMARY KEY (`verification_id`),
  ADD KEY `student_id` (`student_id`);

--
-- Indexes for table `users`
--
ALTER TABLE `users`
  ADD PRIMARY KEY (`id`),
  ADD UNIQUE KEY `username` (`username`),
  ADD KEY `centre_id` (`centre_id`);

--
-- Indexes for table `user_badges`
--
ALTER TABLE `user_badges`
  ADD PRIMARY KEY (`id`),
  ADD KEY `idx_user_badges_student` (`student_id`),
  ADD KEY `idx_user_badges_badge` (`badge_id`);

--
-- Indexes for table `video_completions`
--
ALTER TABLE `video_completions`
  ADD PRIMARY KEY (`id`),
  ADD KEY `student_id` (`student_id`),
  ADD KEY `video_id` (`video_id`);

--
-- Indexes for table `video_quiz_questions`
--
ALTER TABLE `video_quiz_questions`
  ADD PRIMARY KEY (`id`),
  ADD KEY `video_id` (`video_id`);

--
-- AUTO_INCREMENT for dumped tables
--

--
-- AUTO_INCREMENT for table `admin_notifications`
--
ALTER TABLE `admin_notifications`
  MODIFY `id` int(11) NOT NULL AUTO_INCREMENT;

--
-- AUTO_INCREMENT for table `announcements`
--
ALTER TABLE `announcements`
  MODIFY `id` int(10) UNSIGNED NOT NULL AUTO_INCREMENT;

--
-- AUTO_INCREMENT for table `art_groups`
--
ALTER TABLE `art_groups`
  MODIFY `id` int(10) UNSIGNED NOT NULL AUTO_INCREMENT, AUTO_INCREMENT=12;

--
-- AUTO_INCREMENT for table `attendance`
--
ALTER TABLE `attendance`
  MODIFY `att_id` int(10) UNSIGNED NOT NULL AUTO_INCREMENT, AUTO_INCREMENT=1203;

--
-- AUTO_INCREMENT for table `audit_logs`
--
ALTER TABLE `audit_logs`
  MODIFY `log_id` int(10) UNSIGNED NOT NULL AUTO_INCREMENT, AUTO_INCREMENT=53;

--
-- AUTO_INCREMENT for table `badges`
--
ALTER TABLE `badges`
  MODIFY `id` int(11) NOT NULL AUTO_INCREMENT, AUTO_INCREMENT=17;

--
-- AUTO_INCREMENT for table `centres`
--
ALTER TABLE `centres`
  MODIFY `id` int(10) UNSIGNED NOT NULL AUTO_INCREMENT, AUTO_INCREMENT=11;

--
-- AUTO_INCREMENT for table `compensation_requests`
--
ALTER TABLE `compensation_requests`
  MODIFY `id` int(11) NOT NULL AUTO_INCREMENT, AUTO_INCREMENT=79;

--
-- AUTO_INCREMENT for table `compensation_videos`
--
ALTER TABLE `compensation_videos`
  MODIFY `id` int(11) NOT NULL AUTO_INCREMENT, AUTO_INCREMENT=15;

--
-- AUTO_INCREMENT for table `homework_assigned`
--
ALTER TABLE `homework_assigned`
  MODIFY `id` int(10) UNSIGNED NOT NULL AUTO_INCREMENT, AUTO_INCREMENT=516;

--
-- AUTO_INCREMENT for table `homework_rewards`
--
ALTER TABLE `homework_rewards`
  MODIFY `id` int(10) UNSIGNED NOT NULL AUTO_INCREMENT, AUTO_INCREMENT=4;

--
-- AUTO_INCREMENT for table `homework_submissions`
--
ALTER TABLE `homework_submissions`
  MODIFY `id` int(10) UNSIGNED NOT NULL AUTO_INCREMENT, AUTO_INCREMENT=2198;

--
-- AUTO_INCREMENT for table `notifications`
--
ALTER TABLE `notifications`
  MODIFY `id` int(11) NOT NULL AUTO_INCREMENT, AUTO_INCREMENT=726;

--
-- AUTO_INCREMENT for table `password_resets`
--
ALTER TABLE `password_resets`
  MODIFY `id` int(11) NOT NULL AUTO_INCREMENT, AUTO_INCREMENT=2;

--
-- AUTO_INCREMENT for table `payments`
--
ALTER TABLE `payments`
  MODIFY `payment_id` int(10) UNSIGNED NOT NULL AUTO_INCREMENT, AUTO_INCREMENT=981;

--
-- AUTO_INCREMENT for table `payment_plans`
--
ALTER TABLE `payment_plans`
  MODIFY `id` int(10) UNSIGNED NOT NULL AUTO_INCREMENT, AUTO_INCREMENT=141;

--
-- AUTO_INCREMENT for table `payment_proofs`
--
ALTER TABLE `payment_proofs`
  MODIFY `id` int(11) UNSIGNED NOT NULL AUTO_INCREMENT, AUTO_INCREMENT=340;

--
-- AUTO_INCREMENT for table `payment_statuses`
--
ALTER TABLE `payment_statuses`
  MODIFY `id` int(11) NOT NULL AUTO_INCREMENT, AUTO_INCREMENT=7;

--
-- AUTO_INCREMENT for table `progress`
--
ALTER TABLE `progress`
  MODIFY `id` int(10) UNSIGNED NOT NULL AUTO_INCREMENT, AUTO_INCREMENT=64;

--
-- AUTO_INCREMENT for table `progress_feedback`
--
ALTER TABLE `progress_feedback`
  MODIFY `id` int(10) UNSIGNED NOT NULL AUTO_INCREMENT;

--
-- AUTO_INCREMENT for table `remark_templates`
--
ALTER TABLE `remark_templates`
  MODIFY `id` int(10) UNSIGNED NOT NULL AUTO_INCREMENT, AUTO_INCREMENT=33;

--
-- AUTO_INCREMENT for table `star_conversions`
--
ALTER TABLE `star_conversions`
  MODIFY `id` int(10) UNSIGNED NOT NULL AUTO_INCREMENT;

--
-- AUTO_INCREMENT for table `star_redemptions`
--
ALTER TABLE `star_redemptions`
  MODIFY `id` int(11) NOT NULL AUTO_INCREMENT, AUTO_INCREMENT=5;

--
-- AUTO_INCREMENT for table `students`
--
ALTER TABLE `students`
  MODIFY `id` int(10) UNSIGNED NOT NULL AUTO_INCREMENT, AUTO_INCREMENT=506;

--
-- AUTO_INCREMENT for table `student_promotions`
--
ALTER TABLE `student_promotions`
  MODIFY `id` int(10) UNSIGNED NOT NULL AUTO_INCREMENT, AUTO_INCREMENT=171;

--
-- AUTO_INCREMENT for table `student_subscriptions`
--
ALTER TABLE `student_subscriptions`
  MODIFY `id` int(10) UNSIGNED NOT NULL AUTO_INCREMENT, AUTO_INCREMENT=321;

--
-- AUTO_INCREMENT for table `student_verifications`
--
ALTER TABLE `student_verifications`
  MODIFY `verification_id` int(10) UNSIGNED NOT NULL AUTO_INCREMENT;

--
-- AUTO_INCREMENT for table `users`
--
ALTER TABLE `users`
  MODIFY `id` int(10) UNSIGNED NOT NULL AUTO_INCREMENT, AUTO_INCREMENT=326;

--
-- AUTO_INCREMENT for table `user_badges`
--
ALTER TABLE `user_badges`
  MODIFY `id` int(11) NOT NULL AUTO_INCREMENT, AUTO_INCREMENT=92;

--
-- AUTO_INCREMENT for table `video_completions`
--
ALTER TABLE `video_completions`
  MODIFY `id` int(11) NOT NULL AUTO_INCREMENT, AUTO_INCREMENT=7;

--
-- AUTO_INCREMENT for table `video_quiz_questions`
--
ALTER TABLE `video_quiz_questions`
  MODIFY `id` int(11) NOT NULL AUTO_INCREMENT, AUTO_INCREMENT=9;

--
-- Constraints for dumped tables
--

--
-- Constraints for table `homework_assigned`
--
ALTER TABLE `homework_assigned`
  ADD CONSTRAINT `homework_assigned_ibfk_1` FOREIGN KEY (`student_id`) REFERENCES `students` (`id`) ON DELETE CASCADE;

--
-- Constraints for table `homework_rewards`
--
ALTER TABLE `homework_rewards`
  ADD CONSTRAINT `homework_rewards_ibfk_1` FOREIGN KEY (`assignment_id`) REFERENCES `homework_assigned` (`id`) ON DELETE CASCADE,
  ADD CONSTRAINT `homework_rewards_ibfk_2` FOREIGN KEY (`student_id`) REFERENCES `students` (`id`) ON DELETE CASCADE;

--
-- Constraints for table `homework_submissions`
--
ALTER TABLE `homework_submissions`
  ADD CONSTRAINT `homework_submissions_ibfk_1` FOREIGN KEY (`assignment_id`) REFERENCES `homework_assigned` (`id`) ON DELETE CASCADE ON UPDATE CASCADE,
  ADD CONSTRAINT `homework_submissions_ibfk_2` FOREIGN KEY (`student_id`) REFERENCES `students` (`id`) ON DELETE CASCADE;

--
-- Constraints for table `payment_plans`
--
ALTER TABLE `payment_plans`
  ADD CONSTRAINT `fk_pp_artgroup` FOREIGN KEY (`art_group_id`) REFERENCES `art_groups` (`id`) ON UPDATE CASCADE;

--
-- Constraints for table `payment_proofs`
--
ALTER TABLE `payment_proofs`
  ADD CONSTRAINT `fk_payment_proofs_payment` FOREIGN KEY (`payment_id`) REFERENCES `payments` (`payment_id`) ON DELETE CASCADE,
  ADD CONSTRAINT `fk_proofs_payment` FOREIGN KEY (`payment_id`) REFERENCES `payments` (`payment_id`) ON DELETE CASCADE;

--
-- Constraints for table `stars`
--
ALTER TABLE `stars`
  ADD CONSTRAINT `fk_stars_students` FOREIGN KEY (`student_id`) REFERENCES `students` (`id`) ON DELETE CASCADE;

--
-- Constraints for table `star_conversions`
--
ALTER TABLE `star_conversions`
  ADD CONSTRAINT `fk_conv_student` FOREIGN KEY (`student_id`) REFERENCES `students` (`id`) ON DELETE CASCADE;

--
-- Constraints for table `star_redemptions`
--
ALTER TABLE `star_redemptions`
  ADD CONSTRAINT `fk_starred_admin` FOREIGN KEY (`processed_by`) REFERENCES `users` (`id`) ON DELETE SET NULL,
  ADD CONSTRAINT `fk_starred_student` FOREIGN KEY (`student_id`) REFERENCES `students` (`id`) ON DELETE CASCADE;

--
-- Constraints for table `student_promotions`
--
ALTER TABLE `student_promotions`
  ADD CONSTRAINT `fk_art_group` FOREIGN KEY (`art_group_id`) REFERENCES `art_groups` (`id`),
  ADD CONSTRAINT `fk_sp_artgroup` FOREIGN KEY (`art_group_id`) REFERENCES `art_groups` (`id`) ON UPDATE CASCADE,
  ADD CONSTRAINT `fk_sp_student` FOREIGN KEY (`student_id`) REFERENCES `students` (`id`) ON DELETE CASCADE ON UPDATE CASCADE,
  ADD CONSTRAINT `fk_student` FOREIGN KEY (`student_id`) REFERENCES `students` (`id`) ON DELETE CASCADE;

--
-- Constraints for table `user_badges`
--
ALTER TABLE `user_badges`
  ADD CONSTRAINT `fk_userbadges_badges` FOREIGN KEY (`badge_id`) REFERENCES `badges` (`id`) ON DELETE CASCADE ON UPDATE CASCADE,
  ADD CONSTRAINT `fk_userbadges_students` FOREIGN KEY (`student_id`) REFERENCES `students` (`id`) ON DELETE CASCADE ON UPDATE CASCADE;

--
-- Constraints for table `video_completions`
--
ALTER TABLE `video_completions`
  ADD CONSTRAINT `video_completions_ibfk_1` FOREIGN KEY (`video_id`) REFERENCES `compensation_videos` (`id`);

--
-- Constraints for table `video_quiz_questions`
--
ALTER TABLE `video_quiz_questions`
  ADD CONSTRAINT `video_quiz_questions_ibfk_1` FOREIGN KEY (`video_id`) REFERENCES `compensation_videos` (`id`);
COMMIT;

/*!40101 SET CHARACTER_SET_CLIENT=@OLD_CHARACTER_SET_CLIENT */;
/*!40101 SET CHARACTER_SET_RESULTS=@OLD_CHARACTER_SET_RESULTS */;
/*!40101 SET COLLATION_CONNECTION=@OLD_COLLATION_CONNECTION */;
